name	emotion
/kaggle/input/ased-main/ASED_V1-main/03Happy/h3-05-01-02-55.wav	03Happy
/kaggle/input/ased-main/ASED_V1-main/04Sad/s4-06-02-01-13.wav	04Sad
/kaggle/input/ased-main/ASED_V1-main/03Happy/h3-04-01-02-45.wav	03Happy
/kaggle/input/ased-main/ASED_V1-main/01Neutral/n1-04-02-01-05.wav	01Neutral
/kaggle/input/ased-main/ASED_V1-main/04Sad/s4-05-01-02-39.wav	04Sad
/kaggle/input/ased-main/ASED_V1-main/03Happy/h3-04-01-01-05.wav	03Happy
/kaggle/input/ased-main/ASED_V1-main/04Sad/s4-02-01-02-41.wav	04Sad
/kaggle/input/ased-main/ASED_V1-main/01Neutral/n1-05-01-01-21.wav	01Neutral
/kaggle/input/ased-main/ASED_V1-main/03Happy/h3-02-02-01-29.wav	03Happy
/kaggle/input/ased-main/ASED_V1-main/03Happy/h3-07-02-02-10.wav	03Happy
/kaggle/input/ased-main/ASED_V1-main/04Sad/s4-05-01-02-52.wav	04Sad
/kaggle/input/ased-main/ASED_V1-main/05Angry/a5-04-01-02-60.wav	05Angry
/kaggle/input/ased-main/ASED_V1-main/05Angry/a5-02-01-02-02.wav	05Angry
/kaggle/input/ased-main/ASED_V1-main/01Neutral/n1-01-02-02-20.wav	01Neutral
/kaggle/input/ased-main/ASED_V1-main/05Angry/a5-05-01-02-50.wav	05Angry
/kaggle/input/ased-main/ASED_V1-main/04Sad/s4-03-02-02-55.wav	04Sad
/kaggle/input/ased-main/ASED_V1-main/02Fearful/f2-07-01-01-27.wav	02Fearful
/kaggle/input/ased-main/ASED_V1-main/02Fearful/f2-06-02-02-65.wav	02Fearful
/kaggle/input/ased-main/ASED_V1-main/05Angry/a5-03-02-02-51.wav	05Angry
/kaggle/input/ased-main/ASED_V1-main/02Fearful/f2-04-01-01-29.wav	02Fearful
/kaggle/input/ased-main/ASED_V1-main/03Happy/h3-02-02-01-13.wav	03Happy
/kaggle/input/ased-main/ASED_V1-main/04Sad/s4-01-01-02-39.wav	04Sad
/kaggle/input/ased-main/ASED_V1-main/04Sad/s4-04-02-01-21.wav	04Sad
/kaggle/input/ased-main/ASED_V1-main/02Fearful/f2-07-01-02-10.wav	02Fearful
/kaggle/input/ased-main/ASED_V1-main/05Angry/a5-07-02-01-29.wav	05Angry
/kaggle/input/ased-main/ASED_V1-main/05Angry/a5-05-01-02-51.wav	05Angry
/kaggle/input/ased-main/ASED_V1-main/03Happy/h3-04-01-02-61.wav	03Happy
/kaggle/input/ased-main/ASED_V1-main/02Fearful/f2-01-02-02-40.wav	02Fearful
/kaggle/input/ased-main/ASED_V1-main/01Neutral/n1-03-01-01-27.wav	01Neutral
/kaggle/input/ased-main/ASED_V1-main/05Angry/a5-07-02-02-60.wav	05Angry
/kaggle/input/ased-main/ASED_V1-main/01Neutral/n1-06-01-02-50.wav	01Neutral
/kaggle/input/ased-main/ASED_V1-main/01Neutral/n1-02-02-01-25.wav	01Neutral
/kaggle/input/ased-main/ASED_V1-main/03Happy/h3-06-01-02-64.wav	03Happy
/kaggle/input/ased-main/ASED_V1-main/05Angry/a5-07-01-02-55.wav	05Angry
/kaggle/input/ased-main/ASED_V1-main/01Neutral/n1-01-01-01-47.wav	01Neutral
/kaggle/input/ased-main/ASED_V1-main/02Fearful/f2-03-01-01-13.wav	02Fearful
/kaggle/input/ased-main/ASED_V1-main/01Neutral/n1-06-01-01-31.wav	01Neutral
/kaggle/input/ased-main/ASED_V1-main/04Sad/s4-03-01-02-06.wav	04Sad
/kaggle/input/ased-main/ASED_V1-main/01Neutral/n1-02-01-01-21.wav	01Neutral
/kaggle/input/ased-main/ASED_V1-main/01Neutral/n1-04-01-02-59.wav	01Neutral
/kaggle/input/ased-main/ASED_V1-main/01Neutral/n1-03-02-02-57.wav	01Neutral
/kaggle/input/ased-main/ASED_V1-main/02Fearful/f2-05-02-01-13.wav	02Fearful
/kaggle/input/ased-main/ASED_V1-main/01Neutral/n1-02-02-01-05.wav	01Neutral
/kaggle/input/ased-main/ASED_V1-main/05Angry/a5-05-01-02-26.wav	05Angry
/kaggle/input/ased-main/ASED_V1-main/02Fearful/f2-06-02-01-48.wav	02Fearful
/kaggle/input/ased-main/ASED_V1-main/01Neutral/n1-01-02-02-32.wav	01Neutral
/kaggle/input/ased-main/ASED_V1-main/01Neutral/n1-01-02-02-38.wav	01Neutral
/kaggle/input/ased-main/ASED_V1-main/04Sad/s4-07-01-01-01.wav	04Sad
/kaggle/input/ased-main/ASED_V1-main/02Fearful/f2-05-02-01-01.wav	02Fearful
/kaggle/input/ased-main/ASED_V1-main/02Fearful/f2-05-01-02-41.wav	02Fearful
/kaggle/input/ased-main/ASED_V1-main/03Happy/h3-02-02-01-47.wav	03Happy
/kaggle/input/ased-main/ASED_V1-main/05Angry/a5-03-02-01-11.wav	05Angry
/kaggle/input/ased-main/ASED_V1-main/04Sad/s4-04-02-01-62.wav	04Sad
/kaggle/input/ased-main/ASED_V1-main/03Happy/h3-04-02-02-55.wav	03Happy
/kaggle/input/ased-main/ASED_V1-main/05Angry/a5-07-02-02-55.wav	05Angry
/kaggle/input/ased-main/ASED_V1-main/03Happy/h3-05-02-02-54.wav	03Happy
/kaggle/input/ased-main/ASED_V1-main/01Neutral/n1-07-01-01-58.wav	01Neutral
/kaggle/input/ased-main/ASED_V1-main/01Neutral/n1-03-01-02-30.wav	01Neutral
/kaggle/input/ased-main/ASED_V1-main/04Sad/s4-01-02-01-01.wav	04Sad
/kaggle/input/ased-main/ASED_V1-main/05Angry/a5-04-01-02-30.wav	05Angry
/kaggle/input/ased-main/ASED_V1-main/05Angry/a5-06-02-02-56.wav	05Angry
/kaggle/input/ased-main/ASED_V1-main/05Angry/a5-05-02-01-25.wav	05Angry
/kaggle/input/ased-main/ASED_V1-main/03Happy/h3-02-02-02-50.wav	03Happy
/kaggle/input/ased-main/ASED_V1-main/05Angry/a5-03-01-02-53.wav	05Angry
/kaggle/input/ased-main/ASED_V1-main/05Angry/a5-04-02-02-45.wav	05Angry
/kaggle/input/ased-main/ASED_V1-main/04Sad/s4-07-02-02-50.wav	04Sad
/kaggle/input/ased-main/ASED_V1-main/03Happy/h3-02-01-01-47.wav	03Happy
/kaggle/input/ased-main/ASED_V1-main/05Angry/a5-03-02-01-62.wav	05Angry
/kaggle/input/ased-main/ASED_V1-main/01Neutral/n1-01-01-02-12.wav	01Neutral
/kaggle/input/ased-main/ASED_V1-main/04Sad/s4-01-02-02-26.wav	04Sad
/kaggle/input/ased-main/ASED_V1-main/05Angry/a5-01-01-01-03.wav	05Angry
/kaggle/input/ased-main/ASED_V1-main/05Angry/a5-02-01-02-06.wav	05Angry
/kaggle/input/ased-main/ASED_V1-main/02Fearful/f2-02-02-02-32.wav	02Fearful
/kaggle/input/ased-main/ASED_V1-main/04Sad/s4-06-01-01-01.wav	04Sad
/kaggle/input/ased-main/ASED_V1-main/01Neutral/n1-07-01-02-28.wav	01Neutral
/kaggle/input/ased-main/ASED_V1-main/02Fearful/f2-07-01-02-63.wav	02Fearful
/kaggle/input/ased-main/ASED_V1-main/04Sad/s4-07-01-02-64.wav	04Sad
/kaggle/input/ased-main/ASED_V1-main/01Neutral/n1-02-01-02-46.wav	01Neutral
/kaggle/input/ased-main/ASED_V1-main/02Fearful/f2-04-02-02-61.wav	02Fearful
/kaggle/input/ased-main/ASED_V1-main/03Happy/h3-04-02-02-20.wav	03Happy
/kaggle/input/ased-main/ASED_V1-main/01Neutral/n1-07-02-02-60.wav	01Neutral
/kaggle/input/ased-main/ASED_V1-main/02Fearful/f2-06-02-02-26.wav	02Fearful
/kaggle/input/ased-main/ASED_V1-main/01Neutral/n1-07-01-02-20.wav	01Neutral
/kaggle/input/ased-main/ASED_V1-main/04Sad/s4-04-01-02-54.wav	04Sad
/kaggle/input/ased-main/ASED_V1-main/05Angry/a5-05-01-02-59.wav	05Angry
/kaggle/input/ased-main/ASED_V1-main/05Angry/a5-06-01-02-51.wav	05Angry
/kaggle/input/ased-main/ASED_V1-main/02Fearful/f2-06-02-01-01.wav	02Fearful
/kaggle/input/ased-main/ASED_V1-main/03Happy/h3-07-01-01-11.wav	03Happy
/kaggle/input/ased-main/ASED_V1-main/01Neutral/n1-02-02-01-13.wav	01Neutral
/kaggle/input/ased-main/ASED_V1-main/02Fearful/f2-02-01-02-04.wav	02Fearful
/kaggle/input/ased-main/ASED_V1-main/01Neutral/n1-05-02-01-25.wav	01Neutral
/kaggle/input/ased-main/ASED_V1-main/04Sad/s4-03-01-02-64.wav	04Sad
/kaggle/input/ased-main/ASED_V1-main/01Neutral/n1-01-02-02-41.wav	01Neutral
/kaggle/input/ased-main/ASED_V1-main/03Happy/h3-01-01-01-29.wav	03Happy
/kaggle/input/ased-main/ASED_V1-main/01Neutral/n1-01-01-01-09.wav	01Neutral
/kaggle/input/ased-main/ASED_V1-main/05Angry/a5-02-02-01-01.wav	05Angry
/kaggle/input/ased-main/ASED_V1-main/01Neutral/n1-01-02-02-39.wav	01Neutral
/kaggle/input/ased-main/ASED_V1-main/04Sad/s4-02-02-02-32.wav	04Sad
/kaggle/input/ased-main/ASED_V1-main/04Sad/s4-05-01-02-61.wav	04Sad
/kaggle/input/ased-main/ASED_V1-main/03Happy/h3-06-01-02-54.wav	03Happy
/kaggle/input/ased-main/ASED_V1-main/01Neutral/n1-05-01-02-54.wav	01Neutral
/kaggle/input/ased-main/ASED_V1-main/02Fearful/f2-03-01-02-56.wav	02Fearful
/kaggle/input/ased-main/ASED_V1-main/04Sad/s4-06-02-01-11.wav	04Sad
/kaggle/input/ased-main/ASED_V1-main/05Angry/a5-03-02-01-21.wav	05Angry
/kaggle/input/ased-main/ASED_V1-main/04Sad/s4-01-01-02-41.wav	04Sad
/kaggle/input/ased-main/ASED_V1-main/02Fearful/f2-03-02-02-56.wav	02Fearful
/kaggle/input/ased-main/ASED_V1-main/03Happy/h3-04-01-02-04.wav	03Happy
/kaggle/input/ased-main/ASED_V1-main/05Angry/a5-07-01-02-30.wav	05Angry
/kaggle/input/ased-main/ASED_V1-main/05Angry/a5-05-01-01-11.wav	05Angry
/kaggle/input/ased-main/ASED_V1-main/01Neutral/n1-03-01-02-59.wav	01Neutral
/kaggle/input/ased-main/ASED_V1-main/03Happy/h3-06-01-02-20.wav	03Happy
/kaggle/input/ased-main/ASED_V1-main/05Angry/a5-05-02-02-26.wav	05Angry
/kaggle/input/ased-main/ASED_V1-main/01Neutral/n1-02-01-02-26.wav	01Neutral
/kaggle/input/ased-main/ASED_V1-main/04Sad/s4-06-01-01-05.wav	04Sad
/kaggle/input/ased-main/ASED_V1-main/04Sad/s4-05-01-01-21.wav	04Sad
/kaggle/input/ased-main/ASED_V1-main/04Sad/s4-07-01-02-50.wav	04Sad
/kaggle/input/ased-main/ASED_V1-main/01Neutral/n1-03-02-01-62.wav	01Neutral
/kaggle/input/ased-main/ASED_V1-main/04Sad/s4-03-02-02-56.wav	04Sad
/kaggle/input/ased-main/ASED_V1-main/01Neutral/n1-07-01-01-13.wav	01Neutral
/kaggle/input/ased-main/ASED_V1-main/05Angry/a5-02-02-01-37.wav	05Angry
/kaggle/input/ased-main/ASED_V1-main/04Sad/s4-04-01-02-63.wav	04Sad
/kaggle/input/ased-main/ASED_V1-main/02Fearful/f2-07-02-02-55.wav	02Fearful
/kaggle/input/ased-main/ASED_V1-main/04Sad/s4-05-02-01-05.wav	04Sad
/kaggle/input/ased-main/ASED_V1-main/04Sad/s4-03-02-01-48.wav	04Sad
/kaggle/input/ased-main/ASED_V1-main/01Neutral/n1-01-02-02-04.wav	01Neutral
/kaggle/input/ased-main/ASED_V1-main/02Fearful/f2-07-02-02-20.wav	02Fearful
/kaggle/input/ased-main/ASED_V1-main/05Angry/a5-05-02-02-20.wav	05Angry
/kaggle/input/ased-main/ASED_V1-main/03Happy/h3-02-01-02-18.wav	03Happy
/kaggle/input/ased-main/ASED_V1-main/05Angry/a5-05-01-02-41.wav	05Angry
/kaggle/input/ased-main/ASED_V1-main/04Sad/s4-04-02-02-64.wav	04Sad
/kaggle/input/ased-main/ASED_V1-main/03Happy/h3-04-01-01-62.wav	03Happy
/kaggle/input/ased-main/ASED_V1-main/03Happy/h3-03-01-01-48.wav	03Happy
/kaggle/input/ased-main/ASED_V1-main/02Fearful/f2-02-01-02-38.wav	02Fearful
/kaggle/input/ased-main/ASED_V1-main/02Fearful/f2-02-01-02-50.wav	02Fearful
/kaggle/input/ased-main/ASED_V1-main/03Happy/h3-07-02-01-01.wav	03Happy
/kaggle/input/ased-main/ASED_V1-main/01Neutral/n1-05-02-02-20.wav	01Neutral
/kaggle/input/ased-main/ASED_V1-main/05Angry/a5-03-01-02-63.wav	05Angry
/kaggle/input/ased-main/ASED_V1-main/04Sad/s4-05-01-02-30.wav	04Sad
/kaggle/input/ased-main/ASED_V1-main/01Neutral/n1-03-02-02-10.wav	01Neutral
/kaggle/input/ased-main/ASED_V1-main/05Angry/a5-01-01-02-41.wav	05Angry
/kaggle/input/ased-main/ASED_V1-main/01Neutral/n1-02-02-01-01.wav	01Neutral
/kaggle/input/ased-main/ASED_V1-main/02Fearful/f2-06-01-01-13.wav	02Fearful
/kaggle/input/ased-main/ASED_V1-main/03Happy/h3-06-01-02-55.wav	03Happy
/kaggle/input/ased-main/ASED_V1-main/03Happy/h3-07-01-02-30.wav	03Happy
/kaggle/input/ased-main/ASED_V1-main/02Fearful/f2-05-01-02-55.wav	02Fearful
/kaggle/input/ased-main/ASED_V1-main/03Happy/h3-05-02-02-04.wav	03Happy
/kaggle/input/ased-main/ASED_V1-main/05Angry/a5-07-02-02-64.wav	05Angry
/kaggle/input/ased-main/ASED_V1-main/04Sad/s4-02-01-02-24.wav	04Sad
/kaggle/input/ased-main/ASED_V1-main/02Fearful/f2-05-02-02-51.wav	02Fearful
/kaggle/input/ased-main/ASED_V1-main/04Sad/s4-04-02-01-31.wav	04Sad
/kaggle/input/ased-main/ASED_V1-main/03Happy/h3-07-02-01-11.wav	03Happy
/kaggle/input/ased-main/ASED_V1-main/03Happy/h3-03-02-02-56.wav	03Happy
/kaggle/input/ased-main/ASED_V1-main/01Neutral/n1-06-02-01-11.wav	01Neutral
/kaggle/input/ased-main/ASED_V1-main/03Happy/h3-01-01-02-24.wav	03Happy
/kaggle/input/ased-main/ASED_V1-main/03Happy/h3-03-02-02-52.wav	03Happy
/kaggle/input/ased-main/ASED_V1-main/03Happy/h3-04-02-02-54.wav	03Happy
/kaggle/input/ased-main/ASED_V1-main/05Angry/a5-05-02-02-64.wav	05Angry
/kaggle/input/ased-main/ASED_V1-main/01Neutral/n1-06-01-01-23.wav	01Neutral
/kaggle/input/ased-main/ASED_V1-main/04Sad/s4-02-02-01-07.wav	04Sad
/kaggle/input/ased-main/ASED_V1-main/04Sad/s4-01-01-01-07.wav	04Sad
/kaggle/input/ased-main/ASED_V1-main/02Fearful/f2-07-01-01-13.wav	02Fearful
/kaggle/input/ased-main/ASED_V1-main/05Angry/a5-01-02-02-18.wav	05Angry
/kaggle/input/ased-main/ASED_V1-main/01Neutral/n1-02-01-02-12.wav	01Neutral
/kaggle/input/ased-main/ASED_V1-main/04Sad/s4-06-01-01-62.wav	04Sad
/kaggle/input/ased-main/ASED_V1-main/01Neutral/n1-02-01-02-16.wav	01Neutral
/kaggle/input/ased-main/ASED_V1-main/03Happy/h3-05-01-01-13.wav	03Happy
/kaggle/input/ased-main/ASED_V1-main/05Angry/a5-05-01-01-13.wav	05Angry
/kaggle/input/ased-main/ASED_V1-main/04Sad/s4-03-02-02-06.wav	04Sad
/kaggle/input/ased-main/ASED_V1-main/04Sad/s4-01-02-01-29.wav	04Sad
/kaggle/input/ased-main/ASED_V1-main/02Fearful/f2-01-02-01-29.wav	02Fearful
/kaggle/input/ased-main/ASED_V1-main/05Angry/a5-02-01-01-27.wav	05Angry
/kaggle/input/ased-main/ASED_V1-main/01Neutral/n1-03-02-02-39.wav	01Neutral
/kaggle/input/ased-main/ASED_V1-main/02Fearful/f2-03-02-02-04.wav	02Fearful
/kaggle/input/ased-main/ASED_V1-main/02Fearful/f2-04-02-02-53.wav	02Fearful
/kaggle/input/ased-main/ASED_V1-main/04Sad/s4-03-02-02-45.wav	04Sad
/kaggle/input/ased-main/ASED_V1-main/02Fearful/f2-04-01-02-57.wav	02Fearful
/kaggle/input/ased-main/ASED_V1-main/03Happy/h3-06-02-02-54.wav	03Happy
/kaggle/input/ased-main/ASED_V1-main/02Fearful/f2-06-01-01-11.wav	02Fearful
/kaggle/input/ased-main/ASED_V1-main/03Happy/h3-07-02-02-57.wav	03Happy
/kaggle/input/ased-main/ASED_V1-main/02Fearful/f2-02-02-02-12.wav	02Fearful
/kaggle/input/ased-main/ASED_V1-main/01Neutral/n1-02-02-02-08.wav	01Neutral
/kaggle/input/ased-main/ASED_V1-main/04Sad/s4-07-02-02-65.wav	04Sad
/kaggle/input/ased-main/ASED_V1-main/01Neutral/n1-07-01-02-54.wav	01Neutral
/kaggle/input/ased-main/ASED_V1-main/01Neutral/n1-05-02-02-28.wav	01Neutral
/kaggle/input/ased-main/ASED_V1-main/01Neutral/n1-01-02-02-24.wav	01Neutral
/kaggle/input/ased-main/ASED_V1-main/02Fearful/f2-02-01-02-40.wav	02Fearful
/kaggle/input/ased-main/ASED_V1-main/05Angry/a5-05-01-01-27.wav	05Angry
/kaggle/input/ased-main/ASED_V1-main/05Angry/a5-03-01-02-10.wav	05Angry
/kaggle/input/ased-main/ASED_V1-main/05Angry/a5-04-02-02-28.wav	05Angry
/kaggle/input/ased-main/ASED_V1-main/02Fearful/f2-05-02-02-50.wav	02Fearful
/kaggle/input/ased-main/ASED_V1-main/03Happy/h3-07-01-01-25.wav	03Happy
/kaggle/input/ased-main/ASED_V1-main/03Happy/h3-03-02-02-64.wav	03Happy
/kaggle/input/ased-main/ASED_V1-main/02Fearful/f2-02-01-02-06.wav	02Fearful
/kaggle/input/ased-main/ASED_V1-main/02Fearful/f2-06-02-02-60.wav	02Fearful
/kaggle/input/ased-main/ASED_V1-main/05Angry/a5-02-02-02-50.wav	05Angry
/kaggle/input/ased-main/ASED_V1-main/01Neutral/n1-07-01-01-01.wav	01Neutral
/kaggle/input/ased-main/ASED_V1-main/05Angry/a5-02-02-01-09.wav	05Angry
/kaggle/input/ased-main/ASED_V1-main/02Fearful/f2-04-01-02-30.wav	02Fearful
/kaggle/input/ased-main/ASED_V1-main/02Fearful/f2-01-01-02-39.wav	02Fearful
/kaggle/input/ased-main/ASED_V1-main/04Sad/s4-01-02-02-32.wav	04Sad
/kaggle/input/ased-main/ASED_V1-main/01Neutral/n1-01-01-02-08.wav	01Neutral
/kaggle/input/ased-main/ASED_V1-main/01Neutral/n1-04-02-01-31.wav	01Neutral
/kaggle/input/ased-main/ASED_V1-main/05Angry/a5-01-01-02-30.wav	05Angry
/kaggle/input/ased-main/ASED_V1-main/01Neutral/n1-01-02-01-01.wav	01Neutral
/kaggle/input/ased-main/ASED_V1-main/03Happy/h3-03-02-02-50.wav	03Happy
/kaggle/input/ased-main/ASED_V1-main/05Angry/a5-03-02-02-53.wav	05Angry
/kaggle/input/ased-main/ASED_V1-main/01Neutral/n1-04-01-02-54.wav	01Neutral
/kaggle/input/ased-main/ASED_V1-main/04Sad/s4-01-02-02-09.wav	04Sad
/kaggle/input/ased-main/ASED_V1-main/04Sad/s4-06-02-02-51.wav	04Sad
/kaggle/input/ased-main/ASED_V1-main/03Happy/h3-03-01-02-55.wav	03Happy
/kaggle/input/ased-main/ASED_V1-main/01Neutral/n1-07-02-01-62.wav	01Neutral
/kaggle/input/ased-main/ASED_V1-main/03Happy/h3-06-02-02-04.wav	03Happy
/kaggle/input/ased-main/ASED_V1-main/05Angry/a5-07-01-02-06.wav	05Angry
/kaggle/input/ased-main/ASED_V1-main/03Happy/h3-01-02-01-13.wav	03Happy
/kaggle/input/ased-main/ASED_V1-main/02Fearful/f2-02-01-02-26.wav	02Fearful
/kaggle/input/ased-main/ASED_V1-main/01Neutral/n1-05-01-02-04.wav	01Neutral
/kaggle/input/ased-main/ASED_V1-main/05Angry/a5-05-01-02-20.wav	05Angry
/kaggle/input/ased-main/ASED_V1-main/04Sad/s4-03-01-02-50.wav	04Sad
/kaggle/input/ased-main/ASED_V1-main/02Fearful/f2-02-01-02-18.wav	02Fearful
/kaggle/input/ased-main/ASED_V1-main/03Happy/h3-02-02-01-15.wav	03Happy
/kaggle/input/ased-main/ASED_V1-main/04Sad/s4-07-01-02-59.wav	04Sad
/kaggle/input/ased-main/ASED_V1-main/01Neutral/n1-01-01-02-14.wav	01Neutral
/kaggle/input/ased-main/ASED_V1-main/02Fearful/f2-03-02-02-30.wav	02Fearful
/kaggle/input/ased-main/ASED_V1-main/02Fearful/f2-03-02-01-13.wav	02Fearful
/kaggle/input/ased-main/ASED_V1-main/02Fearful/f2-01-02-01-21.wav	02Fearful
/kaggle/input/ased-main/ASED_V1-main/01Neutral/n1-03-02-01-01.wav	01Neutral
/kaggle/input/ased-main/ASED_V1-main/03Happy/h3-01-01-02-06.wav	03Happy
/kaggle/input/ased-main/ASED_V1-main/05Angry/a5-02-02-01-03.wav	05Angry
/kaggle/input/ased-main/ASED_V1-main/05Angry/a5-05-02-02-54.wav	05Angry
/kaggle/input/ased-main/ASED_V1-main/04Sad/s4-02-01-01-27.wav	04Sad
/kaggle/input/ased-main/ASED_V1-main/03Happy/h3-06-02-01-62.wav	03Happy
/kaggle/input/ased-main/ASED_V1-main/04Sad/s4-05-02-02-28.wav	04Sad
/kaggle/input/ased-main/ASED_V1-main/02Fearful/f2-03-02-01-05.wav	02Fearful
/kaggle/input/ased-main/ASED_V1-main/03Happy/h3-05-02-01-29.wav	03Happy
/kaggle/input/ased-main/ASED_V1-main/01Neutral/n1-01-01-02-24.wav	01Neutral
/kaggle/input/ased-main/ASED_V1-main/02Fearful/f2-06-01-01-62.wav	02Fearful
/kaggle/input/ased-main/ASED_V1-main/02Fearful/f2-01-01-01-19.wav	02Fearful
/kaggle/input/ased-main/ASED_V1-main/01Neutral/n1-01-01-02-10.wav	01Neutral
/kaggle/input/ased-main/ASED_V1-main/03Happy/h3-04-02-02-59.wav	03Happy
/kaggle/input/ased-main/ASED_V1-main/03Happy/h3-04-01-01-48.wav	03Happy
/kaggle/input/ased-main/ASED_V1-main/04Sad/s4-07-02-02-26.wav	04Sad
/kaggle/input/ased-main/ASED_V1-main/02Fearful/f2-05-01-01-11.wav	02Fearful
/kaggle/input/ased-main/ASED_V1-main/02Fearful/f2-01-01-02-18.wav	02Fearful
/kaggle/input/ased-main/ASED_V1-main/02Fearful/f2-06-01-01-58.wav	02Fearful
/kaggle/input/ased-main/ASED_V1-main/01Neutral/n1-01-01-01-21.wav	01Neutral
/kaggle/input/ased-main/ASED_V1-main/03Happy/h3-03-01-02-57.wav	03Happy
/kaggle/input/ased-main/ASED_V1-main/03Happy/h3-01-02-01-19.wav	03Happy
/kaggle/input/ased-main/ASED_V1-main/03Happy/h3-01-02-02-04.wav	03Happy
/kaggle/input/ased-main/ASED_V1-main/01Neutral/n1-05-02-01-05.wav	01Neutral
/kaggle/input/ased-main/ASED_V1-main/01Neutral/n1-03-02-02-65.wav	01Neutral
/kaggle/input/ased-main/ASED_V1-main/02Fearful/f2-05-02-02-59.wav	02Fearful
/kaggle/input/ased-main/ASED_V1-main/03Happy/h3-05-02-02-55.wav	03Happy
/kaggle/input/ased-main/ASED_V1-main/03Happy/h3-02-01-02-30.wav	03Happy
/kaggle/input/ased-main/ASED_V1-main/02Fearful/f2-03-02-02-64.wav	02Fearful
/kaggle/input/ased-main/ASED_V1-main/04Sad/s4-05-02-02-20.wav	04Sad
/kaggle/input/ased-main/ASED_V1-main/01Neutral/n1-01-02-02-16.wav	01Neutral
/kaggle/input/ased-main/ASED_V1-main/05Angry/a5-03-02-01-48.wav	05Angry
/kaggle/input/ased-main/ASED_V1-main/05Angry/a5-05-01-01-05.wav	05Angry
/kaggle/input/ased-main/ASED_V1-main/03Happy/h3-02-02-02-06.wav	03Happy
/kaggle/input/ased-main/ASED_V1-main/02Fearful/f2-07-01-02-04.wav	02Fearful
/kaggle/input/ased-main/ASED_V1-main/01Neutral/n1-07-02-02-52.wav	01Neutral
/kaggle/input/ased-main/ASED_V1-main/05Angry/a5-03-01-01-21.wav	05Angry
/kaggle/input/ased-main/ASED_V1-main/04Sad/s4-04-02-02-30.wav	04Sad
/kaggle/input/ased-main/ASED_V1-main/02Fearful/f2-02-01-02-25.wav	02Fearful
/kaggle/input/ased-main/ASED_V1-main/03Happy/h3-01-01-01-47.wav	03Happy
/kaggle/input/ased-main/ASED_V1-main/02Fearful/f2-05-02-02-63.wav	02Fearful
/kaggle/input/ased-main/ASED_V1-main/01Neutral/n1-05-02-02-39.wav	01Neutral
/kaggle/input/ased-main/ASED_V1-main/02Fearful/f2-02-01-01-27.wav	02Fearful
/kaggle/input/ased-main/ASED_V1-main/04Sad/s4-03-01-02-55.wav	04Sad
/kaggle/input/ased-main/ASED_V1-main/02Fearful/f2-05-01-02-53.wav	02Fearful
/kaggle/input/ased-main/ASED_V1-main/04Sad/s4-06-01-01-25.wav	04Sad
/kaggle/input/ased-main/ASED_V1-main/04Sad/s4-05-01-01-11.wav	04Sad
/kaggle/input/ased-main/ASED_V1-main/05Angry/a5-02-02-02-41.wav	05Angry
/kaggle/input/ased-main/ASED_V1-main/05Angry/a5-03-01-02-50.wav	05Angry
/kaggle/input/ased-main/ASED_V1-main/01Neutral/n1-02-01-01-13.wav	01Neutral
/kaggle/input/ased-main/ASED_V1-main/02Fearful/f2-06-01-02-64.wav	02Fearful
/kaggle/input/ased-main/ASED_V1-main/02Fearful/f2-06-02-02-06.wav	02Fearful
/kaggle/input/ased-main/ASED_V1-main/04Sad/s4-03-01-02-56.wav	04Sad
/kaggle/input/ased-main/ASED_V1-main/03Happy/h3-07-01-02-57.wav	03Happy
/kaggle/input/ased-main/ASED_V1-main/02Fearful/f2-01-02-01-33.wav	02Fearful
/kaggle/input/ased-main/ASED_V1-main/04Sad/s4-07-02-01-11.wav	04Sad
/kaggle/input/ased-main/ASED_V1-main/04Sad/s4-04-02-02-56.wav	04Sad
/kaggle/input/ased-main/ASED_V1-main/04Sad/s4-01-01-02-30.wav	04Sad
/kaggle/input/ased-main/ASED_V1-main/03Happy/h3-06-02-02-61.wav	03Happy
/kaggle/input/ased-main/ASED_V1-main/03Happy/h3-02-02-01-33.wav	03Happy
/kaggle/input/ased-main/ASED_V1-main/01Neutral/n1-04-02-02-53.wav	01Neutral
/kaggle/input/ased-main/ASED_V1-main/05Angry/a5-04-01-02-61.wav	05Angry
/kaggle/input/ased-main/ASED_V1-main/05Angry/a5-05-02-01-11.wav	05Angry
/kaggle/input/ased-main/ASED_V1-main/04Sad/s4-05-02-01-11.wav	04Sad
/kaggle/input/ased-main/ASED_V1-main/03Happy/h3-01-01-02-39.wav	03Happy
/kaggle/input/ased-main/ASED_V1-main/04Sad/s4-03-02-01-29.wav	04Sad
/kaggle/input/ased-main/ASED_V1-main/02Fearful/f2-01-02-01-31.wav	02Fearful
/kaggle/input/ased-main/ASED_V1-main/01Neutral/n1-02-01-01-37.wav	01Neutral
/kaggle/input/ased-main/ASED_V1-main/01Neutral/n1-04-02-02-54.wav	01Neutral
/kaggle/input/ased-main/ASED_V1-main/02Fearful/f2-07-02-02-26.wav	02Fearful
/kaggle/input/ased-main/ASED_V1-main/05Angry/a5-07-01-02-60.wav	05Angry
/kaggle/input/ased-main/ASED_V1-main/03Happy/h3-04-02-01-62.wav	03Happy
/kaggle/input/ased-main/ASED_V1-main/02Fearful/f2-05-01-02-45.wav	02Fearful
/kaggle/input/ased-main/ASED_V1-main/01Neutral/n1-01-01-01-17.wav	01Neutral
/kaggle/input/ased-main/ASED_V1-main/03Happy/h3-07-01-02-55.wav	03Happy
/kaggle/input/ased-main/ASED_V1-main/01Neutral/n1-01-01-01-37.wav	01Neutral
/kaggle/input/ased-main/ASED_V1-main/03Happy/h3-01-02-02-08.wav	03Happy
/kaggle/input/ased-main/ASED_V1-main/04Sad/s4-04-01-02-23.wav	04Sad
/kaggle/input/ased-main/ASED_V1-main/04Sad/s4-03-02-02-57.wav	04Sad
/kaggle/input/ased-main/ASED_V1-main/04Sad/s4-06-02-01-62.wav	04Sad
/kaggle/input/ased-main/ASED_V1-main/03Happy/h3-07-02-02-39.wav	03Happy
/kaggle/input/ased-main/ASED_V1-main/01Neutral/n1-03-01-02-45.wav	01Neutral
/kaggle/input/ased-main/ASED_V1-main/04Sad/s4-03-01-02-04.wav	04Sad
/kaggle/input/ased-main/ASED_V1-main/01Neutral/n1-04-02-01-01.wav	01Neutral
/kaggle/input/ased-main/ASED_V1-main/05Angry/a5-05-01-01-25.wav	05Angry
/kaggle/input/ased-main/ASED_V1-main/03Happy/h3-07-01-02-28.wav	03Happy
/kaggle/input/ased-main/ASED_V1-main/04Sad/s4-04-02-01-23.wav	04Sad
/kaggle/input/ased-main/ASED_V1-main/01Neutral/n1-03-01-02-53.wav	01Neutral
/kaggle/input/ased-main/ASED_V1-main/03Happy/h3-01-02-01-15.wav	03Happy
/kaggle/input/ased-main/ASED_V1-main/04Sad/s4-03-02-02-63.wav	04Sad
/kaggle/input/ased-main/ASED_V1-main/04Sad/s4-03-01-02-54.wav	04Sad
/kaggle/input/ased-main/ASED_V1-main/02Fearful/f2-04-01-02-04.wav	02Fearful
/kaggle/input/ased-main/ASED_V1-main/01Neutral/n1-01-02-01-07.wav	01Neutral
/kaggle/input/ased-main/ASED_V1-main/04Sad/s4-01-02-02-06.wav	04Sad
/kaggle/input/ased-main/ASED_V1-main/04Sad/s4-02-01-02-30.wav	04Sad
/kaggle/input/ased-main/ASED_V1-main/02Fearful/f2-04-01-02-55.wav	02Fearful
/kaggle/input/ased-main/ASED_V1-main/02Fearful/f2-02-02-02-14.wav	02Fearful
/kaggle/input/ased-main/ASED_V1-main/02Fearful/f2-05-02-02-04.wav	02Fearful
/kaggle/input/ased-main/ASED_V1-main/04Sad/s4-07-01-02-10.wav	04Sad
/kaggle/input/ased-main/ASED_V1-main/03Happy/h3-03-01-01-21.wav	03Happy
/kaggle/input/ased-main/ASED_V1-main/03Happy/h3-06-01-01-21.wav	03Happy
/kaggle/input/ased-main/ASED_V1-main/04Sad/s4-06-01-02-45.wav	04Sad
/kaggle/input/ased-main/ASED_V1-main/05Angry/a5-04-02-02-60.wav	05Angry
/kaggle/input/ased-main/ASED_V1-main/05Angry/a5-07-02-01-21.wav	05Angry
/kaggle/input/ased-main/ASED_V1-main/02Fearful/f2-02-02-01-43.wav	02Fearful
/kaggle/input/ased-main/ASED_V1-main/02Fearful/f2-04-02-02-51.wav	02Fearful
/kaggle/input/ased-main/ASED_V1-main/05Angry/a5-05-01-02-39.wav	05Angry
/kaggle/input/ased-main/ASED_V1-main/03Happy/h3-04-02-02-60.wav	03Happy
/kaggle/input/ased-main/ASED_V1-main/05Angry/a5-01-01-01-01.wav	05Angry
/kaggle/input/ased-main/ASED_V1-main/03Happy/h3-01-02-01-27.wav	03Happy
/kaggle/input/ased-main/ASED_V1-main/02Fearful/f2-04-02-01-31.wav	02Fearful
/kaggle/input/ased-main/ASED_V1-main/05Angry/a5-03-02-02-60.wav	05Angry
/kaggle/input/ased-main/ASED_V1-main/01Neutral/n1-01-02-01-11.wav	01Neutral
/kaggle/input/ased-main/ASED_V1-main/01Neutral/n1-05-01-01-58.wav	01Neutral
/kaggle/input/ased-main/ASED_V1-main/05Angry/a5-06-02-02-65.wav	05Angry
/kaggle/input/ased-main/ASED_V1-main/01Neutral/n1-03-02-01-58.wav	01Neutral
/kaggle/input/ased-main/ASED_V1-main/01Neutral/n1-02-02-02-26.wav	01Neutral
/kaggle/input/ased-main/ASED_V1-main/01Neutral/n1-03-02-02-56.wav	01Neutral
/kaggle/input/ased-main/ASED_V1-main/04Sad/s4-01-01-01-11.wav	04Sad
/kaggle/input/ased-main/ASED_V1-main/02Fearful/f2-07-02-02-10.wav	02Fearful
/kaggle/input/ased-main/ASED_V1-main/05Angry/a5-02-01-02-38.wav	05Angry
/kaggle/input/ased-main/ASED_V1-main/05Angry/a5-01-01-02-04.wav	05Angry
/kaggle/input/ased-main/ASED_V1-main/01Neutral/n1-06-02-01-58.wav	01Neutral
/kaggle/input/ased-main/ASED_V1-main/04Sad/s4-04-02-02-10.wav	04Sad
/kaggle/input/ased-main/ASED_V1-main/02Fearful/f2-02-02-02-10.wav	02Fearful
/kaggle/input/ased-main/ASED_V1-main/03Happy/h3-06-02-02-60.wav	03Happy
/kaggle/input/ased-main/ASED_V1-main/01Neutral/n1-05-02-02-51.wav	01Neutral
/kaggle/input/ased-main/ASED_V1-main/03Happy/h3-01-02-01-03.wav	03Happy
/kaggle/input/ased-main/ASED_V1-main/05Angry/a5-07-01-02-51.wav	05Angry
/kaggle/input/ased-main/ASED_V1-main/02Fearful/f2-07-01-01-29.wav	02Fearful
/kaggle/input/ased-main/ASED_V1-main/02Fearful/f2-06-01-01-01.wav	02Fearful
/kaggle/input/ased-main/ASED_V1-main/04Sad/s4-05-01-01-25.wav	04Sad
/kaggle/input/ased-main/ASED_V1-main/01Neutral/n1-05-01-02-52.wav	01Neutral
/kaggle/input/ased-main/ASED_V1-main/02Fearful/f2-03-02-02-65.wav	02Fearful
/kaggle/input/ased-main/ASED_V1-main/01Neutral/n1-04-02-02-52.wav	01Neutral
/kaggle/input/ased-main/ASED_V1-main/02Fearful/f2-03-02-01-23.wav	02Fearful
/kaggle/input/ased-main/ASED_V1-main/03Happy/h3-02-02-02-18.wav	03Happy
/kaggle/input/ased-main/ASED_V1-main/01Neutral/n1-05-02-02-10.wav	01Neutral
/kaggle/input/ased-main/ASED_V1-main/05Angry/a5-05-02-01-62.wav	05Angry
/kaggle/input/ased-main/ASED_V1-main/01Neutral/n1-06-02-02-28.wav	01Neutral
/kaggle/input/ased-main/ASED_V1-main/04Sad/s4-03-02-02-39.wav	04Sad
/kaggle/input/ased-main/ASED_V1-main/05Angry/a5-04-02-02-51.wav	05Angry
/kaggle/input/ased-main/ASED_V1-main/05Angry/a5-05-02-01-05.wav	05Angry
/kaggle/input/ased-main/ASED_V1-main/02Fearful/f2-01-01-01-05.wav	02Fearful
/kaggle/input/ased-main/ASED_V1-main/03Happy/h3-06-01-02-30.wav	03Happy
/kaggle/input/ased-main/ASED_V1-main/04Sad/s4-01-01-02-36.wav	04Sad
/kaggle/input/ased-main/ASED_V1-main/05Angry/a5-07-02-02-30.wav	05Angry
/kaggle/input/ased-main/ASED_V1-main/02Fearful/f2-05-01-02-20.wav	02Fearful
/kaggle/input/ased-main/ASED_V1-main/05Angry/a5-06-01-01-13.wav	05Angry
/kaggle/input/ased-main/ASED_V1-main/01Neutral/n1-06-01-01-25.wav	01Neutral
/kaggle/input/ased-main/ASED_V1-main/03Happy/h3-04-02-02-63.wav	03Happy
/kaggle/input/ased-main/ASED_V1-main/01Neutral/n1-07-02-02-10.wav	01Neutral
/kaggle/input/ased-main/ASED_V1-main/05Angry/a5-03-02-02-20.wav	05Angry
/kaggle/input/ased-main/ASED_V1-main/03Happy/h3-05-02-01-01.wav	03Happy
/kaggle/input/ased-main/ASED_V1-main/02Fearful/f2-01-01-02-41.wav	02Fearful
/kaggle/input/ased-main/ASED_V1-main/03Happy/h3-03-01-01-31.wav	03Happy
/kaggle/input/ased-main/ASED_V1-main/03Happy/h3-05-01-02-53.wav	03Happy
/kaggle/input/ased-main/ASED_V1-main/01Neutral/n1-02-01-02-20.wav	01Neutral
/kaggle/input/ased-main/ASED_V1-main/03Happy/h3-01-02-02-02.wav	03Happy
/kaggle/input/ased-main/ASED_V1-main/01Neutral/n1-05-02-02-30.wav	01Neutral
/kaggle/input/ased-main/ASED_V1-main/05Angry/a5-03-02-02-39.wav	05Angry
/kaggle/input/ased-main/ASED_V1-main/01Neutral/n1-07-01-02-50.wav	01Neutral
/kaggle/input/ased-main/ASED_V1-main/05Angry/a5-04-01-01-58.wav	05Angry
/kaggle/input/ased-main/ASED_V1-main/05Angry/a5-04-01-02-45.wav	05Angry
/kaggle/input/ased-main/ASED_V1-main/02Fearful/f2-06-02-01-25.wav	02Fearful
/kaggle/input/ased-main/ASED_V1-main/03Happy/h3-04-02-02-30.wav	03Happy
/kaggle/input/ased-main/ASED_V1-main/03Happy/h3-06-02-01-25.wav	03Happy
/kaggle/input/ased-main/ASED_V1-main/04Sad/s4-06-01-02-53.wav	04Sad
/kaggle/input/ased-main/ASED_V1-main/02Fearful/f2-02-01-01-19.wav	02Fearful
/kaggle/input/ased-main/ASED_V1-main/02Fearful/f2-03-01-01-25.wav	02Fearful
/kaggle/input/ased-main/ASED_V1-main/01Neutral/n1-07-02-02-61.wav	01Neutral
/kaggle/input/ased-main/ASED_V1-main/01Neutral/n1-02-01-02-34.wav	01Neutral
/kaggle/input/ased-main/ASED_V1-main/02Fearful/f2-05-02-02-52.wav	02Fearful
/kaggle/input/ased-main/ASED_V1-main/03Happy/h3-07-02-01-05.wav	03Happy
/kaggle/input/ased-main/ASED_V1-main/02Fearful/f2-07-01-02-26.wav	02Fearful
/kaggle/input/ased-main/ASED_V1-main/01Neutral/n1-04-01-01-48.wav	01Neutral
/kaggle/input/ased-main/ASED_V1-main/05Angry/a5-01-01-02-02.wav	05Angry
/kaggle/input/ased-main/ASED_V1-main/03Happy/h3-05-01-01-25.wav	03Happy
/kaggle/input/ased-main/ASED_V1-main/01Neutral/n1-07-02-02-57.wav	01Neutral
/kaggle/input/ased-main/ASED_V1-main/01Neutral/n1-01-02-01-13.wav	01Neutral
/kaggle/input/ased-main/ASED_V1-main/05Angry/a5-07-01-02-61.wav	05Angry
/kaggle/input/ased-main/ASED_V1-main/05Angry/a5-06-01-01-58.wav	05Angry
/kaggle/input/ased-main/ASED_V1-main/02Fearful/f2-02-02-02-06.wav	02Fearful
/kaggle/input/ased-main/ASED_V1-main/02Fearful/f2-03-02-01-21.wav	02Fearful
/kaggle/input/ased-main/ASED_V1-main/03Happy/h3-03-01-02-56.wav	03Happy
/kaggle/input/ased-main/ASED_V1-main/01Neutral/n1-04-01-01-62.wav	01Neutral
/kaggle/input/ased-main/ASED_V1-main/04Sad/s4-03-02-01-11.wav	04Sad
/kaggle/input/ased-main/ASED_V1-main/02Fearful/f2-04-02-02-26.wav	02Fearful
/kaggle/input/ased-main/ASED_V1-main/03Happy/h3-06-02-02-50.wav	03Happy
/kaggle/input/ased-main/ASED_V1-main/03Happy/h3-06-01-02-10.wav	03Happy
/kaggle/input/ased-main/ASED_V1-main/04Sad/s4-07-01-01-27.wav	04Sad
/kaggle/input/ased-main/ASED_V1-main/04Sad/s4-02-02-01-09.wav	04Sad
/kaggle/input/ased-main/ASED_V1-main/05Angry/a5-02-01-01-05.wav	05Angry
/kaggle/input/ased-main/ASED_V1-main/03Happy/h3-05-02-02-51.wav	03Happy
/kaggle/input/ased-main/ASED_V1-main/04Sad/s4-04-01-02-06.wav	04Sad
/kaggle/input/ased-main/ASED_V1-main/02Fearful/f2-01-02-02-14.wav	02Fearful
/kaggle/input/ased-main/ASED_V1-main/01Neutral/n1-04-01-02-06.wav	01Neutral
/kaggle/input/ased-main/ASED_V1-main/02Fearful/f2-01-02-02-41.wav	02Fearful
/kaggle/input/ased-main/ASED_V1-main/05Angry/a5-06-02-01-23.wav	05Angry
/kaggle/input/ased-main/ASED_V1-main/04Sad/s4-07-02-02-60.wav	04Sad
/kaggle/input/ased-main/ASED_V1-main/01Neutral/n1-05-02-02-53.wav	01Neutral
/kaggle/input/ased-main/ASED_V1-main/04Sad/s4-02-02-01-11.wav	04Sad
/kaggle/input/ased-main/ASED_V1-main/04Sad/s4-05-01-01-31.wav	04Sad
/kaggle/input/ased-main/ASED_V1-main/01Neutral/n1-06-02-01-31.wav	01Neutral
/kaggle/input/ased-main/ASED_V1-main/02Fearful/f2-04-02-01-58.wav	02Fearful
/kaggle/input/ased-main/ASED_V1-main/05Angry/a5-05-01-01-48.wav	05Angry
/kaggle/input/ased-main/ASED_V1-main/02Fearful/f2-02-01-02-02.wav	02Fearful
/kaggle/input/ased-main/ASED_V1-main/04Sad/s4-06-02-02-39.wav	04Sad
/kaggle/input/ased-main/ASED_V1-main/02Fearful/f2-01-01-01-27.wav	02Fearful
/kaggle/input/ased-main/ASED_V1-main/03Happy/h3-01-01-01-01.wav	03Happy
/kaggle/input/ased-main/ASED_V1-main/01Neutral/n1-03-02-02-28.wav	01Neutral
/kaggle/input/ased-main/ASED_V1-main/02Fearful/f2-02-01-01-29.wav	02Fearful
/kaggle/input/ased-main/ASED_V1-main/04Sad/s4-01-02-01-35.wav	04Sad
/kaggle/input/ased-main/ASED_V1-main/02Fearful/f2-01-01-02-38.wav	02Fearful
/kaggle/input/ased-main/ASED_V1-main/04Sad/s4-07-01-02-57.wav	04Sad
/kaggle/input/ased-main/ASED_V1-main/04Sad/s4-04-02-02-54.wav	04Sad
/kaggle/input/ased-main/ASED_V1-main/03Happy/h3-04-02-02-61.wav	03Happy
/kaggle/input/ased-main/ASED_V1-main/04Sad/s4-02-02-01-03.wav	04Sad
/kaggle/input/ased-main/ASED_V1-main/04Sad/s4-01-01-01-27.wav	04Sad
/kaggle/input/ased-main/ASED_V1-main/01Neutral/n1-03-02-02-53.wav	01Neutral
/kaggle/input/ased-main/ASED_V1-main/05Angry/a5-05-02-02-51.wav	05Angry
/kaggle/input/ased-main/ASED_V1-main/01Neutral/n1-04-01-02-61.wav	01Neutral
/kaggle/input/ased-main/ASED_V1-main/01Neutral/n1-06-02-02-20.wav	01Neutral
/kaggle/input/ased-main/ASED_V1-main/02Fearful/f2-02-02-01-21.wav	02Fearful
/kaggle/input/ased-main/ASED_V1-main/05Angry/a5-06-02-02-41.wav	05Angry
/kaggle/input/ased-main/ASED_V1-main/03Happy/h3-03-01-01-29.wav	03Happy
/kaggle/input/ased-main/ASED_V1-main/03Happy/h3-06-01-02-28.wav	03Happy
/kaggle/input/ased-main/ASED_V1-main/03Happy/h3-06-02-01-05.wav	03Happy
/kaggle/input/ased-main/ASED_V1-main/02Fearful/f2-04-02-01-25.wav	02Fearful
/kaggle/input/ased-main/ASED_V1-main/05Angry/a5-06-02-02-39.wav	05Angry
/kaggle/input/ased-main/ASED_V1-main/05Angry/a5-03-01-02-06.wav	05Angry
/kaggle/input/ased-main/ASED_V1-main/02Fearful/f2-03-01-02-64.wav	02Fearful
/kaggle/input/ased-main/ASED_V1-main/05Angry/a5-07-02-01-01.wav	05Angry
/kaggle/input/ased-main/ASED_V1-main/02Fearful/f2-03-01-02-30.wav	02Fearful
/kaggle/input/ased-main/ASED_V1-main/05Angry/a5-04-01-01-05.wav	05Angry
/kaggle/input/ased-main/ASED_V1-main/01Neutral/n1-07-02-02-26.wav	01Neutral
/kaggle/input/ased-main/ASED_V1-main/05Angry/a5-01-02-02-10.wav	05Angry
/kaggle/input/ased-main/ASED_V1-main/01Neutral/n1-04-01-02-04.wav	01Neutral
/kaggle/input/ased-main/ASED_V1-main/02Fearful/f2-04-01-01-25.wav	02Fearful
/kaggle/input/ased-main/ASED_V1-main/05Angry/a5-04-01-01-21.wav	05Angry
/kaggle/input/ased-main/ASED_V1-main/01Neutral/n1-04-01-02-26.wav	01Neutral
/kaggle/input/ased-main/ASED_V1-main/03Happy/h3-07-01-01-31.wav	03Happy
/kaggle/input/ased-main/ASED_V1-main/02Fearful/f2-06-01-02-60.wav	02Fearful
/kaggle/input/ased-main/ASED_V1-main/01Neutral/n1-06-02-02-26.wav	01Neutral
/kaggle/input/ased-main/ASED_V1-main/03Happy/h3-05-01-01-58.wav	03Happy
/kaggle/input/ased-main/ASED_V1-main/01Neutral/n1-07-01-02-57.wav	01Neutral
/kaggle/input/ased-main/ASED_V1-main/04Sad/s4-05-01-02-54.wav	04Sad
/kaggle/input/ased-main/ASED_V1-main/05Angry/a5-03-02-02-50.wav	05Angry
/kaggle/input/ased-main/ASED_V1-main/03Happy/h3-05-02-02-45.wav	03Happy
/kaggle/input/ased-main/ASED_V1-main/03Happy/h3-06-02-01-58.wav	03Happy
/kaggle/input/ased-main/ASED_V1-main/03Happy/h3-05-02-02-50.wav	03Happy
/kaggle/input/ased-main/ASED_V1-main/04Sad/s4-03-01-02-10.wav	04Sad
/kaggle/input/ased-main/ASED_V1-main/03Happy/h3-04-02-02-39.wav	03Happy
/kaggle/input/ased-main/ASED_V1-main/02Fearful/f2-07-02-01-29.wav	02Fearful
/kaggle/input/ased-main/ASED_V1-main/04Sad/s4-06-02-02-64.wav	04Sad
/kaggle/input/ased-main/ASED_V1-main/01Neutral/n1-01-01-02-06.wav	01Neutral
/kaggle/input/ased-main/ASED_V1-main/03Happy/h3-03-01-01-11.wav	03Happy
/kaggle/input/ased-main/ASED_V1-main/03Happy/h3-05-02-02-61.wav	03Happy
/kaggle/input/ased-main/ASED_V1-main/03Happy/h3-03-02-02-57.wav	03Happy
/kaggle/input/ased-main/ASED_V1-main/04Sad/s4-07-02-02-51.wav	04Sad
/kaggle/input/ased-main/ASED_V1-main/02Fearful/f2-04-02-02-41.wav	02Fearful
/kaggle/input/ased-main/ASED_V1-main/02Fearful/f2-05-01-02-26.wav	02Fearful
/kaggle/input/ased-main/ASED_V1-main/02Fearful/f2-02-02-02-28.wav	02Fearful
/kaggle/input/ased-main/ASED_V1-main/03Happy/h3-07-02-02-45.wav	03Happy
/kaggle/input/ased-main/ASED_V1-main/01Neutral/n1-02-02-02-20.wav	01Neutral
/kaggle/input/ased-main/ASED_V1-main/01Neutral/n1-06-02-02-41.wav	01Neutral
/kaggle/input/ased-main/ASED_V1-main/03Happy/h3-01-02-01-47.wav	03Happy
/kaggle/input/ased-main/ASED_V1-main/03Happy/h3-05-02-02-60.wav	03Happy
/kaggle/input/ased-main/ASED_V1-main/04Sad/s4-07-02-01-58.wav	04Sad
/kaggle/input/ased-main/ASED_V1-main/01Neutral/n1-02-01-01-11.wav	01Neutral
/kaggle/input/ased-main/ASED_V1-main/05Angry/a5-05-02-02-60.wav	05Angry
/kaggle/input/ased-main/ASED_V1-main/05Angry/a5-03-02-02-55.wav	05Angry
/kaggle/input/ased-main/ASED_V1-main/01Neutral/n1-07-01-01-05.wav	01Neutral
/kaggle/input/ased-main/ASED_V1-main/05Angry/a5-02-02-02-14.wav	05Angry
/kaggle/input/ased-main/ASED_V1-main/02Fearful/f2-02-02-02-26.wav	02Fearful
/kaggle/input/ased-main/ASED_V1-main/04Sad/s4-07-01-01-62.wav	04Sad
/kaggle/input/ased-main/ASED_V1-main/02Fearful/f2-03-01-02-55.wav	02Fearful
/kaggle/input/ased-main/ASED_V1-main/01Neutral/n1-05-02-02-64.wav	01Neutral
/kaggle/input/ased-main/ASED_V1-main/02Fearful/f2-06-02-02-10.wav	02Fearful
/kaggle/input/ased-main/ASED_V1-main/01Neutral/n1-01-01-01-07.wav	01Neutral
/kaggle/input/ased-main/ASED_V1-main/02Fearful/f2-06-02-01-23.wav	02Fearful
/kaggle/input/ased-main/ASED_V1-main/05Angry/a5-01-01-02-32.wav	05Angry
/kaggle/input/ased-main/ASED_V1-main/03Happy/h3-03-02-01-25.wav	03Happy
/kaggle/input/ased-main/ASED_V1-main/05Angry/a5-04-02-01-23.wav	05Angry
/kaggle/input/ased-main/ASED_V1-main/04Sad/s4-04-01-01-27.wav	04Sad
/kaggle/input/ased-main/ASED_V1-main/03Happy/h3-04-01-01-23.wav	03Happy
/kaggle/input/ased-main/ASED_V1-main/04Sad/s4-01-01-01-25.wav	04Sad
/kaggle/input/ased-main/ASED_V1-main/01Neutral/n1-04-02-02-51.wav	01Neutral
/kaggle/input/ased-main/ASED_V1-main/01Neutral/n1-06-02-02-52.wav	01Neutral
/kaggle/input/ased-main/ASED_V1-main/04Sad/s4-06-01-01-29.wav	04Sad
/kaggle/input/ased-main/ASED_V1-main/04Sad/s4-03-01-01-01.wav	04Sad
/kaggle/input/ased-main/ASED_V1-main/02Fearful/f2-06-02-02-45.wav	02Fearful
/kaggle/input/ased-main/ASED_V1-main/04Sad/s4-04-02-02-63.wav	04Sad
/kaggle/input/ased-main/ASED_V1-main/04Sad/s4-04-01-01-58.wav	04Sad
/kaggle/input/ased-main/ASED_V1-main/02Fearful/f2-01-02-01-19.wav	02Fearful
/kaggle/input/ased-main/ASED_V1-main/02Fearful/f2-01-01-01-17.wav	02Fearful
/kaggle/input/ased-main/ASED_V1-main/02Fearful/f2-03-01-02-54.wav	02Fearful
/kaggle/input/ased-main/ASED_V1-main/05Angry/a5-05-01-02-64.wav	05Angry
/kaggle/input/ased-main/ASED_V1-main/04Sad/s4-06-01-02-26.wav	04Sad
/kaggle/input/ased-main/ASED_V1-main/01Neutral/n1-07-01-01-23.wav	01Neutral
/kaggle/input/ased-main/ASED_V1-main/02Fearful/f2-02-01-01-01.wav	02Fearful
/kaggle/input/ased-main/ASED_V1-main/05Angry/a5-07-01-02-53.wav	05Angry
/kaggle/input/ased-main/ASED_V1-main/04Sad/s4-05-01-01-62.wav	04Sad
/kaggle/input/ased-main/ASED_V1-main/02Fearful/f2-01-01-01-33.wav	02Fearful
/kaggle/input/ased-main/ASED_V1-main/04Sad/s4-05-02-02-63.wav	04Sad
/kaggle/input/ased-main/ASED_V1-main/03Happy/h3-07-02-02-65.wav	03Happy
/kaggle/input/ased-main/ASED_V1-main/01Neutral/n1-01-01-01-25.wav	01Neutral
/kaggle/input/ased-main/ASED_V1-main/03Happy/h3-02-01-02-24.wav	03Happy
/kaggle/input/ased-main/ASED_V1-main/01Neutral/n1-02-02-01-21.wav	01Neutral
/kaggle/input/ased-main/ASED_V1-main/03Happy/h3-07-02-02-50.wav	03Happy
/kaggle/input/ased-main/ASED_V1-main/03Happy/h3-05-02-02-65.wav	03Happy
/kaggle/input/ased-main/ASED_V1-main/02Fearful/f2-07-01-01-05.wav	02Fearful
/kaggle/input/ased-main/ASED_V1-main/05Angry/a5-05-01-02-28.wav	05Angry
/kaggle/input/ased-main/ASED_V1-main/05Angry/a5-05-02-01-58.wav	05Angry
/kaggle/input/ased-main/ASED_V1-main/02Fearful/f2-04-02-02-59.wav	02Fearful
/kaggle/input/ased-main/ASED_V1-main/02Fearful/f2-03-02-01-27.wav	02Fearful
/kaggle/input/ased-main/ASED_V1-main/02Fearful/f2-04-01-01-23.wav	02Fearful
/kaggle/input/ased-main/ASED_V1-main/04Sad/s4-07-02-02-10.wav	04Sad
/kaggle/input/ased-main/ASED_V1-main/03Happy/h3-06-02-02-59.wav	03Happy
/kaggle/input/ased-main/ASED_V1-main/02Fearful/f2-03-02-02-54.wav	02Fearful
/kaggle/input/ased-main/ASED_V1-main/02Fearful/f2-01-02-02-26.wav	02Fearful
/kaggle/input/ased-main/ASED_V1-main/04Sad/s4-02-01-02-04.wav	04Sad
/kaggle/input/ased-main/ASED_V1-main/03Happy/h3-04-02-01-58.wav	03Happy
/kaggle/input/ased-main/ASED_V1-main/03Happy/h3-04-01-02-60.wav	03Happy
/kaggle/input/ased-main/ASED_V1-main/01Neutral/n1-06-01-02-53.wav	01Neutral
/kaggle/input/ased-main/ASED_V1-main/01Neutral/n1-03-02-01-11.wav	01Neutral
/kaggle/input/ased-main/ASED_V1-main/04Sad/s4-01-02-01-07.wav	04Sad
/kaggle/input/ased-main/ASED_V1-main/04Sad/s4-07-01-02-63.wav	04Sad
/kaggle/input/ased-main/ASED_V1-main/02Fearful/f2-06-01-02-59.wav	02Fearful
/kaggle/input/ased-main/ASED_V1-main/01Neutral/n1-05-01-02-64.wav	01Neutral
/kaggle/input/ased-main/ASED_V1-main/01Neutral/n1-02-02-02-41.wav	01Neutral
/kaggle/input/ased-main/ASED_V1-main/05Angry/a5-01-02-02-41.wav	05Angry
/kaggle/input/ased-main/ASED_V1-main/03Happy/h3-04-01-02-10.wav	03Happy
/kaggle/input/ased-main/ASED_V1-main/04Sad/s4-06-01-01-27.wav	04Sad
/kaggle/input/ased-main/ASED_V1-main/04Sad/s4-05-02-02-39.wav	04Sad
/kaggle/input/ased-main/ASED_V1-main/02Fearful/f2-03-02-02-59.wav	02Fearful
/kaggle/input/ased-main/ASED_V1-main/03Happy/h3-03-01-01-27.wav	03Happy
/kaggle/input/ased-main/ASED_V1-main/04Sad/s4-01-02-02-36.wav	04Sad
/kaggle/input/ased-main/ASED_V1-main/01Neutral/n1-03-01-02-06.wav	01Neutral
/kaggle/input/ased-main/ASED_V1-main/01Neutral/n1-03-02-02-26.wav	01Neutral
/kaggle/input/ased-main/ASED_V1-main/01Neutral/n1-07-01-02-61.wav	01Neutral
/kaggle/input/ased-main/ASED_V1-main/03Happy/h3-01-02-02-22.wav	03Happy
/kaggle/input/ased-main/ASED_V1-main/02Fearful/f2-02-01-02-42.wav	02Fearful
/kaggle/input/ased-main/ASED_V1-main/05Angry/a5-03-01-02-52.wav	05Angry
/kaggle/input/ased-main/ASED_V1-main/05Angry/a5-02-01-02-30.wav	05Angry
/kaggle/input/ased-main/ASED_V1-main/02Fearful/f2-03-01-02-51.wav	02Fearful
/kaggle/input/ased-main/ASED_V1-main/04Sad/s4-06-02-01-25.wav	04Sad
/kaggle/input/ased-main/ASED_V1-main/01Neutral/n1-07-02-02-45.wav	01Neutral
/kaggle/input/ased-main/ASED_V1-main/03Happy/h3-07-02-01-58.wav	03Happy
/kaggle/input/ased-main/ASED_V1-main/01Neutral/n1-06-02-02-56.wav	01Neutral
/kaggle/input/ased-main/ASED_V1-main/03Happy/h3-07-02-01-29.wav	03Happy
/kaggle/input/ased-main/ASED_V1-main/01Neutral/n1-04-01-02-56.wav	01Neutral
/kaggle/input/ased-main/ASED_V1-main/04Sad/s4-06-01-02-57.wav	04Sad
/kaggle/input/ased-main/ASED_V1-main/03Happy/h3-06-02-01-48.wav	03Happy
/kaggle/input/ased-main/ASED_V1-main/02Fearful/f2-07-01-02-54.wav	02Fearful
/kaggle/input/ased-main/ASED_V1-main/02Fearful/f2-05-02-02-54.wav	02Fearful
/kaggle/input/ased-main/ASED_V1-main/05Angry/a5-01-01-02-18.wav	05Angry
/kaggle/input/ased-main/ASED_V1-main/02Fearful/f2-02-01-02-14.wav	02Fearful
/kaggle/input/ased-main/ASED_V1-main/03Happy/h3-02-02-01-09.wav	03Happy
/kaggle/input/ased-main/ASED_V1-main/01Neutral/n1-02-02-02-14.wav	01Neutral
/kaggle/input/ased-main/ASED_V1-main/02Fearful/f2-04-01-02-63.wav	02Fearful
/kaggle/input/ased-main/ASED_V1-main/04Sad/s4-07-01-02-56.wav	04Sad
/kaggle/input/ased-main/ASED_V1-main/02Fearful/f2-06-02-01-05.wav	02Fearful
/kaggle/input/ased-main/ASED_V1-main/05Angry/a5-06-02-02-59.wav	05Angry
/kaggle/input/ased-main/ASED_V1-main/02Fearful/f2-06-01-02-51.wav	02Fearful
/kaggle/input/ased-main/ASED_V1-main/04Sad/s4-04-01-02-61.wav	04Sad
/kaggle/input/ased-main/ASED_V1-main/02Fearful/f2-07-02-02-06.wav	02Fearful
/kaggle/input/ased-main/ASED_V1-main/02Fearful/f2-01-02-01-01.wav	02Fearful
/kaggle/input/ased-main/ASED_V1-main/01Neutral/n1-06-01-02-04.wav	01Neutral
/kaggle/input/ased-main/ASED_V1-main/03Happy/h3-06-02-02-30.wav	03Happy
/kaggle/input/ased-main/ASED_V1-main/04Sad/s4-06-01-02-51.wav	04Sad
/kaggle/input/ased-main/ASED_V1-main/01Neutral/n1-03-02-02-06.wav	01Neutral
/kaggle/input/ased-main/ASED_V1-main/02Fearful/f2-07-02-02-45.wav	02Fearful
/kaggle/input/ased-main/ASED_V1-main/02Fearful/f2-05-02-01-21.wav	02Fearful
/kaggle/input/ased-main/ASED_V1-main/04Sad/s4-05-02-02-61.wav	04Sad
/kaggle/input/ased-main/ASED_V1-main/01Neutral/n1-03-01-02-04.wav	01Neutral
/kaggle/input/ased-main/ASED_V1-main/04Sad/s4-07-02-01-01.wav	04Sad
/kaggle/input/ased-main/ASED_V1-main/01Neutral/n1-02-01-02-39.wav	01Neutral
/kaggle/input/ased-main/ASED_V1-main/04Sad/s4-05-01-02-57.wav	04Sad
/kaggle/input/ased-main/ASED_V1-main/05Angry/a5-05-01-02-10.wav	05Angry
/kaggle/input/ased-main/ASED_V1-main/04Sad/s4-07-01-02-45.wav	04Sad
/kaggle/input/ased-main/ASED_V1-main/04Sad/s4-04-02-01-27.wav	04Sad
/kaggle/input/ased-main/ASED_V1-main/02Fearful/f2-06-01-02-06.wav	02Fearful
/kaggle/input/ased-main/ASED_V1-main/02Fearful/f2-04-02-01-29.wav	02Fearful
/kaggle/input/ased-main/ASED_V1-main/02Fearful/f2-06-02-01-58.wav	02Fearful
/kaggle/input/ased-main/ASED_V1-main/02Fearful/f2-04-02-02-10.wav	02Fearful
/kaggle/input/ased-main/ASED_V1-main/01Neutral/n1-05-01-01-25.wav	01Neutral
/kaggle/input/ased-main/ASED_V1-main/03Happy/h3-07-01-01-21.wav	03Happy
/kaggle/input/ased-main/ASED_V1-main/03Happy/h3-06-02-01-31.wav	03Happy
/kaggle/input/ased-main/ASED_V1-main/05Angry/a5-07-01-01-23.wav	05Angry
/kaggle/input/ased-main/ASED_V1-main/02Fearful/f2-01-02-01-15.wav	02Fearful
/kaggle/input/ased-main/ASED_V1-main/01Neutral/n1-03-01-01-25.wav	01Neutral
/kaggle/input/ased-main/ASED_V1-main/03Happy/h3-06-02-02-51.wav	03Happy
/kaggle/input/ased-main/ASED_V1-main/03Happy/h3-06-01-01-58.wav	03Happy
/kaggle/input/ased-main/ASED_V1-main/02Fearful/f2-01-02-01-25.wav	02Fearful
/kaggle/input/ased-main/ASED_V1-main/01Neutral/n1-06-01-02-54.wav	01Neutral
/kaggle/input/ased-main/ASED_V1-main/01Neutral/n1-05-01-01-48.wav	01Neutral
/kaggle/input/ased-main/ASED_V1-main/05Angry/a5-03-01-02-04.wav	05Angry
/kaggle/input/ased-main/ASED_V1-main/04Sad/s4-07-01-02-65.wav	04Sad
/kaggle/input/ased-main/ASED_V1-main/02Fearful/f2-03-02-02-57.wav	02Fearful
/kaggle/input/ased-main/ASED_V1-main/05Angry/a5-05-02-02-57.wav	05Angry
/kaggle/input/ased-main/ASED_V1-main/04Sad/s4-07-02-02-39.wav	04Sad
/kaggle/input/ased-main/ASED_V1-main/03Happy/h3-04-02-01-21.wav	03Happy
/kaggle/input/ased-main/ASED_V1-main/01Neutral/n1-04-02-02-20.wav	01Neutral
/kaggle/input/ased-main/ASED_V1-main/05Angry/a5-03-01-01-29.wav	05Angry
/kaggle/input/ased-main/ASED_V1-main/03Happy/h3-05-02-02-64.wav	03Happy
/kaggle/input/ased-main/ASED_V1-main/04Sad/s4-07-01-02-61.wav	04Sad
/kaggle/input/ased-main/ASED_V1-main/01Neutral/n1-06-01-02-26.wav	01Neutral
/kaggle/input/ased-main/ASED_V1-main/01Neutral/n1-02-01-02-41.wav	01Neutral
/kaggle/input/ased-main/ASED_V1-main/03Happy/h3-04-01-02-20.wav	03Happy
/kaggle/input/ased-main/ASED_V1-main/04Sad/s4-02-02-02-02.wav	04Sad
/kaggle/input/ased-main/ASED_V1-main/03Happy/h3-06-02-02-20.wav	03Happy
/kaggle/input/ased-main/ASED_V1-main/04Sad/s4-01-01-02-02.wav	04Sad
/kaggle/input/ased-main/ASED_V1-main/04Sad/s4-03-01-01-23.wav	04Sad
/kaggle/input/ased-main/ASED_V1-main/04Sad/s4-03-01-02-57.wav	04Sad
/kaggle/input/ased-main/ASED_V1-main/03Happy/h3-06-01-02-57.wav	03Happy
/kaggle/input/ased-main/ASED_V1-main/05Angry/a5-03-01-02-28.wav	05Angry
/kaggle/input/ased-main/ASED_V1-main/01Neutral/n1-01-01-01-13.wav	01Neutral
/kaggle/input/ased-main/ASED_V1-main/04Sad/s4-07-02-02-55.wav	04Sad
/kaggle/input/ased-main/ASED_V1-main/03Happy/h3-02-01-02-16.wav	03Happy
/kaggle/input/ased-main/ASED_V1-main/05Angry/a5-06-01-01-11.wav	05Angry
/kaggle/input/ased-main/ASED_V1-main/05Angry/a5-04-01-02-52.wav	05Angry
/kaggle/input/ased-main/ASED_V1-main/04Sad/s4-07-01-02-41.wav	04Sad
/kaggle/input/ased-main/ASED_V1-main/01Neutral/n1-07-02-01-23.wav	01Neutral
/kaggle/input/ased-main/ASED_V1-main/05Angry/a5-01-02-02-46.wav	05Angry
/kaggle/input/ased-main/ASED_V1-main/01Neutral/n1-07-02-02-39.wav	01Neutral
/kaggle/input/ased-main/ASED_V1-main/03Happy/h3-05-01-02-64.wav	03Happy
/kaggle/input/ased-main/ASED_V1-main/03Happy/h3-06-01-01-48.wav	03Happy
/kaggle/input/ased-main/ASED_V1-main/01Neutral/n1-06-01-02-41.wav	01Neutral
/kaggle/input/ased-main/ASED_V1-main/05Angry/a5-07-01-01-01.wav	05Angry
/kaggle/input/ased-main/ASED_V1-main/04Sad/s4-05-01-01-23.wav	04Sad
/kaggle/input/ased-main/ASED_V1-main/02Fearful/f2-04-02-01-01.wav	02Fearful
/kaggle/input/ased-main/ASED_V1-main/01Neutral/n1-01-02-02-50.wav	01Neutral
/kaggle/input/ased-main/ASED_V1-main/04Sad/s4-03-02-02-10.wav	04Sad
/kaggle/input/ased-main/ASED_V1-main/02Fearful/f2-05-01-02-54.wav	02Fearful
/kaggle/input/ased-main/ASED_V1-main/02Fearful/f2-07-01-02-41.wav	02Fearful
/kaggle/input/ased-main/ASED_V1-main/01Neutral/n1-01-02-02-36.wav	01Neutral
/kaggle/input/ased-main/ASED_V1-main/03Happy/h3-02-01-02-50.wav	03Happy
/kaggle/input/ased-main/ASED_V1-main/02Fearful/f2-05-02-01-29.wav	02Fearful
/kaggle/input/ased-main/ASED_V1-main/04Sad/s4-07-02-02-54.wav	04Sad
/kaggle/input/ased-main/ASED_V1-main/03Happy/h3-02-02-02-10.wav	03Happy
/kaggle/input/ased-main/ASED_V1-main/01Neutral/n1-04-02-02-45.wav	01Neutral
/kaggle/input/ased-main/ASED_V1-main/01Neutral/n1-01-02-02-22.wav	01Neutral
/kaggle/input/ased-main/ASED_V1-main/04Sad/s4-03-02-01-27.wav	04Sad
/kaggle/input/ased-main/ASED_V1-main/01Neutral/n1-02-01-02-08.wav	01Neutral
/kaggle/input/ased-main/ASED_V1-main/01Neutral/n1-04-01-02-57.wav	01Neutral
/kaggle/input/ased-main/ASED_V1-main/04Sad/s4-05-01-01-13.wav	04Sad
/kaggle/input/ased-main/ASED_V1-main/04Sad/s4-04-01-02-30.wav	04Sad
/kaggle/input/ased-main/ASED_V1-main/01Neutral/n1-07-01-02-52.wav	01Neutral
/kaggle/input/ased-main/ASED_V1-main/03Happy/h3-04-02-01-23.wav	03Happy
/kaggle/input/ased-main/ASED_V1-main/01Neutral/n1-05-01-02-39.wav	01Neutral
/kaggle/input/ased-main/ASED_V1-main/05Angry/a5-04-02-02-50.wav	05Angry
/kaggle/input/ased-main/ASED_V1-main/04Sad/s4-02-01-02-14.wav	04Sad
/kaggle/input/ased-main/ASED_V1-main/02Fearful/f2-07-01-02-39.wav	02Fearful
/kaggle/input/ased-main/ASED_V1-main/03Happy/h3-07-02-02-59.wav	03Happy
/kaggle/input/ased-main/ASED_V1-main/01Neutral/n1-05-02-01-58.wav	01Neutral
/kaggle/input/ased-main/ASED_V1-main/01Neutral/n1-03-01-02-28.wav	01Neutral
/kaggle/input/ased-main/ASED_V1-main/05Angry/a5-04-01-02-39.wav	05Angry
/kaggle/input/ased-main/ASED_V1-main/04Sad/s4-04-01-02-59.wav	04Sad
/kaggle/input/ased-main/ASED_V1-main/02Fearful/f2-05-01-02-06.wav	02Fearful
/kaggle/input/ased-main/ASED_V1-main/05Angry/a5-07-02-02-52.wav	05Angry
/kaggle/input/ased-main/ASED_V1-main/03Happy/h3-01-01-02-28.wav	03Happy
/kaggle/input/ased-main/ASED_V1-main/05Angry/a5-07-02-01-48.wav	05Angry
/kaggle/input/ased-main/ASED_V1-main/01Neutral/n1-03-02-01-05.wav	01Neutral
/kaggle/input/ased-main/ASED_V1-main/03Happy/h3-03-01-01-23.wav	03Happy
/kaggle/input/ased-main/ASED_V1-main/02Fearful/f2-03-01-02-06.wav	02Fearful
/kaggle/input/ased-main/ASED_V1-main/01Neutral/n1-03-01-01-13.wav	01Neutral
/kaggle/input/ased-main/ASED_V1-main/01Neutral/n1-03-02-02-60.wav	01Neutral
/kaggle/input/ased-main/ASED_V1-main/01Neutral/n1-04-02-02-41.wav	01Neutral
/kaggle/input/ased-main/ASED_V1-main/01Neutral/n1-05-02-02-55.wav	01Neutral
/kaggle/input/ased-main/ASED_V1-main/03Happy/h3-03-02-02-45.wav	03Happy
/kaggle/input/ased-main/ASED_V1-main/03Happy/h3-02-02-02-39.wav	03Happy
/kaggle/input/ased-main/ASED_V1-main/03Happy/h3-04-01-02-50.wav	03Happy
/kaggle/input/ased-main/ASED_V1-main/05Angry/a5-02-01-01-09.wav	05Angry
/kaggle/input/ased-main/ASED_V1-main/05Angry/a5-07-02-02-10.wav	05Angry
/kaggle/input/ased-main/ASED_V1-main/03Happy/h3-02-02-01-27.wav	03Happy
/kaggle/input/ased-main/ASED_V1-main/05Angry/a5-01-01-02-39.wav	05Angry
/kaggle/input/ased-main/ASED_V1-main/03Happy/h3-02-01-02-02.wav	03Happy
/kaggle/input/ased-main/ASED_V1-main/04Sad/s4-03-01-02-63.wav	04Sad
/kaggle/input/ased-main/ASED_V1-main/03Happy/h3-02-01-01-49.wav	03Happy
/kaggle/input/ased-main/ASED_V1-main/01Neutral/n1-01-02-01-35.wav	01Neutral
/kaggle/input/ased-main/ASED_V1-main/01Neutral/n1-03-01-02-51.wav	01Neutral
/kaggle/input/ased-main/ASED_V1-main/03Happy/h3-04-02-02-06.wav	03Happy
/kaggle/input/ased-main/ASED_V1-main/05Angry/a5-01-02-02-50.wav	05Angry
/kaggle/input/ased-main/ASED_V1-main/04Sad/s4-04-02-02-53.wav	04Sad
/kaggle/input/ased-main/ASED_V1-main/02Fearful/f2-06-02-01-62.wav	02Fearful
/kaggle/input/ased-main/ASED_V1-main/01Neutral/n1-03-01-02-41.wav	01Neutral
/kaggle/input/ased-main/ASED_V1-main/04Sad/s4-01-02-02-02.wav	04Sad
/kaggle/input/ased-main/ASED_V1-main/05Angry/a5-05-01-02-57.wav	05Angry
/kaggle/input/ased-main/ASED_V1-main/01Neutral/n1-02-02-02-16.wav	01Neutral
/kaggle/input/ased-main/ASED_V1-main/05Angry/a5-04-02-01-25.wav	05Angry
/kaggle/input/ased-main/ASED_V1-main/01Neutral/n1-06-02-02-65.wav	01Neutral
/kaggle/input/ased-main/ASED_V1-main/05Angry/a5-06-01-01-23.wav	05Angry
/kaggle/input/ased-main/ASED_V1-main/01Neutral/n1-07-01-01-48.wav	01Neutral
/kaggle/input/ased-main/ASED_V1-main/01Neutral/n1-05-01-02-56.wav	01Neutral
/kaggle/input/ased-main/ASED_V1-main/01Neutral/n1-07-02-02-41.wav	01Neutral
/kaggle/input/ased-main/ASED_V1-main/03Happy/h3-03-02-01-62.wav	03Happy
/kaggle/input/ased-main/ASED_V1-main/04Sad/s4-05-01-01-27.wav	04Sad
/kaggle/input/ased-main/ASED_V1-main/04Sad/s4-05-02-01-27.wav	04Sad
/kaggle/input/ased-main/ASED_V1-main/04Sad/s4-06-02-02-04.wav	04Sad
/kaggle/input/ased-main/ASED_V1-main/05Angry/a5-02-01-02-46.wav	05Angry
/kaggle/input/ased-main/ASED_V1-main/05Angry/a5-06-01-02-55.wav	05Angry
/kaggle/input/ased-main/ASED_V1-main/01Neutral/n1-07-02-01-01.wav	01Neutral
/kaggle/input/ased-main/ASED_V1-main/05Angry/a5-04-02-02-53.wav	05Angry
/kaggle/input/ased-main/ASED_V1-main/04Sad/s4-06-01-01-58.wav	04Sad
/kaggle/input/ased-main/ASED_V1-main/03Happy/h3-07-01-02-06.wav	03Happy
/kaggle/input/ased-main/ASED_V1-main/05Angry/a5-07-01-02-20.wav	05Angry
/kaggle/input/ased-main/ASED_V1-main/01Neutral/n1-04-01-02-52.wav	01Neutral
/kaggle/input/ased-main/ASED_V1-main/02Fearful/f2-03-01-02-20.wav	02Fearful
/kaggle/input/ased-main/ASED_V1-main/04Sad/s4-07-02-02-59.wav	04Sad
/kaggle/input/ased-main/ASED_V1-main/02Fearful/f2-03-01-01-62.wav	02Fearful
/kaggle/input/ased-main/ASED_V1-main/04Sad/s4-05-02-02-59.wav	04Sad
/kaggle/input/ased-main/ASED_V1-main/01Neutral/n1-03-01-01-58.wav	01Neutral
/kaggle/input/ased-main/ASED_V1-main/03Happy/h3-01-01-01-27.wav	03Happy
/kaggle/input/ased-main/ASED_V1-main/05Angry/a5-04-02-01-31.wav	05Angry
/kaggle/input/ased-main/ASED_V1-main/02Fearful/f2-05-01-02-39.wav	02Fearful
/kaggle/input/ased-main/ASED_V1-main/04Sad/s4-04-01-01-31.wav	04Sad
/kaggle/input/ased-main/ASED_V1-main/04Sad/s4-06-02-02-26.wav	04Sad
/kaggle/input/ased-main/ASED_V1-main/05Angry/a5-07-01-02-39.wav	05Angry
/kaggle/input/ased-main/ASED_V1-main/04Sad/s4-04-02-02-06.wav	04Sad
/kaggle/input/ased-main/ASED_V1-main/01Neutral/n1-01-02-02-18.wav	01Neutral
/kaggle/input/ased-main/ASED_V1-main/01Neutral/n1-03-02-02-20.wav	01Neutral
/kaggle/input/ased-main/ASED_V1-main/01Neutral/n1-07-02-02-54.wav	01Neutral
/kaggle/input/ased-main/ASED_V1-main/03Happy/h3-05-01-02-10.wav	03Happy
/kaggle/input/ased-main/ASED_V1-main/05Angry/a5-05-02-02-63.wav	05Angry
/kaggle/input/ased-main/ASED_V1-main/05Angry/a5-03-02-01-31.wav	05Angry
/kaggle/input/ased-main/ASED_V1-main/03Happy/h3-02-01-01-43.wav	03Happy
/kaggle/input/ased-main/ASED_V1-main/01Neutral/n1-01-01-02-36.wav	01Neutral
/kaggle/input/ased-main/ASED_V1-main/05Angry/a5-06-01-01-62.wav	05Angry
/kaggle/input/ased-main/ASED_V1-main/01Neutral/n1-01-01-02-02.wav	01Neutral
/kaggle/input/ased-main/ASED_V1-main/03Happy/h3-02-02-02-04.wav	03Happy
/kaggle/input/ased-main/ASED_V1-main/02Fearful/f2-07-02-02-65.wav	02Fearful
/kaggle/input/ased-main/ASED_V1-main/04Sad/s4-01-01-02-28.wav	04Sad
/kaggle/input/ased-main/ASED_V1-main/03Happy/h3-01-01-01-09.wav	03Happy
/kaggle/input/ased-main/ASED_V1-main/05Angry/a5-04-01-02-57.wav	05Angry
/kaggle/input/ased-main/ASED_V1-main/01Neutral/n1-02-02-01-09.wav	01Neutral
/kaggle/input/ased-main/ASED_V1-main/01Neutral/n1-06-02-02-55.wav	01Neutral
/kaggle/input/ased-main/ASED_V1-main/03Happy/h3-06-01-01-11.wav	03Happy
/kaggle/input/ased-main/ASED_V1-main/03Happy/h3-07-02-02-60.wav	03Happy
/kaggle/input/ased-main/ASED_V1-main/04Sad/s4-03-01-02-28.wav	04Sad
/kaggle/input/ased-main/ASED_V1-main/02Fearful/f2-04-01-01-62.wav	02Fearful
/kaggle/input/ased-main/ASED_V1-main/05Angry/a5-05-01-01-29.wav	05Angry
/kaggle/input/ased-main/ASED_V1-main/02Fearful/f2-03-01-02-45.wav	02Fearful
/kaggle/input/ased-main/ASED_V1-main/05Angry/a5-03-02-02-45.wav	05Angry
/kaggle/input/ased-main/ASED_V1-main/02Fearful/f2-03-02-02-51.wav	02Fearful
/kaggle/input/ased-main/ASED_V1-main/03Happy/h3-06-01-02-50.wav	03Happy
/kaggle/input/ased-main/ASED_V1-main/02Fearful/f2-02-02-01-13.wav	02Fearful
/kaggle/input/ased-main/ASED_V1-main/03Happy/h3-06-02-02-56.wav	03Happy
/kaggle/input/ased-main/ASED_V1-main/02Fearful/f2-07-02-02-41.wav	02Fearful
/kaggle/input/ased-main/ASED_V1-main/03Happy/h3-03-01-02-51.wav	03Happy
/kaggle/input/ased-main/ASED_V1-main/04Sad/s4-04-01-02-52.wav	04Sad
/kaggle/input/ased-main/ASED_V1-main/02Fearful/f2-04-02-02-64.wav	02Fearful
/kaggle/input/ased-main/ASED_V1-main/05Angry/a5-06-01-01-31.wav	05Angry
/kaggle/input/ased-main/ASED_V1-main/01Neutral/n1-04-02-02-26.wav	01Neutral
/kaggle/input/ased-main/ASED_V1-main/01Neutral/n1-02-01-02-36.wav	01Neutral
/kaggle/input/ased-main/ASED_V1-main/03Happy/h3-07-02-01-25.wav	03Happy
/kaggle/input/ased-main/ASED_V1-main/01Neutral/n1-01-02-01-47.wav	01Neutral
/kaggle/input/ased-main/ASED_V1-main/05Angry/a5-06-02-01-05.wav	05Angry
/kaggle/input/ased-main/ASED_V1-main/04Sad/s4-04-02-02-26.wav	04Sad
/kaggle/input/ased-main/ASED_V1-main/03Happy/h3-03-01-02-39.wav	03Happy
/kaggle/input/ased-main/ASED_V1-main/01Neutral/n1-02-01-01-35.wav	01Neutral
/kaggle/input/ased-main/ASED_V1-main/01Neutral/n1-02-01-02-44.wav	01Neutral
/kaggle/input/ased-main/ASED_V1-main/02Fearful/f2-03-02-02-55.wav	02Fearful
/kaggle/input/ased-main/ASED_V1-main/05Angry/a5-01-02-02-06.wav	05Angry
/kaggle/input/ased-main/ASED_V1-main/01Neutral/n1-04-01-02-65.wav	01Neutral
/kaggle/input/ased-main/ASED_V1-main/02Fearful/f2-05-02-02-45.wav	02Fearful
/kaggle/input/ased-main/ASED_V1-main/02Fearful/f2-02-02-02-39.wav	02Fearful
/kaggle/input/ased-main/ASED_V1-main/02Fearful/f2-04-01-01-48.wav	02Fearful
/kaggle/input/ased-main/ASED_V1-main/05Angry/a5-01-01-02-26.wav	05Angry
/kaggle/input/ased-main/ASED_V1-main/02Fearful/f2-02-01-02-32.wav	02Fearful
/kaggle/input/ased-main/ASED_V1-main/03Happy/h3-04-02-01-48.wav	03Happy
/kaggle/input/ased-main/ASED_V1-main/02Fearful/f2-04-02-01-05.wav	02Fearful
/kaggle/input/ased-main/ASED_V1-main/03Happy/h3-02-01-02-22.wav	03Happy
/kaggle/input/ased-main/ASED_V1-main/05Angry/a5-06-02-02-53.wav	05Angry
/kaggle/input/ased-main/ASED_V1-main/04Sad/s4-06-01-02-04.wav	04Sad
/kaggle/input/ased-main/ASED_V1-main/01Neutral/n1-01-01-02-34.wav	01Neutral
/kaggle/input/ased-main/ASED_V1-main/02Fearful/f2-05-01-02-65.wav	02Fearful
/kaggle/input/ased-main/ASED_V1-main/04Sad/s4-02-01-01-07.wav	04Sad
/kaggle/input/ased-main/ASED_V1-main/03Happy/h3-04-02-02-26.wav	03Happy
/kaggle/input/ased-main/ASED_V1-main/01Neutral/n1-03-02-02-54.wav	01Neutral
/kaggle/input/ased-main/ASED_V1-main/02Fearful/f2-03-02-01-01.wav	02Fearful
/kaggle/input/ased-main/ASED_V1-main/02Fearful/f2-05-01-01-13.wav	02Fearful
/kaggle/input/ased-main/ASED_V1-main/01Neutral/n1-02-01-02-22.wav	01Neutral
/kaggle/input/ased-main/ASED_V1-main/03Happy/h3-07-02-02-54.wav	03Happy
/kaggle/input/ased-main/ASED_V1-main/03Happy/h3-05-01-02-63.wav	03Happy
/kaggle/input/ased-main/ASED_V1-main/03Happy/h3-04-01-02-51.wav	03Happy
/kaggle/input/ased-main/ASED_V1-main/03Happy/h3-07-02-02-41.wav	03Happy
/kaggle/input/ased-main/ASED_V1-main/04Sad/s4-05-02-02-52.wav	04Sad
/kaggle/input/ased-main/ASED_V1-main/02Fearful/f2-05-02-01-48.wav	02Fearful
/kaggle/input/ased-main/ASED_V1-main/05Angry/a5-06-01-01-27.wav	05Angry
/kaggle/input/ased-main/ASED_V1-main/04Sad/s4-06-02-02-53.wav	04Sad
/kaggle/input/ased-main/ASED_V1-main/04Sad/s4-01-02-01-03.wav	04Sad
/kaggle/input/ased-main/ASED_V1-main/01Neutral/n1-07-02-02-65.wav	01Neutral
/kaggle/input/ased-main/ASED_V1-main/05Angry/a5-03-02-01-01.wav	05Angry
/kaggle/input/ased-main/ASED_V1-main/01Neutral/n1-02-02-01-35.wav	01Neutral
/kaggle/input/ased-main/ASED_V1-main/04Sad/s4-04-02-02-61.wav	04Sad
/kaggle/input/ased-main/ASED_V1-main/01Neutral/n1-03-02-01-13.wav	01Neutral
/kaggle/input/ased-main/ASED_V1-main/02Fearful/f2-03-02-02-39.wav	02Fearful
/kaggle/input/ased-main/ASED_V1-main/05Angry/a5-02-02-02-39.wav	05Angry
/kaggle/input/ased-main/ASED_V1-main/05Angry/a5-04-02-01-01.wav	05Angry
/kaggle/input/ased-main/ASED_V1-main/04Sad/s4-06-01-02-59.wav	04Sad
/kaggle/input/ased-main/ASED_V1-main/01Neutral/n1-06-01-02-57.wav	01Neutral
/kaggle/input/ased-main/ASED_V1-main/02Fearful/f2-02-02-02-44.wav	02Fearful
/kaggle/input/ased-main/ASED_V1-main/05Angry/a5-06-02-02-45.wav	05Angry
/kaggle/input/ased-main/ASED_V1-main/01Neutral/n1-04-01-02-63.wav	01Neutral
/kaggle/input/ased-main/ASED_V1-main/02Fearful/f2-05-01-01-31.wav	02Fearful
/kaggle/input/ased-main/ASED_V1-main/04Sad/s4-01-02-01-27.wav	04Sad
/kaggle/input/ased-main/ASED_V1-main/03Happy/h3-04-02-02-10.wav	03Happy
/kaggle/input/ased-main/ASED_V1-main/05Angry/a5-05-02-01-01.wav	05Angry
/kaggle/input/ased-main/ASED_V1-main/01Neutral/n1-02-02-02-04.wav	01Neutral
/kaggle/input/ased-main/ASED_V1-main/04Sad/s4-04-02-02-52.wav	04Sad
/kaggle/input/ased-main/ASED_V1-main/04Sad/s4-04-02-02-28.wav	04Sad
/kaggle/input/ased-main/ASED_V1-main/02Fearful/f2-06-01-02-54.wav	02Fearful
/kaggle/input/ased-main/ASED_V1-main/01Neutral/n1-02-02-02-18.wav	01Neutral
/kaggle/input/ased-main/ASED_V1-main/03Happy/h3-06-02-02-26.wav	03Happy
/kaggle/input/ased-main/ASED_V1-main/05Angry/a5-04-02-02-64.wav	05Angry
/kaggle/input/ased-main/ASED_V1-main/03Happy/h3-01-01-01-13.wav	03Happy
/kaggle/input/ased-main/ASED_V1-main/01Neutral/n1-04-01-01-01.wav	01Neutral
/kaggle/input/ased-main/ASED_V1-main/05Angry/a5-06-01-01-29.wav	05Angry
/kaggle/input/ased-main/ASED_V1-main/05Angry/a5-07-02-02-53.wav	05Angry
/kaggle/input/ased-main/ASED_V1-main/02Fearful/f2-04-02-01-27.wav	02Fearful
/kaggle/input/ased-main/ASED_V1-main/04Sad/s4-03-01-01-11.wav	04Sad
/kaggle/input/ased-main/ASED_V1-main/01Neutral/n1-06-02-01-21.wav	01Neutral
/kaggle/input/ased-main/ASED_V1-main/02Fearful/f2-06-01-02-26.wav	02Fearful
/kaggle/input/ased-main/ASED_V1-main/05Angry/a5-05-02-02-04.wav	05Angry
/kaggle/input/ased-main/ASED_V1-main/05Angry/a5-03-02-01-58.wav	05Angry
/kaggle/input/ased-main/ASED_V1-main/04Sad/s4-07-01-01-13.wav	04Sad
/kaggle/input/ased-main/ASED_V1-main/01Neutral/n1-04-02-02-63.wav	01Neutral
/kaggle/input/ased-main/ASED_V1-main/03Happy/h3-04-01-02-56.wav	03Happy
/kaggle/input/ased-main/ASED_V1-main/01Neutral/n1-06-02-02-64.wav	01Neutral
/kaggle/input/ased-main/ASED_V1-main/01Neutral/n1-07-02-01-27.wav	01Neutral
/kaggle/input/ased-main/ASED_V1-main/01Neutral/n1-01-02-02-46.wav	01Neutral
/kaggle/input/ased-main/ASED_V1-main/04Sad/s4-06-01-02-30.wav	04Sad
/kaggle/input/ased-main/ASED_V1-main/03Happy/h3-03-01-02-28.wav	03Happy
/kaggle/input/ased-main/ASED_V1-main/05Angry/a5-04-01-02-64.wav	05Angry
/kaggle/input/ased-main/ASED_V1-main/05Angry/a5-02-02-02-10.wav	05Angry
/kaggle/input/ased-main/ASED_V1-main/03Happy/h3-01-01-02-16.wav	03Happy
/kaggle/input/ased-main/ASED_V1-main/04Sad/s4-07-01-02-54.wav	04Sad
/kaggle/input/ased-main/ASED_V1-main/02Fearful/f2-07-02-01-31.wav	02Fearful
/kaggle/input/ased-main/ASED_V1-main/05Angry/a5-06-02-01-27.wav	05Angry
/kaggle/input/ased-main/ASED_V1-main/03Happy/h3-04-02-02-04.wav	03Happy
/kaggle/input/ased-main/ASED_V1-main/02Fearful/f2-03-01-01-31.wav	02Fearful
/kaggle/input/ased-main/ASED_V1-main/03Happy/h3-03-01-01-13.wav	03Happy
/kaggle/input/ased-main/ASED_V1-main/03Happy/h3-06-02-02-45.wav	03Happy
/kaggle/input/ased-main/ASED_V1-main/01Neutral/n1-07-02-01-48.wav	01Neutral
/kaggle/input/ased-main/ASED_V1-main/02Fearful/f2-06-02-02-50.wav	02Fearful
/kaggle/input/ased-main/ASED_V1-main/01Neutral/n1-03-01-02-56.wav	01Neutral
/kaggle/input/ased-main/ASED_V1-main/04Sad/s4-02-01-01-03.wav	04Sad
/kaggle/input/ased-main/ASED_V1-main/03Happy/h3-06-01-02-53.wav	03Happy
/kaggle/input/ased-main/ASED_V1-main/05Angry/a5-04-02-02-59.wav	05Angry
/kaggle/input/ased-main/ASED_V1-main/03Happy/h3-03-02-01-01.wav	03Happy
/kaggle/input/ased-main/ASED_V1-main/04Sad/s4-03-02-01-05.wav	04Sad
/kaggle/input/ased-main/ASED_V1-main/02Fearful/f2-04-01-02-52.wav	02Fearful
/kaggle/input/ased-main/ASED_V1-main/04Sad/s4-04-01-01-48.wav	04Sad
/kaggle/input/ased-main/ASED_V1-main/05Angry/a5-05-01-02-55.wav	05Angry
/kaggle/input/ased-main/ASED_V1-main/02Fearful/f2-04-01-02-54.wav	02Fearful
/kaggle/input/ased-main/ASED_V1-main/04Sad/s4-01-02-01-25.wav	04Sad
/kaggle/input/ased-main/ASED_V1-main/05Angry/a5-06-02-02-57.wav	05Angry
/kaggle/input/ased-main/ASED_V1-main/02Fearful/f2-04-02-02-63.wav	02Fearful
/kaggle/input/ased-main/ASED_V1-main/02Fearful/f2-05-01-02-51.wav	02Fearful
/kaggle/input/ased-main/ASED_V1-main/04Sad/s4-04-02-01-05.wav	04Sad
/kaggle/input/ased-main/ASED_V1-main/03Happy/h3-06-01-01-25.wav	03Happy
/kaggle/input/ased-main/ASED_V1-main/02Fearful/f2-03-01-02-50.wav	02Fearful
/kaggle/input/ased-main/ASED_V1-main/05Angry/a5-04-02-01-29.wav	05Angry
/kaggle/input/ased-main/ASED_V1-main/01Neutral/n1-05-01-02-53.wav	01Neutral
/kaggle/input/ased-main/ASED_V1-main/01Neutral/n1-04-02-02-61.wav	01Neutral
/kaggle/input/ased-main/ASED_V1-main/02Fearful/f2-02-02-02-02.wav	02Fearful
/kaggle/input/ased-main/ASED_V1-main/03Happy/h3-06-01-01-27.wav	03Happy
/kaggle/input/ased-main/ASED_V1-main/03Happy/h3-02-01-01-03.wav	03Happy
/kaggle/input/ased-main/ASED_V1-main/04Sad/s4-06-02-02-55.wav	04Sad
/kaggle/input/ased-main/ASED_V1-main/05Angry/a5-04-01-02-54.wav	05Angry
/kaggle/input/ased-main/ASED_V1-main/04Sad/s4-03-01-01-27.wav	04Sad
/kaggle/input/ased-main/ASED_V1-main/03Happy/h3-07-01-02-56.wav	03Happy
/kaggle/input/ased-main/ASED_V1-main/01Neutral/n1-02-02-01-03.wav	01Neutral
/kaggle/input/ased-main/ASED_V1-main/02Fearful/f2-03-01-01-58.wav	02Fearful
/kaggle/input/ased-main/ASED_V1-main/03Happy/h3-03-01-01-25.wav	03Happy
/kaggle/input/ased-main/ASED_V1-main/05Angry/a5-07-01-02-57.wav	05Angry
/kaggle/input/ased-main/ASED_V1-main/02Fearful/f2-03-02-02-06.wav	02Fearful
/kaggle/input/ased-main/ASED_V1-main/03Happy/h3-04-02-02-52.wav	03Happy
/kaggle/input/ased-main/ASED_V1-main/05Angry/a5-01-02-02-32.wav	05Angry
/kaggle/input/ased-main/ASED_V1-main/02Fearful/f2-07-02-02-59.wav	02Fearful
/kaggle/input/ased-main/ASED_V1-main/03Happy/h3-06-01-02-56.wav	03Happy
/kaggle/input/ased-main/ASED_V1-main/04Sad/s4-06-02-02-10.wav	04Sad
/kaggle/input/ased-main/ASED_V1-main/04Sad/s4-01-01-02-24.wav	04Sad
/kaggle/input/ased-main/ASED_V1-main/05Angry/a5-07-01-02-63.wav	05Angry
/kaggle/input/ased-main/ASED_V1-main/01Neutral/n1-06-02-01-13.wav	01Neutral
/kaggle/input/ased-main/ASED_V1-main/04Sad/s4-07-01-01-11.wav	04Sad
/kaggle/input/ased-main/ASED_V1-main/05Angry/a5-07-02-01-23.wav	05Angry
/kaggle/input/ased-main/ASED_V1-main/04Sad/s4-07-01-02-53.wav	04Sad
/kaggle/input/ased-main/ASED_V1-main/01Neutral/n1-04-02-02-50.wav	01Neutral
/kaggle/input/ased-main/ASED_V1-main/05Angry/a5-01-01-01-05.wav	05Angry
/kaggle/input/ased-main/ASED_V1-main/01Neutral/n1-03-01-01-05.wav	01Neutral
/kaggle/input/ased-main/ASED_V1-main/01Neutral/n1-05-02-02-56.wav	01Neutral
/kaggle/input/ased-main/ASED_V1-main/04Sad/s4-06-01-01-31.wav	04Sad
/kaggle/input/ased-main/ASED_V1-main/04Sad/s4-02-01-02-36.wav	04Sad
/kaggle/input/ased-main/ASED_V1-main/01Neutral/n1-04-01-02-64.wav	01Neutral
/kaggle/input/ased-main/ASED_V1-main/05Angry/a5-07-02-02-28.wav	05Angry
/kaggle/input/ased-main/ASED_V1-main/05Angry/a5-07-01-01-25.wav	05Angry
/kaggle/input/ased-main/ASED_V1-main/03Happy/h3-02-01-02-10.wav	03Happy
/kaggle/input/ased-main/ASED_V1-main/04Sad/s4-03-01-02-53.wav	04Sad
/kaggle/input/ased-main/ASED_V1-main/04Sad/s4-03-02-01-13.wav	04Sad
/kaggle/input/ased-main/ASED_V1-main/01Neutral/n1-02-01-01-03.wav	01Neutral
/kaggle/input/ased-main/ASED_V1-main/03Happy/h3-04-01-02-39.wav	03Happy
/kaggle/input/ased-main/ASED_V1-main/02Fearful/f2-04-01-02-50.wav	02Fearful
/kaggle/input/ased-main/ASED_V1-main/04Sad/s4-06-01-02-54.wav	04Sad
/kaggle/input/ased-main/ASED_V1-main/01Neutral/n1-02-01-01-09.wav	01Neutral
/kaggle/input/ased-main/ASED_V1-main/01Neutral/n1-07-01-02-39.wav	01Neutral
/kaggle/input/ased-main/ASED_V1-main/03Happy/h3-05-01-02-41.wav	03Happy
/kaggle/input/ased-main/ASED_V1-main/04Sad/s4-01-01-02-50.wav	04Sad
/kaggle/input/ased-main/ASED_V1-main/03Happy/h3-05-01-01-21.wav	03Happy
/kaggle/input/ased-main/ASED_V1-main/05Angry/a5-01-02-02-28.wav	05Angry
/kaggle/input/ased-main/ASED_V1-main/03Happy/h3-05-01-01-48.wav	03Happy
/kaggle/input/ased-main/ASED_V1-main/05Angry/a5-07-01-02-65.wav	05Angry
/kaggle/input/ased-main/ASED_V1-main/05Angry/a5-07-01-02-64.wav	05Angry
/kaggle/input/ased-main/ASED_V1-main/03Happy/h3-01-02-02-18.wav	03Happy
/kaggle/input/ased-main/ASED_V1-main/04Sad/s4-05-01-02-50.wav	04Sad
/kaggle/input/ased-main/ASED_V1-main/03Happy/h3-06-01-01-29.wav	03Happy
/kaggle/input/ased-main/ASED_V1-main/04Sad/s4-03-02-02-51.wav	04Sad
/kaggle/input/ased-main/ASED_V1-main/02Fearful/f2-05-02-02-26.wav	02Fearful
/kaggle/input/ased-main/ASED_V1-main/05Angry/a5-06-02-02-55.wav	05Angry
/kaggle/input/ased-main/ASED_V1-main/03Happy/h3-06-01-02-41.wav	03Happy
/kaggle/input/ased-main/ASED_V1-main/05Angry/a5-05-01-01-23.wav	05Angry
/kaggle/input/ased-main/ASED_V1-main/02Fearful/f2-07-01-01-25.wav	02Fearful
/kaggle/input/ased-main/ASED_V1-main/02Fearful/f2-07-02-02-61.wav	02Fearful
/kaggle/input/ased-main/ASED_V1-main/02Fearful/f2-04-02-02-52.wav	02Fearful
/kaggle/input/ased-main/ASED_V1-main/04Sad/s4-03-02-02-65.wav	04Sad
/kaggle/input/ased-main/ASED_V1-main/02Fearful/f2-04-02-01-48.wav	02Fearful
/kaggle/input/ased-main/ASED_V1-main/01Neutral/n1-04-01-02-55.wav	01Neutral
/kaggle/input/ased-main/ASED_V1-main/05Angry/a5-02-02-02-04.wav	05Angry
/kaggle/input/ased-main/ASED_V1-main/04Sad/s4-06-01-02-55.wav	04Sad
/kaggle/input/ased-main/ASED_V1-main/01Neutral/n1-07-01-02-53.wav	01Neutral
/kaggle/input/ased-main/ASED_V1-main/04Sad/s4-04-01-01-25.wav	04Sad
/kaggle/input/ased-main/ASED_V1-main/01Neutral/n1-01-02-01-09.wav	01Neutral
/kaggle/input/ased-main/ASED_V1-main/04Sad/s4-01-02-02-28.wav	04Sad
/kaggle/input/ased-main/ASED_V1-main/05Angry/a5-07-01-02-26.wav	05Angry
/kaggle/input/ased-main/ASED_V1-main/04Sad/s4-02-02-02-28.wav	04Sad
/kaggle/input/ased-main/ASED_V1-main/05Angry/a5-06-01-02-59.wav	05Angry
/kaggle/input/ased-main/ASED_V1-main/02Fearful/f2-02-02-02-38.wav	02Fearful
/kaggle/input/ased-main/ASED_V1-main/04Sad/s4-07-01-02-28.wav	04Sad
/kaggle/input/ased-main/ASED_V1-main/03Happy/h3-03-02-02-60.wav	03Happy
/kaggle/input/ased-main/ASED_V1-main/04Sad/s4-05-01-02-45.wav	04Sad
/kaggle/input/ased-main/ASED_V1-main/01Neutral/n1-06-01-01-01.wav	01Neutral
/kaggle/input/ased-main/ASED_V1-main/02Fearful/f2-05-01-02-10.wav	02Fearful
/kaggle/input/ased-main/ASED_V1-main/04Sad/s4-07-01-02-30.wav	04Sad
/kaggle/input/ased-main/ASED_V1-main/03Happy/h3-04-01-01-58.wav	03Happy
/kaggle/input/ased-main/ASED_V1-main/03Happy/h3-07-02-01-62.wav	03Happy
/kaggle/input/ased-main/ASED_V1-main/04Sad/s4-07-02-02-20.wav	04Sad
/kaggle/input/ased-main/ASED_V1-main/04Sad/s4-07-02-02-04.wav	04Sad
/kaggle/input/ased-main/ASED_V1-main/03Happy/h3-05-02-02-52.wav	03Happy
/kaggle/input/ased-main/ASED_V1-main/02Fearful/f2-05-02-02-06.wav	02Fearful
/kaggle/input/ased-main/ASED_V1-main/02Fearful/f2-06-02-02-53.wav	02Fearful
/kaggle/input/ased-main/ASED_V1-main/02Fearful/f2-07-01-01-11.wav	02Fearful
/kaggle/input/ased-main/ASED_V1-main/03Happy/h3-03-02-02-30.wav	03Happy
/kaggle/input/ased-main/ASED_V1-main/05Angry/a5-01-01-02-14.wav	05Angry
/kaggle/input/ased-main/ASED_V1-main/03Happy/h3-07-02-02-53.wav	03Happy
/kaggle/input/ased-main/ASED_V1-main/01Neutral/n1-01-01-02-41.wav	01Neutral
/kaggle/input/ased-main/ASED_V1-main/04Sad/s4-04-02-01-01.wav	04Sad
/kaggle/input/ased-main/ASED_V1-main/05Angry/a5-06-02-02-28.wav	05Angry
/kaggle/input/ased-main/ASED_V1-main/03Happy/h3-02-01-01-17.wav	03Happy
/kaggle/input/ased-main/ASED_V1-main/02Fearful/f2-02-01-02-44.wav	02Fearful
/kaggle/input/ased-main/ASED_V1-main/05Angry/a5-07-02-01-11.wav	05Angry
/kaggle/input/ased-main/ASED_V1-main/01Neutral/n1-06-02-02-30.wav	01Neutral
/kaggle/input/ased-main/ASED_V1-main/02Fearful/f2-06-02-02-30.wav	02Fearful
/kaggle/input/ased-main/ASED_V1-main/04Sad/s4-06-02-02-65.wav	04Sad
/kaggle/input/ased-main/ASED_V1-main/04Sad/s4-05-01-01-48.wav	04Sad
/kaggle/input/ased-main/ASED_V1-main/01Neutral/n1-05-01-01-62.wav	01Neutral
/kaggle/input/ased-main/ASED_V1-main/05Angry/a5-06-02-01-31.wav	05Angry
/kaggle/input/ased-main/ASED_V1-main/05Angry/a5-05-02-02-10.wav	05Angry
/kaggle/input/ased-main/ASED_V1-main/05Angry/a5-04-02-02-39.wav	05Angry
/kaggle/input/ased-main/ASED_V1-main/02Fearful/f2-03-01-02-59.wav	02Fearful
/kaggle/input/ased-main/ASED_V1-main/03Happy/h3-05-01-01-62.wav	03Happy
/kaggle/input/ased-main/ASED_V1-main/04Sad/s4-05-02-01-29.wav	04Sad
/kaggle/input/ased-main/ASED_V1-main/05Angry/a5-02-01-02-28.wav	05Angry
/kaggle/input/ased-main/ASED_V1-main/03Happy/h3-02-01-02-28.wav	03Happy
/kaggle/input/ased-main/ASED_V1-main/02Fearful/f2-01-01-01-37.wav	02Fearful
/kaggle/input/ased-main/ASED_V1-main/02Fearful/f2-03-01-02-53.wav	02Fearful
/kaggle/input/ased-main/ASED_V1-main/04Sad/s4-03-02-02-53.wav	04Sad
/kaggle/input/ased-main/ASED_V1-main/05Angry/a5-05-02-01-13.wav	05Angry
/kaggle/input/ased-main/ASED_V1-main/03Happy/h3-01-01-02-08.wav	03Happy
/kaggle/input/ased-main/ASED_V1-main/05Angry/a5-01-01-01-29.wav	05Angry
/kaggle/input/ased-main/ASED_V1-main/02Fearful/f2-07-01-02-59.wav	02Fearful
/kaggle/input/ased-main/ASED_V1-main/02Fearful/f2-01-01-02-50.wav	02Fearful
/kaggle/input/ased-main/ASED_V1-main/05Angry/a5-01-02-01-25.wav	05Angry
/kaggle/input/ased-main/ASED_V1-main/03Happy/h3-02-01-02-41.wav	03Happy
/kaggle/input/ased-main/ASED_V1-main/01Neutral/n1-01-02-01-19.wav	01Neutral
/kaggle/input/ased-main/ASED_V1-main/04Sad/s4-07-01-02-26.wav	04Sad
/kaggle/input/ased-main/ASED_V1-main/04Sad/s4-07-01-02-60.wav	04Sad
/kaggle/input/ased-main/ASED_V1-main/01Neutral/n1-05-01-02-06.wav	01Neutral
/kaggle/input/ased-main/ASED_V1-main/04Sad/s4-02-01-01-09.wav	04Sad
/kaggle/input/ased-main/ASED_V1-main/03Happy/h3-05-02-01-58.wav	03Happy
/kaggle/input/ased-main/ASED_V1-main/02Fearful/f2-01-01-02-32.wav	02Fearful
/kaggle/input/ased-main/ASED_V1-main/04Sad/s4-04-02-02-41.wav	04Sad
/kaggle/input/ased-main/ASED_V1-main/01Neutral/n1-03-01-02-52.wav	01Neutral
/kaggle/input/ased-main/ASED_V1-main/03Happy/h3-02-01-01-19.wav	03Happy
/kaggle/input/ased-main/ASED_V1-main/02Fearful/f2-01-02-02-44.wav	02Fearful
/kaggle/input/ased-main/ASED_V1-main/05Angry/a5-06-02-02-60.wav	05Angry
/kaggle/input/ased-main/ASED_V1-main/05Angry/a5-03-02-01-29.wav	05Angry
/kaggle/input/ased-main/ASED_V1-main/05Angry/a5-01-01-02-06.wav	05Angry
/kaggle/input/ased-main/ASED_V1-main/02Fearful/f2-04-02-02-50.wav	02Fearful
/kaggle/input/ased-main/ASED_V1-main/04Sad/s4-04-02-02-55.wav	04Sad
/kaggle/input/ased-main/ASED_V1-main/01Neutral/n1-01-02-02-10.wav	01Neutral
/kaggle/input/ased-main/ASED_V1-main/02Fearful/f2-05-01-02-52.wav	02Fearful
/kaggle/input/ased-main/ASED_V1-main/03Happy/h3-04-01-02-63.wav	03Happy
/kaggle/input/ased-main/ASED_V1-main/05Angry/a5-05-01-02-06.wav	05Angry
/kaggle/input/ased-main/ASED_V1-main/04Sad/s4-06-02-02-59.wav	04Sad
/kaggle/input/ased-main/ASED_V1-main/02Fearful/f2-02-01-01-15.wav	02Fearful
/kaggle/input/ased-main/ASED_V1-main/03Happy/h3-01-01-02-22.wav	03Happy
/kaggle/input/ased-main/ASED_V1-main/01Neutral/n1-06-02-02-57.wav	01Neutral
/kaggle/input/ased-main/ASED_V1-main/02Fearful/f2-01-02-02-36.wav	02Fearful
/kaggle/input/ased-main/ASED_V1-main/02Fearful/f2-07-01-01-48.wav	02Fearful
/kaggle/input/ased-main/ASED_V1-main/03Happy/h3-03-01-02-41.wav	03Happy
/kaggle/input/ased-main/ASED_V1-main/01Neutral/n1-01-02-02-44.wav	01Neutral
/kaggle/input/ased-main/ASED_V1-main/02Fearful/f2-06-01-02-39.wav	02Fearful
/kaggle/input/ased-main/ASED_V1-main/01Neutral/n1-07-01-02-10.wav	01Neutral
/kaggle/input/ased-main/ASED_V1-main/01Neutral/n1-04-02-01-23.wav	01Neutral
/kaggle/input/ased-main/ASED_V1-main/05Angry/a5-07-01-01-29.wav	05Angry
/kaggle/input/ased-main/ASED_V1-main/02Fearful/f2-06-01-02-04.wav	02Fearful
/kaggle/input/ased-main/ASED_V1-main/02Fearful/f2-01-01-02-15.wav	02Fearful
/kaggle/input/ased-main/ASED_V1-main/05Angry/a5-03-01-02-41.wav	05Angry
/kaggle/input/ased-main/ASED_V1-main/03Happy/h3-05-01-02-30.wav	03Happy
/kaggle/input/ased-main/ASED_V1-main/03Happy/h3-04-01-01-01.wav	03Happy
/kaggle/input/ased-main/ASED_V1-main/04Sad/s4-02-02-02-50.wav	04Sad
/kaggle/input/ased-main/ASED_V1-main/02Fearful/f2-05-02-01-05.wav	02Fearful
/kaggle/input/ased-main/ASED_V1-main/05Angry/a5-05-01-02-61.wav	05Angry
/kaggle/input/ased-main/ASED_V1-main/03Happy/h3-02-02-02-08.wav	03Happy
/kaggle/input/ased-main/ASED_V1-main/04Sad/s4-06-01-01-13.wav	04Sad
/kaggle/input/ased-main/ASED_V1-main/04Sad/s4-03-02-01-21.wav	04Sad
/kaggle/input/ased-main/ASED_V1-main/02Fearful/f2-06-01-02-57.wav	02Fearful
/kaggle/input/ased-main/ASED_V1-main/05Angry/a5-03-02-01-27.wav	05Angry
/kaggle/input/ased-main/ASED_V1-main/02Fearful/f2-01-01-02-02.wav	02Fearful
/kaggle/input/ased-main/ASED_V1-main/02Fearful/f2-07-02-02-50.wav	02Fearful
/kaggle/input/ased-main/ASED_V1-main/03Happy/h3-04-01-02-64.wav	03Happy
/kaggle/input/ased-main/ASED_V1-main/01Neutral/n1-07-02-02-59.wav	01Neutral
/kaggle/input/ased-main/ASED_V1-main/03Happy/h3-02-02-02-32.wav	03Happy
/kaggle/input/ased-main/ASED_V1-main/01Neutral/n1-01-01-01-01.wav	01Neutral
/kaggle/input/ased-main/ASED_V1-main/01Neutral/n1-05-01-02-41.wav	01Neutral
/kaggle/input/ased-main/ASED_V1-main/04Sad/s4-01-02-01-11.wav	04Sad
/kaggle/input/ased-main/ASED_V1-main/02Fearful/f2-01-02-01-27.wav	02Fearful
/kaggle/input/ased-main/ASED_V1-main/01Neutral/n1-07-02-02-53.wav	01Neutral
/kaggle/input/ased-main/ASED_V1-main/05Angry/a5-03-02-02-59.wav	05Angry
/kaggle/input/ased-main/ASED_V1-main/02Fearful/f2-01-02-02-38.wav	02Fearful
/kaggle/input/ased-main/ASED_V1-main/01Neutral/n1-03-02-02-55.wav	01Neutral
/kaggle/input/ased-main/ASED_V1-main/03Happy/h3-07-02-02-06.wav	03Happy
/kaggle/input/ased-main/ASED_V1-main/05Angry/a5-03-02-02-26.wav	05Angry
/kaggle/input/ased-main/ASED_V1-main/05Angry/a5-06-02-01-13.wav	05Angry
/kaggle/input/ased-main/ASED_V1-main/03Happy/h3-01-02-01-29.wav	03Happy
/kaggle/input/ased-main/ASED_V1-main/02Fearful/f2-05-02-02-64.wav	02Fearful
/kaggle/input/ased-main/ASED_V1-main/03Happy/h3-02-02-01-05.wav	03Happy
/kaggle/input/ased-main/ASED_V1-main/01Neutral/n1-07-02-02-55.wav	01Neutral
/kaggle/input/ased-main/ASED_V1-main/03Happy/h3-02-02-02-41.wav	03Happy
/kaggle/input/ased-main/ASED_V1-main/05Angry/a5-06-01-02-61.wav	05Angry
/kaggle/input/ased-main/ASED_V1-main/02Fearful/f2-06-02-02-56.wav	02Fearful
/kaggle/input/ased-main/ASED_V1-main/05Angry/a5-05-02-02-39.wav	05Angry
/kaggle/input/ased-main/ASED_V1-main/04Sad/s4-01-01-01-47.wav	04Sad
/kaggle/input/ased-main/ASED_V1-main/05Angry/a5-02-02-02-12.wav	05Angry
/kaggle/input/ased-main/ASED_V1-main/05Angry/a5-06-01-02-64.wav	05Angry
/kaggle/input/ased-main/ASED_V1-main/01Neutral/n1-07-02-02-20.wav	01Neutral
/kaggle/input/ased-main/ASED_V1-main/05Angry/a5-04-02-01-13.wav	05Angry
/kaggle/input/ased-main/ASED_V1-main/03Happy/h3-07-02-02-26.wav	03Happy
/kaggle/input/ased-main/ASED_V1-main/05Angry/a5-07-02-02-59.wav	05Angry
/kaggle/input/ased-main/ASED_V1-main/04Sad/s4-01-02-02-41.wav	04Sad
/kaggle/input/ased-main/ASED_V1-main/05Angry/a5-07-02-02-50.wav	05Angry
/kaggle/input/ased-main/ASED_V1-main/01Neutral/n1-02-01-02-14.wav	01Neutral
/kaggle/input/ased-main/ASED_V1-main/04Sad/s4-05-02-02-10.wav	04Sad
/kaggle/input/ased-main/ASED_V1-main/05Angry/a5-06-02-02-52.wav	05Angry
/kaggle/input/ased-main/ASED_V1-main/02Fearful/f2-03-01-01-27.wav	02Fearful
/kaggle/input/ased-main/ASED_V1-main/01Neutral/n1-04-02-02-55.wav	01Neutral
/kaggle/input/ased-main/ASED_V1-main/04Sad/s4-04-02-02-65.wav	04Sad
/kaggle/input/ased-main/ASED_V1-main/02Fearful/f2-04-02-02-20.wav	02Fearful
/kaggle/input/ased-main/ASED_V1-main/03Happy/h3-06-01-02-45.wav	03Happy
/kaggle/input/ased-main/ASED_V1-main/02Fearful/f2-06-02-02-57.wav	02Fearful
/kaggle/input/ased-main/ASED_V1-main/04Sad/s4-03-02-02-30.wav	04Sad
/kaggle/input/ased-main/ASED_V1-main/04Sad/s4-02-01-01-01.wav	04Sad
/kaggle/input/ased-main/ASED_V1-main/02Fearful/f2-02-01-01-05.wav	02Fearful
/kaggle/input/ased-main/ASED_V1-main/02Fearful/f2-02-01-02-41.wav	02Fearful
/kaggle/input/ased-main/ASED_V1-main/04Sad/s4-07-01-01-21.wav	04Sad
/kaggle/input/ased-main/ASED_V1-main/01Neutral/n1-04-02-02-39.wav	01Neutral
/kaggle/input/ased-main/ASED_V1-main/01Neutral/n1-02-02-02-36.wav	01Neutral
/kaggle/input/ased-main/ASED_V1-main/03Happy/h3-06-02-01-11.wav	03Happy
/kaggle/input/ased-main/ASED_V1-main/01Neutral/n1-03-01-02-61.wav	01Neutral
/kaggle/input/ased-main/ASED_V1-main/05Angry/a5-04-02-02-20.wav	05Angry
/kaggle/input/ased-main/ASED_V1-main/05Angry/a5-05-02-02-61.wav	05Angry
/kaggle/input/ased-main/ASED_V1-main/02Fearful/f2-03-01-02-60.wav	02Fearful
/kaggle/input/ased-main/ASED_V1-main/05Angry/a5-01-02-02-38.wav	05Angry
/kaggle/input/ased-main/ASED_V1-main/03Happy/h3-02-01-01-01.wav	03Happy
/kaggle/input/ased-main/ASED_V1-main/03Happy/h3-07-01-01-58.wav	03Happy
/kaggle/input/ased-main/ASED_V1-main/02Fearful/f2-05-01-02-50.wav	02Fearful
/kaggle/input/ased-main/ASED_V1-main/05Angry/a5-02-01-02-26.wav	05Angry
/kaggle/input/ased-main/ASED_V1-main/04Sad/s4-05-02-02-60.wav	04Sad
/kaggle/input/ased-main/ASED_V1-main/04Sad/s4-06-02-02-54.wav	04Sad
/kaggle/input/ased-main/ASED_V1-main/01Neutral/n1-02-01-01-47.wav	01Neutral
/kaggle/input/ased-main/ASED_V1-main/02Fearful/f2-05-01-01-58.wav	02Fearful
/kaggle/input/ased-main/ASED_V1-main/03Happy/h3-04-02-01-25.wav	03Happy
/kaggle/input/ased-main/ASED_V1-main/03Happy/h3-04-02-01-31.wav	03Happy
/kaggle/input/ased-main/ASED_V1-main/01Neutral/n1-06-02-02-54.wav	01Neutral
/kaggle/input/ased-main/ASED_V1-main/05Angry/a5-01-01-01-37.wav	05Angry
/kaggle/input/ased-main/ASED_V1-main/01Neutral/n1-07-01-02-26.wav	01Neutral
/kaggle/input/ased-main/ASED_V1-main/02Fearful/f2-07-01-01-21.wav	02Fearful
/kaggle/input/ased-main/ASED_V1-main/04Sad/s4-01-02-02-50.wav	04Sad
/kaggle/input/ased-main/ASED_V1-main/03Happy/h3-05-02-02-56.wav	03Happy
/kaggle/input/ased-main/ASED_V1-main/01Neutral/n1-03-02-01-29.wav	01Neutral
/kaggle/input/ased-main/ASED_V1-main/05Angry/a5-06-02-02-54.wav	05Angry
/kaggle/input/ased-main/ASED_V1-main/05Angry/a5-06-02-02-51.wav	05Angry
/kaggle/input/ased-main/ASED_V1-main/04Sad/s4-05-01-02-51.wav	04Sad
/kaggle/input/ased-main/ASED_V1-main/01Neutral/n1-02-02-02-38.wav	01Neutral
/kaggle/input/ased-main/ASED_V1-main/03Happy/h3-01-01-01-17.wav	03Happy
/kaggle/input/ased-main/ASED_V1-main/02Fearful/f2-06-01-02-52.wav	02Fearful
/kaggle/input/ased-main/ASED_V1-main/04Sad/s4-04-02-02-60.wav	04Sad
/kaggle/input/ased-main/ASED_V1-main/04Sad/s4-03-02-02-50.wav	04Sad
/kaggle/input/ased-main/ASED_V1-main/03Happy/h3-07-02-02-55.wav	03Happy
/kaggle/input/ased-main/ASED_V1-main/02Fearful/f2-07-01-01-58.wav	02Fearful
/kaggle/input/ased-main/ASED_V1-main/04Sad/s4-04-01-01-29.wav	04Sad
/kaggle/input/ased-main/ASED_V1-main/04Sad/s4-02-02-01-47.wav	04Sad
/kaggle/input/ased-main/ASED_V1-main/05Angry/a5-05-02-02-59.wav	05Angry
/kaggle/input/ased-main/ASED_V1-main/01Neutral/n1-02-01-01-01.wav	01Neutral
/kaggle/input/ased-main/ASED_V1-main/03Happy/h3-05-01-01-05.wav	03Happy
/kaggle/input/ased-main/ASED_V1-main/03Happy/h3-02-02-01-43.wav	03Happy
/kaggle/input/ased-main/ASED_V1-main/05Angry/a5-06-02-01-21.wav	05Angry
/kaggle/input/ased-main/ASED_V1-main/03Happy/h3-03-02-02-10.wav	03Happy
/kaggle/input/ased-main/ASED_V1-main/03Happy/h3-02-02-02-16.wav	03Happy
/kaggle/input/ased-main/ASED_V1-main/01Neutral/n1-07-02-01-29.wav	01Neutral
/kaggle/input/ased-main/ASED_V1-main/05Angry/a5-04-02-02-55.wav	05Angry
/kaggle/input/ased-main/ASED_V1-main/03Happy/h3-05-01-02-51.wav	03Happy
/kaggle/input/ased-main/ASED_V1-main/04Sad/s4-03-02-01-31.wav	04Sad
/kaggle/input/ased-main/ASED_V1-main/01Neutral/n1-04-02-01-29.wav	01Neutral
/kaggle/input/ased-main/ASED_V1-main/03Happy/h3-01-01-01-33.wav	03Happy
/kaggle/input/ased-main/ASED_V1-main/03Happy/h3-03-02-02-04.wav	03Happy
/kaggle/input/ased-main/ASED_V1-main/04Sad/s4-07-01-02-52.wav	04Sad
/kaggle/input/ased-main/ASED_V1-main/05Angry/a5-03-01-02-56.wav	05Angry
/kaggle/input/ased-main/ASED_V1-main/04Sad/s4-05-01-02-28.wav	04Sad
/kaggle/input/ased-main/ASED_V1-main/05Angry/a5-03-02-01-25.wav	05Angry
/kaggle/input/ased-main/ASED_V1-main/04Sad/s4-04-02-02-50.wav	04Sad
/kaggle/input/ased-main/ASED_V1-main/04Sad/s4-02-02-02-36.wav	04Sad
/kaggle/input/ased-main/ASED_V1-main/02Fearful/f2-02-02-01-33.wav	02Fearful
/kaggle/input/ased-main/ASED_V1-main/01Neutral/n1-03-02-01-25.wav	01Neutral
/kaggle/input/ased-main/ASED_V1-main/02Fearful/f2-02-01-02-30.wav	02Fearful
/kaggle/input/ased-main/ASED_V1-main/03Happy/h3-03-01-02-04.wav	03Happy
/kaggle/input/ased-main/ASED_V1-main/02Fearful/f2-05-01-02-28.wav	02Fearful
/kaggle/input/ased-main/ASED_V1-main/04Sad/s4-01-02-02-04.wav	04Sad
/kaggle/input/ased-main/ASED_V1-main/03Happy/h3-03-01-02-65.wav	03Happy
/kaggle/input/ased-main/ASED_V1-main/04Sad/s4-04-02-02-04.wav	04Sad
/kaggle/input/ased-main/ASED_V1-main/05Angry/a5-01-01-01-07.wav	05Angry
/kaggle/input/ased-main/ASED_V1-main/01Neutral/n1-02-02-02-02.wav	01Neutral
/kaggle/input/ased-main/ASED_V1-main/01Neutral/n1-06-01-02-06.wav	01Neutral
/kaggle/input/ased-main/ASED_V1-main/05Angry/a5-07-02-02-04.wav	05Angry
/kaggle/input/ased-main/ASED_V1-main/03Happy/h3-07-02-02-63.wav	03Happy
/kaggle/input/ased-main/ASED_V1-main/01Neutral/n1-06-01-02-30.wav	01Neutral
/kaggle/input/ased-main/ASED_V1-main/05Angry/a5-02-02-02-06.wav	05Angry
/kaggle/input/ased-main/ASED_V1-main/05Angry/a5-06-02-02-10.wav	05Angry
/kaggle/input/ased-main/ASED_V1-main/04Sad/s4-04-01-01-05.wav	04Sad
/kaggle/input/ased-main/ASED_V1-main/02Fearful/f2-07-01-01-31.wav	02Fearful
/kaggle/input/ased-main/ASED_V1-main/03Happy/h3-07-01-02-65.wav	03Happy
/kaggle/input/ased-main/ASED_V1-main/03Happy/h3-06-01-02-04.wav	03Happy
/kaggle/input/ased-main/ASED_V1-main/02Fearful/f2-06-01-01-21.wav	02Fearful
/kaggle/input/ased-main/ASED_V1-main/02Fearful/f2-05-01-01-01.wav	02Fearful
/kaggle/input/ased-main/ASED_V1-main/02Fearful/f2-05-01-01-05.wav	02Fearful
/kaggle/input/ased-main/ASED_V1-main/05Angry/a5-06-01-02-45.wav	05Angry
/kaggle/input/ased-main/ASED_V1-main/04Sad/s4-04-02-02-20.wav	04Sad
/kaggle/input/ased-main/ASED_V1-main/03Happy/h3-07-01-02-54.wav	03Happy
/kaggle/input/ased-main/ASED_V1-main/01Neutral/n1-05-02-02-61.wav	01Neutral
/kaggle/input/ased-main/ASED_V1-main/03Happy/h3-04-01-01-27.wav	03Happy
/kaggle/input/ased-main/ASED_V1-main/02Fearful/f2-04-01-02-61.wav	02Fearful
/kaggle/input/ased-main/ASED_V1-main/03Happy/h3-03-02-01-29.wav	03Happy
/kaggle/input/ased-main/ASED_V1-main/02Fearful/f2-06-02-02-55.wav	02Fearful
/kaggle/input/ased-main/ASED_V1-main/03Happy/h3-06-02-02-57.wav	03Happy
/kaggle/input/ased-main/ASED_V1-main/04Sad/s4-03-01-02-65.wav	04Sad
/kaggle/input/ased-main/ASED_V1-main/03Happy/h3-06-02-01-27.wav	03Happy
/kaggle/input/ased-main/ASED_V1-main/01Neutral/n1-04-01-02-50.wav	01Neutral
/kaggle/input/ased-main/ASED_V1-main/03Happy/h3-03-02-02-28.wav	03Happy
/kaggle/input/ased-main/ASED_V1-main/02Fearful/f2-04-01-01-01.wav	02Fearful
/kaggle/input/ased-main/ASED_V1-main/01Neutral/n1-02-01-02-06.wav	01Neutral
/kaggle/input/ased-main/ASED_V1-main/04Sad/s4-07-02-01-62.wav	04Sad
/kaggle/input/ased-main/ASED_V1-main/01Neutral/n1-04-01-02-41.wav	01Neutral
/kaggle/input/ased-main/ASED_V1-main/03Happy/h3-07-02-01-27.wav	03Happy
/kaggle/input/ased-main/ASED_V1-main/01Neutral/n1-07-01-02-30.wav	01Neutral
/kaggle/input/ased-main/ASED_V1-main/03Happy/h3-04-02-01-27.wav	03Happy
/kaggle/input/ased-main/ASED_V1-main/02Fearful/f2-01-02-02-04.wav	02Fearful
/kaggle/input/ased-main/ASED_V1-main/05Angry/a5-02-02-02-18.wav	05Angry
/kaggle/input/ased-main/ASED_V1-main/02Fearful/f2-05-02-02-30.wav	02Fearful
/kaggle/input/ased-main/ASED_V1-main/05Angry/a5-04-01-02-65.wav	05Angry
/kaggle/input/ased-main/ASED_V1-main/05Angry/a5-07-02-02-41.wav	05Angry
/kaggle/input/ased-main/ASED_V1-main/05Angry/a5-01-02-01-29.wav	05Angry
/kaggle/input/ased-main/ASED_V1-main/04Sad/s4-03-01-02-59.wav	04Sad
/kaggle/input/ased-main/ASED_V1-main/02Fearful/f2-05-01-01-23.wav	02Fearful
/kaggle/input/ased-main/ASED_V1-main/03Happy/h3-01-02-01-01.wav	03Happy
/kaggle/input/ased-main/ASED_V1-main/02Fearful/f2-05-02-02-53.wav	02Fearful
/kaggle/input/ased-main/ASED_V1-main/03Happy/h3-05-01-02-52.wav	03Happy
/kaggle/input/ased-main/ASED_V1-main/02Fearful/f2-06-01-02-63.wav	02Fearful
/kaggle/input/ased-main/ASED_V1-main/05Angry/a5-04-01-01-11.wav	05Angry
/kaggle/input/ased-main/ASED_V1-main/04Sad/S4-04-02-01-29.wav	04Sad
/kaggle/input/ased-main/ASED_V1-main/02Fearful/f2-02-01-02-28.wav	02Fearful
/kaggle/input/ased-main/ASED_V1-main/01Neutral/n1-03-01-02-63.wav	01Neutral
/kaggle/input/ased-main/ASED_V1-main/01Neutral/n1-02-02-02-24.wav	01Neutral
/kaggle/input/ased-main/ASED_V1-main/02Fearful/f2-02-02-01-31.wav	02Fearful
/kaggle/input/ased-main/ASED_V1-main/02Fearful/f2-06-02-01-13.wav	02Fearful
/kaggle/input/ased-main/ASED_V1-main/01Neutral/n1-02-02-01-15.wav	01Neutral
/kaggle/input/ased-main/ASED_V1-main/02Fearful/f2-03-01-02-41.wav	02Fearful
/kaggle/input/ased-main/ASED_V1-main/04Sad/s4-02-01-01-25.wav	04Sad
/kaggle/input/ased-main/ASED_V1-main/01Neutral/n1-05-01-02-50.wav	01Neutral
/kaggle/input/ased-main/ASED_V1-main/02Fearful/f2-04-02-02-28.wav	02Fearful
/kaggle/input/ased-main/ASED_V1-main/02Fearful/f2-05-02-02-60.wav	02Fearful
/kaggle/input/ased-main/ASED_V1-main/02Fearful/f2-01-01-01-03.wav	02Fearful
/kaggle/input/ased-main/ASED_V1-main/05Angry/a5-06-02-01-48.wav	05Angry
/kaggle/input/ased-main/ASED_V1-main/03Happy/h3-05-02-02-28.wav	03Happy
/kaggle/input/ased-main/ASED_V1-main/05Angry/a5-04-01-02-56.wav	05Angry
/kaggle/input/ased-main/ASED_V1-main/04Sad/s4-04-01-02-20.wav	04Sad
/kaggle/input/ased-main/ASED_V1-main/01Neutral/n1-07-01-02-06.wav	01Neutral
/kaggle/input/ased-main/ASED_V1-main/05Angry/a5-02-02-02-32.wav	05Angry
/kaggle/input/ased-main/ASED_V1-main/03Happy/h3-05-01-02-65.wav	03Happy
/kaggle/input/ased-main/ASED_V1-main/03Happy/h3-04-01-01-31.wav	03Happy
/kaggle/input/ased-main/ASED_V1-main/05Angry/a5-07-01-02-50.wav	05Angry
/kaggle/input/ased-main/ASED_V1-main/02Fearful/f2-05-01-02-04.wav	02Fearful
/kaggle/input/ased-main/ASED_V1-main/03Happy/h3-01-02-02-28.wav	03Happy
/kaggle/input/ased-main/ASED_V1-main/02Fearful/f2-01-01-02-10.wav	02Fearful
/kaggle/input/ased-main/ASED_V1-main/02Fearful/f2-02-02-02-50.wav	02Fearful
/kaggle/input/ased-main/ASED_V1-main/02Fearful/f2-01-02-02-39.wav	02Fearful
/kaggle/input/ased-main/ASED_V1-main/05Angry/a5-07-02-01-62.wav	05Angry
/kaggle/input/ased-main/ASED_V1-main/05Angry/a5-04-01-01-13.wav	05Angry
/kaggle/input/ased-main/ASED_V1-main/05Angry/a5-06-02-01-25.wav	05Angry
/kaggle/input/ased-main/ASED_V1-main/01Neutral/n1-04-02-01-21.wav	01Neutral
/kaggle/input/ased-main/ASED_V1-main/01Neutral/n1-06-01-01-05.wav	01Neutral
/kaggle/input/ased-main/ASED_V1-main/03Happy/h3-06-01-01-23.wav	03Happy
/kaggle/input/ased-main/ASED_V1-main/03Happy/h3-07-01-02-63.wav	03Happy
/kaggle/input/ased-main/ASED_V1-main/01Neutral/n1-05-01-02-61.wav	01Neutral
/kaggle/input/ased-main/ASED_V1-main/04Sad/s4-07-02-01-21.wav	04Sad
/kaggle/input/ased-main/ASED_V1-main/02Fearful/f2-07-02-02-64.wav	02Fearful
/kaggle/input/ased-main/ASED_V1-main/05Angry/a5-05-02-02-55.wav	05Angry
/kaggle/input/ased-main/ASED_V1-main/01Neutral/n1-05-02-02-50.wav	01Neutral
/kaggle/input/ased-main/ASED_V1-main/01Neutral/n1-06-02-01-05.wav	01Neutral
/kaggle/input/ased-main/ASED_V1-main/03Happy/h3-07-01-02-59.wav	03Happy
/kaggle/input/ased-main/ASED_V1-main/05Angry/a5-05-02-01-23.wav	05Angry
/kaggle/input/ased-main/ASED_V1-main/01Neutral/n1-01-02-02-34.wav	01Neutral
/kaggle/input/ased-main/ASED_V1-main/02Fearful/f2-04-01-01-21.wav	02Fearful
/kaggle/input/ased-main/ASED_V1-main/02Fearful/f2-02-01-02-39.wav	02Fearful
/kaggle/input/ased-main/ASED_V1-main/01Neutral/n1-01-01-02-38.wav	01Neutral
/kaggle/input/ased-main/ASED_V1-main/02Fearful/f2-05-02-02-20.wav	02Fearful
/kaggle/input/ased-main/ASED_V1-main/03Happy/h3-05-02-02-53.wav	03Happy
/kaggle/input/ased-main/ASED_V1-main/05Angry/a5-06-01-02-65.wav	05Angry
/kaggle/input/ased-main/ASED_V1-main/02Fearful/f2-02-01-01-31.wav	02Fearful
/kaggle/input/ased-main/ASED_V1-main/03Happy/h3-04-01-02-54.wav	03Happy
/kaggle/input/ased-main/ASED_V1-main/01Neutral/n1-07-02-02-51.wav	01Neutral
/kaggle/input/ased-main/ASED_V1-main/04Sad/s4-07-01-02-06.wav	04Sad
/kaggle/input/ased-main/ASED_V1-main/04Sad/s4-02-02-02-39.wav	04Sad
/kaggle/input/ased-main/ASED_V1-main/04Sad/s4-04-01-01-11.wav	04Sad
/kaggle/input/ased-main/ASED_V1-main/03Happy/h3-07-01-02-26.wav	03Happy
/kaggle/input/ased-main/ASED_V1-main/01Neutral/n1-01-02-02-02.wav	01Neutral
/kaggle/input/ased-main/ASED_V1-main/04Sad/s4-05-01-01-01.wav	04Sad
/kaggle/input/ased-main/ASED_V1-main/03Happy/h3-05-01-01-31.wav	03Happy
/kaggle/input/ased-main/ASED_V1-main/02Fearful/f2-02-02-02-30.wav	02Fearful
/kaggle/input/ased-main/ASED_V1-main/05Angry/a5-07-01-01-62.wav	05Angry
/kaggle/input/ased-main/ASED_V1-main/03Happy/h3-04-02-02-50.wav	03Happy
/kaggle/input/ased-main/ASED_V1-main/02Fearful/f2-06-02-01-31.wav	02Fearful
/kaggle/input/ased-main/ASED_V1-main/01Neutral/n1-07-02-02-04.wav	01Neutral
/kaggle/input/ased-main/ASED_V1-main/01Neutral/n1-07-01-01-21.wav	01Neutral
/kaggle/input/ased-main/ASED_V1-main/05Angry/a5-03-01-02-26.wav	05Angry
/kaggle/input/ased-main/ASED_V1-main/03Happy/h3-01-01-02-32.wav	03Happy
/kaggle/input/ased-main/ASED_V1-main/01Neutral/n1-03-02-02-61.wav	01Neutral
/kaggle/input/ased-main/ASED_V1-main/02Fearful/f2-05-02-01-11.wav	02Fearful
/kaggle/input/ased-main/ASED_V1-main/02Fearful/f2-02-02-02-42.wav	02Fearful
/kaggle/input/ased-main/ASED_V1-main/01Neutral/n1-07-02-01-13.wav	01Neutral
/kaggle/input/ased-main/ASED_V1-main/04Sad/s4-02-02-01-13.wav	04Sad
/kaggle/input/ased-main/ASED_V1-main/04Sad/s4-01-01-01-35.wav	04Sad
/kaggle/input/ased-main/ASED_V1-main/01Neutral/n1-05-02-02-26.wav	01Neutral
/kaggle/input/ased-main/ASED_V1-main/05Angry/a5-05-02-02-30.wav	05Angry
/kaggle/input/ased-main/ASED_V1-main/05Angry/a5-07-02-02-56.wav	05Angry
/kaggle/input/ased-main/ASED_V1-main/03Happy/h3-06-02-02-10.wav	03Happy
/kaggle/input/ased-main/ASED_V1-main/05Angry/a5-02-01-02-14.wav	05Angry
/kaggle/input/ased-main/ASED_V1-main/03Happy/h3-03-01-02-06.wav	03Happy
/kaggle/input/ased-main/ASED_V1-main/04Sad/s4-02-01-02-50.wav	04Sad
/kaggle/input/ased-main/ASED_V1-main/05Angry/a5-07-01-01-58.wav	05Angry
/kaggle/input/ased-main/ASED_V1-main/02Fearful/f2-06-02-02-52.wav	02Fearful
/kaggle/input/ased-main/ASED_V1-main/01Neutral/n1-05-01-01-11.wav	01Neutral
/kaggle/input/ased-main/ASED_V1-main/03Happy/h3-04-01-02-06.wav	03Happy
/kaggle/input/ased-main/ASED_V1-main/01Neutral/n1-07-02-01-25.wav	01Neutral
/kaggle/input/ased-main/ASED_V1-main/01Neutral/n1-01-02-02-14.wav	01Neutral
/kaggle/input/ased-main/ASED_V1-main/03Happy/h3-05-01-02-28.wav	03Happy
/kaggle/input/ased-main/ASED_V1-main/03Happy/h3-07-01-02-39.wav	03Happy
/kaggle/input/ased-main/ASED_V1-main/03Happy/h3-02-01-01-29.wav	03Happy
/kaggle/input/ased-main/ASED_V1-main/05Angry/a5-06-01-02-39.wav	05Angry
/kaggle/input/ased-main/ASED_V1-main/04Sad/s4-06-01-01-23.wav	04Sad
/kaggle/input/ased-main/ASED_V1-main/01Neutral/n1-05-01-02-63.wav	01Neutral
/kaggle/input/ased-main/ASED_V1-main/01Neutral/n1-01-01-02-32.wav	01Neutral
/kaggle/input/ased-main/ASED_V1-main/03Happy/h3-01-01-02-50.wav	03Happy
/kaggle/input/ased-main/ASED_V1-main/02Fearful/f2-03-02-02-50.wav	02Fearful
/kaggle/input/ased-main/ASED_V1-main/01Neutral/n1-07-01-02-51.wav	01Neutral
/kaggle/input/ased-main/ASED_V1-main/03Happy/h3-05-01-02-20.wav	03Happy
/kaggle/input/ased-main/ASED_V1-main/03Happy/h3-06-01-02-52.wav	03Happy
/kaggle/input/ased-main/ASED_V1-main/03Happy/h3-03-01-01-58.wav	03Happy
/kaggle/input/ased-main/ASED_V1-main/05Angry/a5-05-02-01-29.wav	05Angry
/kaggle/input/ased-main/ASED_V1-main/02Fearful/f2-02-02-01-01.wav	02Fearful
/kaggle/input/ased-main/ASED_V1-main/04Sad/s4-06-02-02-41.wav	04Sad
/kaggle/input/ased-main/ASED_V1-main/05Angry/a5-01-02-01-07.wav	05Angry
/kaggle/input/ased-main/ASED_V1-main/01Neutral/n1-05-02-02-57.wav	01Neutral
/kaggle/input/ased-main/ASED_V1-main/03Happy/h3-03-01-02-59.wav	03Happy
/kaggle/input/ased-main/ASED_V1-main/01Neutral/n1-04-02-02-10.wav	01Neutral
/kaggle/input/ased-main/ASED_V1-main/02Fearful/f2-03-02-02-28.wav	02Fearful
/kaggle/input/ased-main/ASED_V1-main/05Angry/a5-01-02-02-02.wav	05Angry
/kaggle/input/ased-main/ASED_V1-main/03Happy/h3-06-01-02-26.wav	03Happy
/kaggle/input/ased-main/ASED_V1-main/02Fearful/f2-06-01-01-29.wav	02Fearful
/kaggle/input/ased-main/ASED_V1-main/01Neutral/n1-06-02-01-29.wav	01Neutral
/kaggle/input/ased-main/ASED_V1-main/05Angry/a5-06-02-02-64.wav	05Angry
/kaggle/input/ased-main/ASED_V1-main/03Happy/h3-07-01-02-41.wav	03Happy
/kaggle/input/ased-main/ASED_V1-main/02Fearful/f2-05-02-01-25.wav	02Fearful
/kaggle/input/ased-main/ASED_V1-main/01Neutral/n1-07-02-01-21.wav	01Neutral
/kaggle/input/ased-main/ASED_V1-main/04Sad/s4-05-02-02-30.wav	04Sad
/kaggle/input/ased-main/ASED_V1-main/01Neutral/n1-02-01-02-04.wav	01Neutral
/kaggle/input/ased-main/ASED_V1-main/03Happy/h3-03-02-01-31.wav	03Happy
/kaggle/input/ased-main/ASED_V1-main/04Sad/s4-01-02-01-47.wav	04Sad
/kaggle/input/ased-main/ASED_V1-main/04Sad/s4-07-01-01-48.wav	04Sad
/kaggle/input/ased-main/ASED_V1-main/05Angry/a5-04-02-01-05.wav	05Angry
/kaggle/input/ased-main/ASED_V1-main/03Happy/h3-06-02-02-06.wav	03Happy
/kaggle/input/ased-main/ASED_V1-main/03Happy/h3-07-02-02-04.wav	03Happy
/kaggle/input/ased-main/ASED_V1-main/02Fearful/f2-07-01-02-52.wav	02Fearful
/kaggle/input/ased-main/ASED_V1-main/02Fearful/f2-06-01-02-41.wav	02Fearful
/kaggle/input/ased-main/ASED_V1-main/05Angry/a5-01-02-02-30.wav	05Angry
/kaggle/input/ased-main/ASED_V1-main/04Sad/s4-04-02-01-11.wav	04Sad
/kaggle/input/ased-main/ASED_V1-main/04Sad/s4-05-02-02-50.wav	04Sad
/kaggle/input/ased-main/ASED_V1-main/03Happy/h3-04-02-02-64.wav	03Happy
/kaggle/input/ased-main/ASED_V1-main/02Fearful/f2-02-01-01-43.wav	02Fearful
/kaggle/input/ased-main/ASED_V1-main/02Fearful/f2-01-02-01-37.wav	02Fearful
/kaggle/input/ased-main/ASED_V1-main/04Sad/s4-04-01-02-56.wav	04Sad
/kaggle/input/ased-main/ASED_V1-main/02Fearful/f2-03-01-02-61.wav	02Fearful
/kaggle/input/ased-main/ASED_V1-main/02Fearful/f2-04-02-01-21.wav	02Fearful
/kaggle/input/ased-main/ASED_V1-main/05Angry/a5-07-01-02-52.wav	05Angry
/kaggle/input/ased-main/ASED_V1-main/03Happy/h3-04-02-02-51.wav	03Happy
/kaggle/input/ased-main/ASED_V1-main/04Sad/s4-03-02-02-64.wav	04Sad
/kaggle/input/ased-main/ASED_V1-main/02Fearful/f2-06-01-02-65.wav	02Fearful
/kaggle/input/ased-main/ASED_V1-main/02Fearful/f2-05-01-02-57.wav	02Fearful
/kaggle/input/ased-main/ASED_V1-main/04Sad/s4-06-02-01-31.wav	04Sad
/kaggle/input/ased-main/ASED_V1-main/01Neutral/n1-07-01-02-64.wav	01Neutral
/kaggle/input/ased-main/ASED_V1-main/01Neutral/n1-07-01-01-27.wav	01Neutral
/kaggle/input/ased-main/ASED_V1-main/02Fearful/f2-03-02-01-31.wav	02Fearful
/kaggle/input/ased-main/ASED_V1-main/03Happy/h3-07-02-02-56.wav	03Happy
/kaggle/input/ased-main/ASED_V1-main/05Angry/a5-03-02-02-57.wav	05Angry
/kaggle/input/ased-main/ASED_V1-main/01Neutral/n1-05-02-01-48.wav	01Neutral
/kaggle/input/ased-main/ASED_V1-main/05Angry/a5-07-01-02-56.wav	05Angry
/kaggle/input/ased-main/ASED_V1-main/03Happy/h3-07-01-02-52.wav	03Happy
/kaggle/input/ased-main/ASED_V1-main/04Sad/s4-02-01-02-06.wav	04Sad
/kaggle/input/ased-main/ASED_V1-main/02Fearful/f2-01-01-01-13.wav	02Fearful
/kaggle/input/ased-main/ASED_V1-main/02Fearful/f2-04-01-02-28.wav	02Fearful
/kaggle/input/ased-main/ASED_V1-main/04Sad/s4-01-01-01-29.wav	04Sad
/kaggle/input/ased-main/ASED_V1-main/02Fearful/f2-07-01-01-01.wav	02Fearful
/kaggle/input/ased-main/ASED_V1-main/05Angry/a5-02-01-01-33.wav	05Angry
/kaggle/input/ased-main/ASED_V1-main/03Happy/h3-07-01-01-48.wav	03Happy
/kaggle/input/ased-main/ASED_V1-main/01Neutral/n1-04-01-02-30.wav	01Neutral
/kaggle/input/ased-main/ASED_V1-main/04Sad/s4-06-02-01-01.wav	04Sad
/kaggle/input/ased-main/ASED_V1-main/04Sad/s4-02-02-02-30.wav	04Sad
/kaggle/input/ased-main/ASED_V1-main/03Happy/h3-05-01-02-60.wav	03Happy
/kaggle/input/ased-main/ASED_V1-main/04Sad/s4-07-02-02-64.wav	04Sad
/kaggle/input/ased-main/ASED_V1-main/01Neutral/n1-03-02-02-50.wav	01Neutral
/kaggle/input/ased-main/ASED_V1-main/01Neutral/n1-03-02-02-04.wav	01Neutral
/kaggle/input/ased-main/ASED_V1-main/05Angry/a5-04-02-02-63.wav	05Angry
/kaggle/input/ased-main/ASED_V1-main/01Neutral/n1-04-02-01-48.wav	01Neutral
/kaggle/input/ased-main/ASED_V1-main/05Angry/a5-07-02-02-51.wav	05Angry
/kaggle/input/ased-main/ASED_V1-main/03Happy/h3-06-02-01-21.wav	03Happy
/kaggle/input/ased-main/ASED_V1-main/02Fearful/f2-02-02-01-03.wav	02Fearful
/kaggle/input/ased-main/ASED_V1-main/05Angry/a5-05-01-02-04.wav	05Angry
/kaggle/input/ased-main/ASED_V1-main/01Neutral/n1-04-01-01-25.wav	01Neutral
/kaggle/input/ased-main/ASED_V1-main/01Neutral/n1-03-02-01-27.wav	01Neutral
/kaggle/input/ased-main/ASED_V1-main/01Neutral/n1-01-01-02-50.wav	01Neutral
/kaggle/input/ased-main/ASED_V1-main/03Happy/h3-05-02-01-27.wav	03Happy
/kaggle/input/ased-main/ASED_V1-main/03Happy/h3-05-02-01-25.wav	03Happy
/kaggle/input/ased-main/ASED_V1-main/03Happy/h3-02-01-01-27.wav	03Happy
/kaggle/input/ased-main/ASED_V1-main/05Angry/a5-07-01-02-45.wav	05Angry
/kaggle/input/ased-main/ASED_V1-main/04Sad/s4-07-02-01-31.wav	04Sad
/kaggle/input/ased-main/ASED_V1-main/02Fearful/f2-07-02-02-30.wav	02Fearful
/kaggle/input/ased-main/ASED_V1-main/02Fearful/f2-03-02-02-63.wav	02Fearful
/kaggle/input/ased-main/ASED_V1-main/03Happy/h3-02-01-02-04.wav	03Happy
/kaggle/input/ased-main/ASED_V1-main/02Fearful/f2-01-02-02-50.wav	02Fearful
/kaggle/input/ased-main/ASED_V1-main/03Happy/h3-03-02-02-53.wav	03Happy
/kaggle/input/ased-main/ASED_V1-main/05Angry/a5-04-01-01-29.wav	05Angry
/kaggle/input/ased-main/ASED_V1-main/05Angry/a5-04-02-02-41.wav	05Angry
/kaggle/input/ased-main/ASED_V1-main/04Sad/s4-02-01-01-35.wav	04Sad
/kaggle/input/ased-main/ASED_V1-main/04Sad/s4-06-02-01-29.wav	04Sad
/kaggle/input/ased-main/ASED_V1-main/04Sad/s4-01-02-02-38.wav	04Sad
/kaggle/input/ased-main/ASED_V1-main/02Fearful/f2-05-02-01-23.wav	02Fearful
/kaggle/input/ased-main/ASED_V1-main/02Fearful/f2-01-01-02-42.wav	02Fearful
/kaggle/input/ased-main/ASED_V1-main/04Sad/s4-02-02-01-35.wav	04Sad
/kaggle/input/ased-main/ASED_V1-main/03Happy/h3-02-02-02-24.wav	03Happy
/kaggle/input/ased-main/ASED_V1-main/03Happy/h3-07-01-02-53.wav	03Happy
/kaggle/input/ased-main/ASED_V1-main/05Angry/a5-02-02-01-07.wav	05Angry
/kaggle/input/ased-main/ASED_V1-main/03Happy/h3-07-01-01-01.wav	03Happy
/kaggle/input/ased-main/ASED_V1-main/04Sad/s4-06-02-01-23.wav	04Sad
/kaggle/input/ased-main/ASED_V1-main/02Fearful/f2-07-02-02-04.wav	02Fearful
/kaggle/input/ased-main/ASED_V1-main/03Happy/h3-01-02-02-32.wav	03Happy
/kaggle/input/ased-main/ASED_V1-main/03Happy/h3-07-01-01-62.wav	03Happy
/kaggle/input/ased-main/ASED_V1-main/05Angry/a5-04-01-01-27.wav	05Angry
/kaggle/input/ased-main/ASED_V1-main/05Angry/a5-03-02-02-64.wav	05Angry
/kaggle/input/ased-main/ASED_V1-main/01Neutral/n1-06-01-01-29.wav	01Neutral
/kaggle/input/ased-main/ASED_V1-main/04Sad/s4-06-02-01-21.wav	04Sad
/kaggle/input/ased-main/ASED_V1-main/03Happy/h3-01-02-02-50.wav	03Happy
/kaggle/input/ased-main/ASED_V1-main/01Neutral/n1-07-01-02-56.wav	01Neutral
/kaggle/input/ased-main/ASED_V1-main/03Happy/h3-06-01-01-01.wav	03Happy
/kaggle/input/ased-main/ASED_V1-main/01Neutral/n1-05-01-02-55.wav	01Neutral
/kaggle/input/ased-main/ASED_V1-main/05Angry/a5-02-01-02-04.wav	05Angry
/kaggle/input/ased-main/ASED_V1-main/01Neutral/n1-02-01-02-18.wav	01Neutral
/kaggle/input/ased-main/ASED_V1-main/04Sad/s4-04-01-02-51.wav	04Sad
/kaggle/input/ased-main/ASED_V1-main/02Fearful/f2-05-02-02-56.wav	02Fearful
/kaggle/input/ased-main/ASED_V1-main/03Happy/h3-04-02-02-41.wav	03Happy
/kaggle/input/ased-main/ASED_V1-main/04Sad/s4-03-02-01-58.wav	04Sad
/kaggle/input/ased-main/ASED_V1-main/03Happy/h3-07-02-01-21.wav	03Happy
/kaggle/input/ased-main/ASED_V1-main/05Angry/a5-01-01-02-38.wav	05Angry
/kaggle/input/ased-main/ASED_V1-main/05Angry/a5-07-02-01-13.wav	05Angry
/kaggle/input/ased-main/ASED_V1-main/02Fearful/f2-07-01-02-53.wav	02Fearful
/kaggle/input/ased-main/ASED_V1-main/05Angry/a5-01-02-01-13.wav	05Angry
/kaggle/input/ased-main/ASED_V1-main/02Fearful/f2-02-01-01-13.wav	02Fearful
/kaggle/input/ased-main/ASED_V1-main/02Fearful/f2-03-02-02-26.wav	02Fearful
/kaggle/input/ased-main/ASED_V1-main/03Happy/h3-06-01-01-05.wav	03Happy
/kaggle/input/ased-main/ASED_V1-main/04Sad/s4-06-01-02-20.wav	04Sad
/kaggle/input/ased-main/ASED_V1-main/04Sad/s4-04-01-02-41.wav	04Sad
/kaggle/input/ased-main/ASED_V1-main/03Happy/h3-03-01-02-60.wav	03Happy
/kaggle/input/ased-main/ASED_V1-main/03Happy/h3-03-02-01-21.wav	03Happy
/kaggle/input/ased-main/ASED_V1-main/01Neutral/n1-01-01-02-18.wav	01Neutral
/kaggle/input/ased-main/ASED_V1-main/03Happy/h3-02-01-02-39.wav	03Happy
/kaggle/input/ased-main/ASED_V1-main/01Neutral/n1-06-02-02-53.wav	01Neutral
/kaggle/input/ased-main/ASED_V1-main/01Neutral/n1-01-02-02-26.wav	01Neutral
/kaggle/input/ased-main/ASED_V1-main/05Angry/a5-03-02-02-63.wav	05Angry
/kaggle/input/ased-main/ASED_V1-main/03Happy/h3-03-01-02-63.wav	03Happy
/kaggle/input/ased-main/ASED_V1-main/05Angry/a5-05-02-02-45.wav	05Angry
/kaggle/input/ased-main/ASED_V1-main/03Happy/h3-04-02-02-56.wav	03Happy
/kaggle/input/ased-main/ASED_V1-main/01Neutral/n1-04-01-01-21.wav	01Neutral
/kaggle/input/ased-main/ASED_V1-main/05Angry/a5-02-02-01-29.wav	05Angry
/kaggle/input/ased-main/ASED_V1-main/02Fearful/f2-05-01-02-56.wav	02Fearful
/kaggle/input/ased-main/ASED_V1-main/05Angry/a5-05-01-01-31.wav	05Angry
/kaggle/input/ased-main/ASED_V1-main/03Happy/h3-03-01-01-62.wav	03Happy
/kaggle/input/ased-main/ASED_V1-main/04Sad/s4-02-01-01-29.wav	04Sad
/kaggle/input/ased-main/ASED_V1-main/01Neutral/n1-02-01-02-02.wav	01Neutral
/kaggle/input/ased-main/ASED_V1-main/02Fearful/f2-03-02-01-11.wav	02Fearful
/kaggle/input/ased-main/ASED_V1-main/05Angry/a5-04-01-02-55.wav	05Angry
/kaggle/input/ased-main/ASED_V1-main/05Angry/a5-01-01-02-50.wav	05Angry
/kaggle/input/ased-main/ASED_V1-main/05Angry/a5-07-01-01-11.wav	05Angry
/kaggle/input/ased-main/ASED_V1-main/03Happy/h3-01-02-02-24.wav	03Happy
/kaggle/input/ased-main/ASED_V1-main/02Fearful/f2-06-02-02-41.wav	02Fearful
/kaggle/input/ased-main/ASED_V1-main/03Happy/h3-07-01-01-05.wav	03Happy
/kaggle/input/ased-main/ASED_V1-main/04Sad/s4-03-02-02-20.wav	04Sad
/kaggle/input/ased-main/ASED_V1-main/04Sad/s4-07-01-02-55.wav	04Sad
/kaggle/input/ased-main/ASED_V1-main/04Sad/s4-01-01-02-26.wav	04Sad
/kaggle/input/ased-main/ASED_V1-main/03Happy/h3-01-01-01-05.wav	03Happy
/kaggle/input/ased-main/ASED_V1-main/01Neutral/n1-05-02-01-27.wav	01Neutral
/kaggle/input/ased-main/ASED_V1-main/05Angry/a5-03-01-01-05.wav	05Angry
/kaggle/input/ased-main/ASED_V1-main/02Fearful/f2-07-02-01-27.wav	02Fearful
/kaggle/input/ased-main/ASED_V1-main/01Neutral/n1-04-02-01-13.wav	01Neutral
/kaggle/input/ased-main/ASED_V1-main/02Fearful/f2-04-02-02-39.wav	02Fearful
/kaggle/input/ased-main/ASED_V1-main/01Neutral/n1-06-02-01-48.wav	01Neutral
/kaggle/input/ased-main/ASED_V1-main/04Sad/s4-03-01-02-30.wav	04Sad
/kaggle/input/ased-main/ASED_V1-main/03Happy/h3-05-01-01-23.wav	03Happy
/kaggle/input/ased-main/ASED_V1-main/02Fearful/f2-01-02-02-32.wav	02Fearful
/kaggle/input/ased-main/ASED_V1-main/04Sad/s4-04-02-02-57.wav	04Sad
/kaggle/input/ased-main/ASED_V1-main/05Angry/a5-03-01-02-39.wav	05Angry
/kaggle/input/ased-main/ASED_V1-main/01Neutral/n1-05-02-01-01.wav	01Neutral
/kaggle/input/ased-main/ASED_V1-main/03Happy/h3-04-02-02-28.wav	03Happy
/kaggle/input/ased-main/ASED_V1-main/03Happy/h3-06-01-02-65.wav	03Happy
/kaggle/input/ased-main/ASED_V1-main/03Happy/h3-05-02-02-30.wav	03Happy
/kaggle/input/ased-main/ASED_V1-main/01Neutral/n1-01-01-02-20.wav	01Neutral
/kaggle/input/ased-main/ASED_V1-main/04Sad/s4-04-01-02-60.wav	04Sad
/kaggle/input/ased-main/ASED_V1-main/05Angry/a5-02-01-02-10.wav	05Angry
/kaggle/input/ased-main/ASED_V1-main/05Angry/a5-05-01-02-53.wav	05Angry
/kaggle/input/ased-main/ASED_V1-main/02Fearful/f2-04-02-01-62.wav	02Fearful
/kaggle/input/ased-main/ASED_V1-main/03Happy/h3-06-02-02-55.wav	03Happy
/kaggle/input/ased-main/ASED_V1-main/04Sad/s4-07-02-02-30.wav	04Sad
/kaggle/input/ased-main/ASED_V1-main/05Angry/a5-04-01-02-50.wav	05Angry
/kaggle/input/ased-main/ASED_V1-main/05Angry/a5-04-01-02-06.wav	05Angry
/kaggle/input/ased-main/ASED_V1-main/04Sad/s4-03-01-02-52.wav	04Sad
/kaggle/input/ased-main/ASED_V1-main/04Sad/s4-03-02-02-54.wav	04Sad
/kaggle/input/ased-main/ASED_V1-main/05Angry/a5-01-01-01-09.wav	05Angry
/kaggle/input/ased-main/ASED_V1-main/03Happy/h3-04-01-02-57.wav	03Happy
/kaggle/input/ased-main/ASED_V1-main/01Neutral/n1-03-02-02-59.wav	01Neutral
/kaggle/input/ased-main/ASED_V1-main/01Neutral/n1-05-01-02-10.wav	01Neutral
/kaggle/input/ased-main/ASED_V1-main/03Happy/h3-05-02-02-57.wav	03Happy
/kaggle/input/ased-main/ASED_V1-main/04Sad/s4-05-02-01-25.wav	04Sad
/kaggle/input/ased-main/ASED_V1-main/03Happy/h3-06-01-02-61.wav	03Happy
/kaggle/input/ased-main/ASED_V1-main/04Sad/s4-05-01-02-63.wav	04Sad
/kaggle/input/ased-main/ASED_V1-main/04Sad/s4-06-02-01-05.wav	04Sad
/kaggle/input/ased-main/ASED_V1-main/01Neutral/n1-02-01-02-10.wav	01Neutral
/kaggle/input/ased-main/ASED_V1-main/03Happy/h3-02-02-01-01.wav	03Happy
/kaggle/input/ased-main/ASED_V1-main/01Neutral/n1-01-01-02-26.wav	01Neutral
/kaggle/input/ased-main/ASED_V1-main/01Neutral/n1-05-01-02-28.wav	01Neutral
/kaggle/input/ased-main/ASED_V1-main/01Neutral/n1-05-02-02-06.wav	01Neutral
/kaggle/input/ased-main/ASED_V1-main/05Angry/a5-03-01-02-61.wav	05Angry
/kaggle/input/ased-main/ASED_V1-main/05Angry/a5-06-01-02-53.wav	05Angry
/kaggle/input/ased-main/ASED_V1-main/02Fearful/f2-01-01-02-12.wav	02Fearful
/kaggle/input/ased-main/ASED_V1-main/05Angry/a5-06-01-02-63.wav	05Angry
/kaggle/input/ased-main/ASED_V1-main/01Neutral/n1-02-02-02-12.wav	01Neutral
/kaggle/input/ased-main/ASED_V1-main/01Neutral/n1-02-01-01-05.wav	01Neutral
/kaggle/input/ased-main/ASED_V1-main/02Fearful/f2-07-02-01-05.wav	02Fearful
/kaggle/input/ased-main/ASED_V1-main/03Happy/h3-04-01-01-11.wav	03Happy
/kaggle/input/ased-main/ASED_V1-main/01Neutral/n1-02-02-02-46.wav	01Neutral
/kaggle/input/ased-main/ASED_V1-main/05Angry/a5-02-02-01-33.wav	05Angry
/kaggle/input/ased-main/ASED_V1-main/05Angry/a5-05-01-02-52.wav	05Angry
/kaggle/input/ased-main/ASED_V1-main/01Neutral/n1-03-01-02-60.wav	01Neutral
/kaggle/input/ased-main/ASED_V1-main/05Angry/a5-03-01-01-31.wav	05Angry
/kaggle/input/ased-main/ASED_V1-main/04Sad/s4-05-01-02-64.wav	04Sad
/kaggle/input/ased-main/ASED_V1-main/05Angry/a5-02-01-01-07.wav	05Angry
/kaggle/input/ased-main/ASED_V1-main/02Fearful/f2-02-02-01-47.wav	02Fearful
/kaggle/input/ased-main/ASED_V1-main/04Sad/s4-03-01-01-58.wav	04Sad
/kaggle/input/ased-main/ASED_V1-main/05Angry/a5-06-01-02-30.wav	05Angry
/kaggle/input/ased-main/ASED_V1-main/03Happy/h3-03-02-02-41.wav	03Happy
/kaggle/input/ased-main/ASED_V1-main/02Fearful/f2-05-02-02-39.wav	02Fearful
/kaggle/input/ased-main/ASED_V1-main/04Sad/s4-03-01-01-21.wav	04Sad
/kaggle/input/ased-main/ASED_V1-main/01Neutral/n1-04-02-01-27.wav	01Neutral
/kaggle/input/ased-main/ASED_V1-main/05Angry/a5-04-01-02-41.wav	05Angry
/kaggle/input/ased-main/ASED_V1-main/05Angry/a5-01-01-01-33.wav	05Angry
/kaggle/input/ased-main/ASED_V1-main/01Neutral/n1-03-02-02-63.wav	01Neutral
/kaggle/input/ased-main/ASED_V1-main/01Neutral/n1-06-01-02-52.wav	01Neutral
/kaggle/input/ased-main/ASED_V1-main/01Neutral/n1-04-01-01-13.wav	01Neutral
/kaggle/input/ased-main/ASED_V1-main/05Angry/a5-06-01-01-01.wav	05Angry
/kaggle/input/ased-main/ASED_V1-main/02Fearful/f2-07-02-02-54.wav	02Fearful
/kaggle/input/ased-main/ASED_V1-main/05Angry/a5-03-01-01-25.wav	05Angry
/kaggle/input/ased-main/ASED_V1-main/04Sad/s4-05-02-02-64.wav	04Sad
/kaggle/input/ased-main/ASED_V1-main/05Angry/a5-07-01-01-31.wav	05Angry
/kaggle/input/ased-main/ASED_V1-main/05Angry/a5-01-01-01-19.wav	05Angry
/kaggle/input/ased-main/ASED_V1-main/03Happy/h3-06-01-01-31.wav	03Happy
/kaggle/input/ased-main/ASED_V1-main/04Sad/s4-02-02-02-38.wav	04Sad
/kaggle/input/ased-main/ASED_V1-main/04Sad/s4-05-02-01-48.wav	04Sad
/kaggle/input/ased-main/ASED_V1-main/03Happy/h3-05-01-01-27.wav	03Happy
/kaggle/input/ased-main/ASED_V1-main/04Sad/s4-06-01-02-39.wav	04Sad
/kaggle/input/ased-main/ASED_V1-main/02Fearful/f2-04-01-02-26.wav	02Fearful
/kaggle/input/ased-main/ASED_V1-main/05Angry/a5-05-01-02-30.wav	05Angry
/kaggle/input/ased-main/ASED_V1-main/01Neutral/n1-03-02-02-45.wav	01Neutral
/kaggle/input/ased-main/ASED_V1-main/04Sad/s4-07-01-01-31.wav	04Sad
/kaggle/input/ased-main/ASED_V1-main/01Neutral/n1-03-02-02-64.wav	01Neutral
/kaggle/input/ased-main/ASED_V1-main/03Happy/h3-03-01-02-20.wav	03Happy
/kaggle/input/ased-main/ASED_V1-main/01Neutral/n1-06-02-01-25.wav	01Neutral
/kaggle/input/ased-main/ASED_V1-main/02Fearful/f2-04-01-02-64.wav	02Fearful
/kaggle/input/ased-main/ASED_V1-main/05Angry/a5-04-01-02-10.wav	05Angry
/kaggle/input/ased-main/ASED_V1-main/04Sad/s4-05-01-02-60.wav	04Sad
/kaggle/input/ased-main/ASED_V1-main/05Angry/a5-04-02-01-62.wav	05Angry
/kaggle/input/ased-main/ASED_V1-main/01Neutral/n1-05-02-01-13.wav	01Neutral
/kaggle/input/ased-main/ASED_V1-main/02Fearful/f2-01-02-01-03.wav	02Fearful
/kaggle/input/ased-main/ASED_V1-main/03Happy/h3-07-01-02-60.wav	03Happy
/kaggle/input/ased-main/ASED_V1-main/05Angry/a5-05-01-02-54.wav	05Angry
/kaggle/input/ased-main/ASED_V1-main/05Angry/a5-06-02-02-04.wav	05Angry
/kaggle/input/ased-main/ASED_V1-main/02Fearful/f2-05-02-01-31.wav	02Fearful
/kaggle/input/ased-main/ASED_V1-main/05Angry/a5-06-02-02-20.wav	05Angry
/kaggle/input/ased-main/ASED_V1-main/04Sad/s4-02-01-01-47.wav	04Sad
/kaggle/input/ased-main/ASED_V1-main/03Happy/h3-05-02-01-21.wav	03Happy
/kaggle/input/ased-main/ASED_V1-main/01Neutral/n1-01-02-02-12.wav	01Neutral
/kaggle/input/ased-main/ASED_V1-main/02Fearful/f2-02-01-01-03.wav	02Fearful
/kaggle/input/ased-main/ASED_V1-main/02Fearful/f2-06-01-02-56.wav	02Fearful
/kaggle/input/ased-main/ASED_V1-main/02Fearful/f2-07-01-02-51.wav	02Fearful
/kaggle/input/ased-main/ASED_V1-main/04Sad/s4-02-01-02-02.wav	04Sad
/kaggle/input/ased-main/ASED_V1-main/03Happy/h3-05-02-01-05.wav	03Happy
/kaggle/input/ased-main/ASED_V1-main/04Sad/s4-01-01-01-09.wav	04Sad
/kaggle/input/ased-main/ASED_V1-main/04Sad/s4-05-02-02-57.wav	04Sad
/kaggle/input/ased-main/ASED_V1-main/01Neutral/n1-01-01-01-19.wav	01Neutral
/kaggle/input/ased-main/ASED_V1-main/05Angry/a5-01-02-02-14.wav	05Angry
/kaggle/input/ased-main/ASED_V1-main/02Fearful/f2-01-02-02-12.wav	02Fearful
/kaggle/input/ased-main/ASED_V1-main/01Neutral/n1-06-02-01-01.wav	01Neutral
/kaggle/input/ased-main/ASED_V1-main/05Angry/a5-04-02-02-10.wav	05Angry
/kaggle/input/ased-main/ASED_V1-main/04Sad/s4-02-01-01-11.wav	04Sad
/kaggle/input/ased-main/ASED_V1-main/02Fearful/f2-01-01-01-29.wav	02Fearful
/kaggle/input/ased-main/ASED_V1-main/05Angry/a5-06-01-02-52.wav	05Angry
/kaggle/input/ased-main/ASED_V1-main/01Neutral/n1-07-01-02-04.wav	01Neutral
/kaggle/input/ased-main/ASED_V1-main/02Fearful/f2-03-01-02-52.wav	02Fearful
/kaggle/input/ased-main/ASED_V1-main/05Angry/a5-02-02-01-19.wav	05Angry
/kaggle/input/ased-main/ASED_V1-main/01Neutral/n1-01-02-01-25.wav	01Neutral
/kaggle/input/ased-main/ASED_V1-main/01Neutral/n1-04-01-01-05.wav	01Neutral
/kaggle/input/ased-main/ASED_V1-main/01Neutral/n1-05-01-02-51.wav	01Neutral
/kaggle/input/ased-main/ASED_V1-main/01Neutral/n1-06-01-02-28.wav	01Neutral
/kaggle/input/ased-main/ASED_V1-main/02Fearful/f2-03-02-01-58.wav	02Fearful
/kaggle/input/ased-main/ASED_V1-main/04Sad/s4-05-01-02-20.wav	04Sad
/kaggle/input/ased-main/ASED_V1-main/04Sad/s4-05-02-01-01.wav	04Sad
/kaggle/input/ased-main/ASED_V1-main/03Happy/h3-03-02-02-51.wav	03Happy
/kaggle/input/ased-main/ASED_V1-main/03Happy/h3-07-02-02-30.wav	03Happy
/kaggle/input/ased-main/ASED_V1-main/02Fearful/f2-02-01-01-37.wav	02Fearful
/kaggle/input/ased-main/ASED_V1-main/03Happy/h3-03-01-02-64.wav	03Happy
/kaggle/input/ased-main/ASED_V1-main/01Neutral/n1-06-02-02-60.wav	01Neutral
/kaggle/input/ased-main/ASED_V1-main/03Happy/h3-03-01-01-05.wav	03Happy
/kaggle/input/ased-main/ASED_V1-main/01Neutral/n1-05-01-01-13.wav	01Neutral
/kaggle/input/ased-main/ASED_V1-main/04Sad/s4-03-01-02-41.wav	04Sad
/kaggle/input/ased-main/ASED_V1-main/04Sad/s4-06-02-02-57.wav	04Sad
/kaggle/input/ased-main/ASED_V1-main/04Sad/s4-04-02-02-59.wav	04Sad
/kaggle/input/ased-main/ASED_V1-main/01Neutral/n1-04-01-02-10.wav	01Neutral
/kaggle/input/ased-main/ASED_V1-main/03Happy/h3-02-02-02-30.wav	03Happy
/kaggle/input/ased-main/ASED_V1-main/05Angry/a5-01-01-02-12.wav	05Angry
/kaggle/input/ased-main/ASED_V1-main/01Neutral/n1-05-02-02-60.wav	01Neutral
/kaggle/input/ased-main/ASED_V1-main/04Sad/s4-02-02-02-41.wav	04Sad
/kaggle/input/ased-main/ASED_V1-main/02Fearful/f2-05-02-02-28.wav	02Fearful
/kaggle/input/ased-main/ASED_V1-main/04Sad/s4-03-01-01-13.wav	04Sad
/kaggle/input/ased-main/ASED_V1-main/01Neutral/n1-01-02-01-21.wav	01Neutral
/kaggle/input/ased-main/ASED_V1-main/02Fearful/f2-01-01-02-06.wav	02Fearful
/kaggle/input/ased-main/ASED_V1-main/04Sad/s4-05-02-02-56.wav	04Sad
/kaggle/input/ased-main/ASED_V1-main/02Fearful/f2-04-01-02-20.wav	02Fearful
/kaggle/input/ased-main/ASED_V1-main/04Sad/s4-07-02-01-48.wav	04Sad
/kaggle/input/ased-main/ASED_V1-main/02Fearful/f2-05-01-01-27.wav	02Fearful
/kaggle/input/ased-main/ASED_V1-main/02Fearful/f2-03-01-02-10.wav	02Fearful
/kaggle/input/ased-main/ASED_V1-main/02Fearful/f2-03-02-01-62.wav	02Fearful
/kaggle/input/ased-main/ASED_V1-main/04Sad/s4-05-01-01-29.wav	04Sad
/kaggle/input/ased-main/ASED_V1-main/04Sad/s4-05-01-02-10.wav	04Sad
/kaggle/input/ased-main/ASED_V1-main/05Angry/a5-02-02-02-38.wav	05Angry
/kaggle/input/ased-main/ASED_V1-main/02Fearful/f2-06-02-02-04.wav	02Fearful
/kaggle/input/ased-main/ASED_V1-main/04Sad/s4-03-02-01-62.wav	04Sad
/kaggle/input/ased-main/ASED_V1-main/01Neutral/n1-07-02-01-31.wav	01Neutral
/kaggle/input/ased-main/ASED_V1-main/05Angry/a5-04-01-02-63.wav	05Angry
/kaggle/input/ased-main/ASED_V1-main/01Neutral/n1-07-01-02-55.wav	01Neutral
/kaggle/input/ased-main/ASED_V1-main/01Neutral/n1-04-02-02-30.wav	01Neutral
/kaggle/input/ased-main/ASED_V1-main/03Happy/h3-03-01-02-54.wav	03Happy
/kaggle/input/ased-main/ASED_V1-main/02Fearful/f2-07-02-01-25.wav	02Fearful
/kaggle/input/ased-main/ASED_V1-main/04Sad/s4-06-01-02-06.wav	04Sad
/kaggle/input/ased-main/ASED_V1-main/01Neutral/n1-07-01-01-25.wav	01Neutral
/kaggle/input/ased-main/ASED_V1-main/04Sad/s4-01-01-01-01.wav	04Sad
/kaggle/input/ased-main/ASED_V1-main/04Sad/s4-07-01-02-51.wav	04Sad
/kaggle/input/ased-main/ASED_V1-main/05Angry/a5-02-02-02-46.wav	05Angry
/kaggle/input/ased-main/ASED_V1-main/05Angry/a5-07-02-01-25.wav	05Angry
/kaggle/input/ased-main/ASED_V1-main/04Sad/s4-05-02-01-23.wav	04Sad
/kaggle/input/ased-main/ASED_V1-main/03Happy/h3-05-01-02-06.wav	03Happy
/kaggle/input/ased-main/ASED_V1-main/03Happy/h3-01-02-02-39.wav	03Happy
/kaggle/input/ased-main/ASED_V1-main/03Happy/h3-01-02-02-41.wav	03Happy
/kaggle/input/ased-main/ASED_V1-main/05Angry/a5-04-01-02-04.wav	05Angry
/kaggle/input/ased-main/ASED_V1-main/01Neutral/n1-06-01-02-61.wav	01Neutral
/kaggle/input/ased-main/ASED_V1-main/05Angry/a5-02-02-01-13.wav	05Angry
/kaggle/input/ased-main/ASED_V1-main/03Happy/h3-01-01-02-02.wav	03Happy
/kaggle/input/ased-main/ASED_V1-main/04Sad/s4-02-01-02-39.wav	04Sad
/kaggle/input/ased-main/ASED_V1-main/02Fearful/f2-07-01-02-57.wav	02Fearful
/kaggle/input/ased-main/ASED_V1-main/05Angry/a5-01-02-01-03.wav	05Angry
/kaggle/input/ased-main/ASED_V1-main/05Angry/a5-04-01-02-26.wav	05Angry
/kaggle/input/ased-main/ASED_V1-main/03Happy/h3-04-01-02-53.wav	03Happy
/kaggle/input/ased-main/ASED_V1-main/05Angry/a5-05-02-02-06.wav	05Angry
/kaggle/input/ased-main/ASED_V1-main/01Neutral/n1-03-01-02-54.wav	01Neutral
/kaggle/input/ased-main/ASED_V1-main/03Happy/h3-04-02-01-01.wav	03Happy
/kaggle/input/ased-main/ASED_V1-main/01Neutral/n1-03-02-01-48.wav	01Neutral
/kaggle/input/ased-main/ASED_V1-main/02Fearful/f2-03-02-02-41.wav	02Fearful
/kaggle/input/ased-main/ASED_V1-main/05Angry/a5-06-01-02-57.wav	05Angry
/kaggle/input/ased-main/ASED_V1-main/02Fearful/f2-07-01-02-61.wav	02Fearful
/kaggle/input/ased-main/ASED_V1-main/02Fearful/f2-04-02-02-57.wav	02Fearful
/kaggle/input/ased-main/ASED_V1-main/02Fearful/f2-02-01-01-33.wav	02Fearful
/kaggle/input/ased-main/ASED_V1-main/04Sad/s4-01-01-01-13.wav	04Sad
/kaggle/input/ased-main/ASED_V1-main/02Fearful/f2-05-02-02-65.wav	02Fearful
/kaggle/input/ased-main/ASED_V1-main/01Neutral/n1-05-01-02-20.wav	01Neutral
/kaggle/input/ased-main/ASED_V1-main/05Angry/a5-05-02-02-52.wav	05Angry
/kaggle/input/ased-main/ASED_V1-main/03Happy/h3-03-01-02-61.wav	03Happy
/kaggle/input/ased-main/ASED_V1-main/03Happy/h3-01-01-02-30.wav	03Happy
/kaggle/input/ased-main/ASED_V1-main/01Neutral/n1-04-02-02-59.wav	01Neutral
/kaggle/input/ased-main/ASED_V1-main/04Sad/s4-06-02-02-52.wav	04Sad
/kaggle/input/ased-main/ASED_V1-main/02Fearful/f2-01-01-01-25.wav	02Fearful
/kaggle/input/ased-main/ASED_V1-main/05Angry/a5-05-01-02-65.wav	05Angry
/kaggle/input/ased-main/ASED_V1-main/01Neutral/n1-02-01-01-17.wav	01Neutral
/kaggle/input/ased-main/ASED_V1-main/05Angry/a5-03-02-02-28.wav	05Angry
/kaggle/input/ased-main/ASED_V1-main/01Neutral/n1-03-01-01-11.wav	01Neutral
/kaggle/input/ased-main/ASED_V1-main/03Happy/h3-02-01-01-09.wav	03Happy
/kaggle/input/ased-main/ASED_V1-main/01Neutral/n1-04-02-02-04.wav	01Neutral
/kaggle/input/ased-main/ASED_V1-main/01Neutral/n1-04-01-01-58.wav	01Neutral
/kaggle/input/ased-main/ASED_V1-main/01Neutral/n1-03-02-01-31.wav	01Neutral
/kaggle/input/ased-main/ASED_V1-main/02Fearful/f2-07-02-02-28.wav	02Fearful
/kaggle/input/ased-main/ASED_V1-main/01Neutral/n1-03-01-01-21.wav	01Neutral
/kaggle/input/ased-main/ASED_V1-main/05Angry/a5-03-02-02-61.wav	05Angry
/kaggle/input/ased-main/ASED_V1-main/01Neutral/n1-03-01-02-65.wav	01Neutral
/kaggle/input/ased-main/ASED_V1-main/05Angry/a5-03-01-02-59.wav	05Angry
/kaggle/input/ased-main/ASED_V1-main/04Sad/s4-04-01-02-55.wav	04Sad
/kaggle/input/ased-main/ASED_V1-main/05Angry/a5-03-02-02-41.wav	05Angry
/kaggle/input/ased-main/ASED_V1-main/04Sad/s4-06-02-02-56.wav	04Sad
/kaggle/input/ased-main/ASED_V1-main/05Angry/a5-07-01-02-10.wav	05Angry
/kaggle/input/ased-main/ASED_V1-main/05Angry/a5-06-01-02-60.wav	05Angry
/kaggle/input/ased-main/ASED_V1-main/02Fearful/f2-05-02-01-58.wav	02Fearful
/kaggle/input/ased-main/ASED_V1-main/04Sad/s4-02-01-02-32.wav	04Sad
/kaggle/input/ased-main/ASED_V1-main/02Fearful/f2-06-01-02-30.wav	02Fearful
/kaggle/input/ased-main/ASED_V1-main/05Angry/a5-07-01-01-21.wav	05Angry
/kaggle/input/ased-main/ASED_V1-main/02Fearful/f2-07-01-02-06.wav	02Fearful
/kaggle/input/ased-main/ASED_V1-main/01Neutral/n1-07-02-01-11.wav	01Neutral
/kaggle/input/ased-main/ASED_V1-main/01Neutral/n1-05-02-02-63.wav	01Neutral
/kaggle/input/ased-main/ASED_V1-main/02Fearful/f2-06-02-02-51.wav	02Fearful
/kaggle/input/ased-main/ASED_V1-main/01Neutral/n1-05-01-01-29.wav	01Neutral
/kaggle/input/ased-main/ASED_V1-main/05Angry/a5-05-02-01-48.wav	05Angry
/kaggle/input/ased-main/ASED_V1-main/02Fearful/f2-04-01-02-51.wav	02Fearful
/kaggle/input/ased-main/ASED_V1-main/03Happy/h3-03-02-02-20.wav	03Happy
/kaggle/input/ased-main/ASED_V1-main/02Fearful/f2-06-02-02-20.wav	02Fearful
/kaggle/input/ased-main/ASED_V1-main/05Angry/a5-04-02-02-06.wav	05Angry
/kaggle/input/ased-main/ASED_V1-main/05Angry/a5-01-02-02-26.wav	05Angry
/kaggle/input/ased-main/ASED_V1-main/01Neutral/n1-06-01-02-63.wav	01Neutral
/kaggle/input/ased-main/ASED_V1-main/01Neutral/n1-02-02-01-47.wav	01Neutral
/kaggle/input/ased-main/ASED_V1-main/04Sad/s4-04-02-01-13.wav	04Sad
/kaggle/input/ased-main/ASED_V1-main/02Fearful/f2-02-02-01-27.wav	02Fearful
/kaggle/input/ased-main/ASED_V1-main/01Neutral/n1-04-01-02-28.wav	01Neutral
/kaggle/input/ased-main/ASED_V1-main/01Neutral/n1-07-01-01-31.wav	01Neutral
/kaggle/input/ased-main/ASED_V1-main/03Happy/h3-03-02-02-39.wav	03Happy
/kaggle/input/ased-main/ASED_V1-main/01Neutral/n1-06-01-02-51.wav	01Neutral
/kaggle/input/ased-main/ASED_V1-main/03Happy/h3-07-01-02-51.wav	03Happy
/kaggle/input/ased-main/ASED_V1-main/04Sad/s4-05-01-02-56.wav	04Sad
/kaggle/input/ased-main/ASED_V1-main/05Angry/a5-07-01-01-48.wav	05Angry
/kaggle/input/ased-main/ASED_V1-main/02Fearful/f2-04-01-01-27.wav	02Fearful
/kaggle/input/ased-main/ASED_V1-main/02Fearful/f2-03-01-01-01.wav	02Fearful
/kaggle/input/ased-main/ASED_V1-main/05Angry/a5-06-02-02-30.wav	05Angry
/kaggle/input/ased-main/ASED_V1-main/02Fearful/f2-06-01-02-10.wav	02Fearful
/kaggle/input/ased-main/ASED_V1-main/01Neutral/n1-04-01-02-45.wav	01Neutral
/kaggle/input/ased-main/ASED_V1-main/01Neutral/n1-06-02-02-06.wav	01Neutral
/kaggle/input/ased-main/ASED_V1-main/05Angry/a5-02-01-02-32.wav	05Angry
/kaggle/input/ased-main/ASED_V1-main/01Neutral/n1-03-01-02-10.wav	01Neutral
/kaggle/input/ased-main/ASED_V1-main/03Happy/h3-07-02-01-31.wav	03Happy
/kaggle/input/ased-main/ASED_V1-main/02Fearful/f2-01-02-01-05.wav	02Fearful
/kaggle/input/ased-main/ASED_V1-main/05Angry/a5-05-01-02-63.wav	05Angry
/kaggle/input/ased-main/ASED_V1-main/02Fearful/f2-07-02-01-48.wav	02Fearful
/kaggle/input/ased-main/ASED_V1-main/02Fearful/f2-07-01-01-62.wav	02Fearful
/kaggle/input/ased-main/ASED_V1-main/05Angry/a5-03-01-02-45.wav	05Angry
/kaggle/input/ased-main/ASED_V1-main/03Happy/h3-04-01-01-25.wav	03Happy
/kaggle/input/ased-main/ASED_V1-main/05Angry/a5-07-02-01-05.wav	05Angry
/kaggle/input/ased-main/ASED_V1-main/01Neutral/n1-06-02-01-62.wav	01Neutral
/kaggle/input/ased-main/ASED_V1-main/02Fearful/f2-05-02-02-41.wav	02Fearful
/kaggle/input/ased-main/ASED_V1-main/05Angry/a5-02-01-02-41.wav	05Angry
/kaggle/input/ased-main/ASED_V1-main/02Fearful/f2-03-01-02-65.wav	02Fearful
/kaggle/input/ased-main/ASED_V1-main/04Sad/s4-02-02-02-24.wav	04Sad
/kaggle/input/ased-main/ASED_V1-main/05Angry/a5-04-01-02-51.wav	05Angry
/kaggle/input/ased-main/ASED_V1-main/04Sad/s4-06-01-02-28.wav	04Sad
/kaggle/input/ased-main/ASED_V1-main/03Happy/h3-06-02-01-23.wav	03Happy
/kaggle/input/ased-main/ASED_V1-main/05Angry/a5-04-02-01-21.wav	05Angry
/kaggle/input/ased-main/ASED_V1-main/04Sad/s4-04-01-02-64.wav	04Sad
/kaggle/input/ased-main/ASED_V1-main/01Neutral/n1-06-01-02-39.wav	01Neutral
/kaggle/input/ased-main/ASED_V1-main/01Neutral/n1-03-02-02-51.wav	01Neutral
/kaggle/input/ased-main/ASED_V1-main/01Neutral/n1-03-01-02-26.wav	01Neutral
/kaggle/input/ased-main/ASED_V1-main/05Angry/a5-02-02-02-26.wav	05Angry
/kaggle/input/ased-main/ASED_V1-main/04Sad/s4-07-02-02-52.wav	04Sad
/kaggle/input/ased-main/ASED_V1-main/02Fearful/f2-03-01-01-29.wav	02Fearful
/kaggle/input/ased-main/ASED_V1-main/04Sad/s4-06-02-02-45.wav	04Sad
/kaggle/input/ased-main/ASED_V1-main/04Sad/s4-04-01-02-39.wav	04Sad
/kaggle/input/ased-main/ASED_V1-main/01Neutral/n1-04-02-01-62.wav	01Neutral
/kaggle/input/ased-main/ASED_V1-main/02Fearful/f2-04-02-02-04.wav	02Fearful
/kaggle/input/ased-main/ASED_V1-main/04Sad/s4-03-01-02-61.wav	04Sad
/kaggle/input/ased-main/ASED_V1-main/05Angry/a5-06-02-02-50.wav	05Angry
/kaggle/input/ased-main/ASED_V1-main/04Sad/s4-07-02-01-05.wav	04Sad
/kaggle/input/ased-main/ASED_V1-main/02Fearful/f2-06-01-02-50.wav	02Fearful
/kaggle/input/ased-main/ASED_V1-main/02Fearful/f2-07-02-02-21.wav	02Fearful
/kaggle/input/ased-main/ASED_V1-main/01Neutral/n1-04-02-01-58.wav	01Neutral
/kaggle/input/ased-main/ASED_V1-main/03Happy/h3-05-01-01-29.wav	03Happy
/kaggle/input/ased-main/ASED_V1-main/01Neutral/n1-06-01-02-56.wav	01Neutral
/kaggle/input/ased-main/ASED_V1-main/03Happy/h3-07-01-02-45.wav	03Happy
/kaggle/input/ased-main/ASED_V1-main/04Sad/s4-07-02-02-61.wav	04Sad
/kaggle/input/ased-main/ASED_V1-main/01Neutral/n1-05-01-01-31.wav	01Neutral
/kaggle/input/ased-main/ASED_V1-main/03Happy/h3-07-01-01-13.wav	03Happy
/kaggle/input/ased-main/ASED_V1-main/04Sad/s4-05-02-02-45.wav	04Sad
/kaggle/input/ased-main/ASED_V1-main/05Angry/a5-04-01-02-28.wav	05Angry
/kaggle/input/ased-main/ASED_V1-main/03Happy/h3-02-01-01-33.wav	03Happy
/kaggle/input/ased-main/ASED_V1-main/01Neutral/n1-06-01-01-11.wav	01Neutral
/kaggle/input/ased-main/ASED_V1-main/03Happy/h3-01-02-02-06.wav	03Happy
/kaggle/input/ased-main/ASED_V1-main/02Fearful/f2-01-01-01-31.wav	02Fearful
/kaggle/input/ased-main/ASED_V1-main/04Sad/s4-05-01-02-06.wav	04Sad
/kaggle/input/ased-main/ASED_V1-main/03Happy/h3-02-01-01-15.wav	03Happy
/kaggle/input/ased-main/ASED_V1-main/04Sad/s4-05-02-01-21.wav	04Sad
/kaggle/input/ased-main/ASED_V1-main/02Fearful/f2-07-02-02-39.wav	02Fearful
/kaggle/input/ased-main/ASED_V1-main/01Neutral/n1-05-01-02-45.wav	01Neutral
/kaggle/input/ased-main/ASED_V1-main/02Fearful/f2-01-02-02-10.wav	02Fearful
/kaggle/input/ased-main/ASED_V1-main/01Neutral/n1-05-02-01-31.wav	01Neutral
/kaggle/input/ased-main/ASED_V1-main/02Fearful/f2-07-02-01-11.wav	02Fearful
/kaggle/input/ased-main/ASED_V1-main/04Sad/s4-06-01-02-65.wav	04Sad
/kaggle/input/ased-main/ASED_V1-main/05Angry/a5-03-02-02-65.wav	05Angry
/kaggle/input/ased-main/ASED_V1-main/03Happy/h3-07-02-02-64.wav	03Happy
/kaggle/input/ased-main/ASED_V1-main/05Angry/a5-05-02-02-56.wav	05Angry
/kaggle/input/ased-main/ASED_V1-main/02Fearful/f2-02-02-01-37.wav	02Fearful
/kaggle/input/ased-main/ASED_V1-main/02Fearful/f2-07-01-02-28.wav	02Fearful
/kaggle/input/ased-main/ASED_V1-main/03Happy/h3-05-02-01-48.wav	03Happy
/kaggle/input/ased-main/ASED_V1-main/05Angry/a5-02-01-02-12.wav	05Angry
/kaggle/input/ased-main/ASED_V1-main/01Neutral/n1-03-02-01-23.wav	01Neutral
/kaggle/input/ased-main/ASED_V1-main/01Neutral/n1-01-01-01-03.wav	01Neutral
/kaggle/input/ased-main/ASED_V1-main/02Fearful/f2-01-02-02-06.wav	02Fearful
/kaggle/input/ased-main/ASED_V1-main/01Neutral/n1-04-01-02-51.wav	01Neutral
/kaggle/input/ased-main/ASED_V1-main/02Fearful/f2-05-02-02-57.wav	02Fearful
/kaggle/input/ased-main/ASED_V1-main/03Happy/h3-02-02-01-19.wav	03Happy
/kaggle/input/ased-main/ASED_V1-main/05Angry/a5-07-02-02-63.wav	05Angry
/kaggle/input/ased-main/ASED_V1-main/04Sad/s4-02-02-01-29.wav	04Sad
/kaggle/input/ased-main/ASED_V1-main/03Happy/h3-05-01-02-39.wav	03Happy
/kaggle/input/ased-main/ASED_V1-main/02Fearful/f2-07-01-02-56.wav	02Fearful
/kaggle/input/ased-main/ASED_V1-main/05Angry/a5-03-02-02-52.wav	05Angry
/kaggle/input/ased-main/ASED_V1-main/01Neutral/n1-02-02-02-34.wav	01Neutral
/kaggle/input/ased-main/ASED_V1-main/05Angry/a5-02-01-01-19.wav	05Angry
/kaggle/input/ased-main/ASED_V1-main/01Neutral/n1-06-02-02-63.wav	01Neutral
/kaggle/input/ased-main/ASED_V1-main/05Angry/a5-07-02-02-26.wav	05Angry
/kaggle/input/ased-main/ASED_V1-main/03Happy/h3-02-01-01-05.wav	03Happy
/kaggle/input/ased-main/ASED_V1-main/05Angry/a5-07-02-02-45.wav	05Angry
/kaggle/input/ased-main/ASED_V1-main/03Happy/h3-03-02-02-54.wav	03Happy
/kaggle/input/ased-main/ASED_V1-main/02Fearful/f2-03-01-02-26.wav	02Fearful
/kaggle/input/ased-main/ASED_V1-main/03Happy/h3-01-02-01-43.wav	03Happy
/kaggle/input/ased-main/ASED_V1-main/03Happy/h3-05-02-02-20.wav	03Happy
/kaggle/input/ased-main/ASED_V1-main/03Happy/h3-01-01-02-18.wav	03Happy
/kaggle/input/ased-main/ASED_V1-main/04Sad/s4-03-02-02-59.wav	04Sad
/kaggle/input/ased-main/ASED_V1-main/02Fearful/f2-06-02-01-21.wav	02Fearful
/kaggle/input/ased-main/ASED_V1-main/03Happy/h3-06-02-02-41.wav	03Happy
/kaggle/input/ased-main/ASED_V1-main/05Angry/a5-04-02-02-52.wav	05Angry
/kaggle/input/ased-main/ASED_V1-main/03Happy/h3-03-02-01-48.wav	03Happy
/kaggle/input/ased-main/ASED_V1-main/03Happy/h3-03-02-02-55.wav	03Happy
/kaggle/input/ased-main/ASED_V1-main/02Fearful/f2-04-02-02-65.wav	02Fearful
/kaggle/input/ased-main/ASED_V1-main/03Happy/h3-03-02-02-26.wav	03Happy
/kaggle/input/ased-main/ASED_V1-main/04Sad/s4-03-01-01-29.wav	04Sad
/kaggle/input/ased-main/ASED_V1-main/05Angry/a5-04-02-01-58.wav	05Angry
/kaggle/input/ased-main/ASED_V1-main/01Neutral/n1-07-01-02-45.wav	01Neutral
/kaggle/input/ased-main/ASED_V1-main/05Angry/a5-05-02-01-27.wav	05Angry
/kaggle/input/ased-main/ASED_V1-main/01Neutral/n1-05-02-02-04.wav	01Neutral
/kaggle/input/ased-main/ASED_V1-main/03Happy/h3-07-02-01-48.wav	03Happy
/kaggle/input/ased-main/ASED_V1-main/02Fearful/f2-04-01-02-39.wav	02Fearful
/kaggle/input/ased-main/ASED_V1-main/05Angry/a5-05-01-02-56.wav	05Angry
/kaggle/input/ased-main/ASED_V1-main/01Neutral/n1-03-02-02-52.wav	01Neutral
/kaggle/input/ased-main/ASED_V1-main/01Neutral/n1-06-02-02-04.wav	01Neutral
/kaggle/input/ased-main/ASED_V1-main/04Sad/s4-06-02-02-06.wav	04Sad
/kaggle/input/ased-main/ASED_V1-main/02Fearful/f2-04-02-02-60.wav	02Fearful
/kaggle/input/ased-main/ASED_V1-main/01Neutral/n1-05-02-01-11.wav	01Neutral
/kaggle/input/ased-main/ASED_V1-main/02Fearful/f2-05-01-02-60.wav	02Fearful
/kaggle/input/ased-main/ASED_V1-main/04Sad/s4-05-01-02-53.wav	04Sad
/kaggle/input/ased-main/ASED_V1-main/01Neutral/n1-06-02-02-45.wav	01Neutral
/kaggle/input/ased-main/ASED_V1-main/05Angry/a5-05-02-02-65.wav	05Angry
/kaggle/input/ased-main/ASED_V1-main/05Angry/a5-05-02-02-41.wav	05Angry
/kaggle/input/ased-main/ASED_V1-main/04Sad/s4-06-02-02-28.wav	04Sad
/kaggle/input/ased-main/ASED_V1-main/05Angry/a5-06-02-01-58.wav	05Angry
/kaggle/input/ased-main/ASED_V1-main/03Happy/h3-03-01-02-50.wav	03Happy
/kaggle/input/ased-main/ASED_V1-main/01Neutral/n1-05-01-02-59.wav	01Neutral
/kaggle/input/ased-main/ASED_V1-main/03Happy/h3-04-01-02-55.wav	03Happy
/kaggle/input/ased-main/ASED_V1-main/02Fearful/f2-04-01-02-53.wav	02Fearful
/kaggle/input/ased-main/ASED_V1-main/05Angry/a5-03-01-01-62.wav	05Angry
/kaggle/input/ased-main/ASED_V1-main/04Sad/s4-07-01-01-05.wav	04Sad
/kaggle/input/ased-main/ASED_V1-main/01Neutral/n1-07-01-02-63.wav	01Neutral
/kaggle/input/ased-main/ASED_V1-main/05Angry/a5-04-02-02-57.wav	05Angry
/kaggle/input/ased-main/ASED_V1-main/04Sad/s4-06-02-02-20.wav	04Sad
/kaggle/input/ased-main/ASED_V1-main/03Happy/h3-03-02-01-11.wav	03Happy
/kaggle/input/ased-main/ASED_V1-main/03Happy/h3-06-01-01-62.wav	03Happy
/kaggle/input/ased-main/ASED_V1-main/03Happy/h3-01-02-01-05.wav	03Happy
/kaggle/input/ased-main/ASED_V1-main/01Neutral/n1-04-02-02-56.wav	01Neutral
/kaggle/input/ased-main/ASED_V1-main/04Sad/s4-02-01-01-13.wav	04Sad
/kaggle/input/ased-main/ASED_V1-main/05Angry/a5-02-01-01-47.wav	05Angry
/kaggle/input/ased-main/ASED_V1-main/04Sad/s4-03-01-01-62.wav	04Sad
/kaggle/input/ased-main/ASED_V1-main/03Happy/h3-03-01-02-10.wav	03Happy
/kaggle/input/ased-main/ASED_V1-main/05Angry/a5-01-01-02-28.wav	05Angry
/kaggle/input/ased-main/ASED_V1-main/04Sad/s4-03-01-01-48.wav	04Sad
/kaggle/input/ased-main/ASED_V1-main/02Fearful/f2-07-02-02-51.wav	02Fearful
/kaggle/input/ased-main/ASED_V1-main/02Fearful/f2-04-02-02-30.wav	02Fearful
/kaggle/input/ased-main/ASED_V1-main/01Neutral/n1-05-02-02-65.wav	01Neutral
/kaggle/input/ased-main/ASED_V1-main/05Angry/a5-03-01-02-57.wav	05Angry
/kaggle/input/ased-main/ASED_V1-main/04Sad/s4-03-02-01-25.wav	04Sad
/kaggle/input/ased-main/ASED_V1-main/01Neutral/n1-06-02-02-51.wav	01Neutral
/kaggle/input/ased-main/ASED_V1-main/02Fearful/f2-07-01-02-64.wav	02Fearful
/kaggle/input/ased-main/ASED_V1-main/01Neutral/n1-01-01-02-04.wav	01Neutral
/kaggle/input/ased-main/ASED_V1-main/03Happy/h3-04-02-02-53.wav	03Happy
/kaggle/input/ased-main/ASED_V1-main/04Sad/s4-07-02-01-25.wav	04Sad
/kaggle/input/ased-main/ASED_V1-main/05Angry/a5-05-01-01-21.wav	05Angry
/kaggle/input/ased-main/ASED_V1-main/01Neutral/n1-05-02-01-62.wav	01Neutral
/kaggle/input/ased-main/ASED_V1-main/05Angry/a5-03-01-01-13.wav	05Angry
/kaggle/input/ased-main/ASED_V1-main/04Sad/s4-07-02-01-29.wav	04Sad
/kaggle/input/ased-main/ASED_V1-main/01Neutral/n1-02-02-02-22.wav	01Neutral
/kaggle/input/ased-main/ASED_V1-main/05Angry/a5-05-01-02-45.wav	05Angry
/kaggle/input/ased-main/ASED_V1-main/04Sad/s4-05-02-02-41.wav	04Sad
/kaggle/input/ased-main/ASED_V1-main/03Happy/h3-06-01-02-39.wav	03Happy
/kaggle/input/ased-main/ASED_V1-main/05Angry/a5-07-02-02-61.wav	05Angry
/kaggle/input/ased-main/ASED_V1-main/04Sad/s4-05-02-02-04.wav	04Sad
/kaggle/input/ased-main/ASED_V1-main/05Angry/a5-07-02-01-27.wav	05Angry
/kaggle/input/ased-main/ASED_V1-main/03Happy/h3-06-02-02-65.wav	03Happy
/kaggle/input/ased-main/ASED_V1-main/02Fearful/f2-04-01-01-31.wav	02Fearful
/kaggle/input/ased-main/ASED_V1-main/05Angry/a5-04-02-02-04.wav	05Angry
/kaggle/input/ased-main/ASED_V1-main/02Fearful/f2-03-01-02-63.wav	02Fearful
/kaggle/input/ased-main/ASED_V1-main/03Happy/h3-06-01-02-06.wav	03Happy
/kaggle/input/ased-main/ASED_V1-main/02Fearful/f2-01-01-02-44.wav	02Fearful
/kaggle/input/ased-main/ASED_V1-main/05Angry/a5-07-02-01-58.wav	05Angry
/kaggle/input/ased-main/ASED_V1-main/01Neutral/n1-04-01-02-60.wav	01Neutral
/kaggle/input/ased-main/ASED_V1-main/01Neutral/n1-01-02-02-08.wav	01Neutral
/kaggle/input/ased-main/ASED_V1-main/04Sad/s4-05-02-02-54.wav	04Sad
/kaggle/input/ased-main/ASED_V1-main/02Fearful/f2-07-02-01-58.wav	02Fearful
/kaggle/input/ased-main/ASED_V1-main/01Neutral/n1-04-02-02-28.wav	01Neutral
/kaggle/input/ased-main/ASED_V1-main/05Angry/a5-03-01-01-27.wav	05Angry
/kaggle/input/ased-main/ASED_V1-main/02Fearful/f2-02-02-02-18.wav	02Fearful
/kaggle/input/ased-main/ASED_V1-main/05Angry/a5-03-01-02-55.wav	05Angry
/kaggle/input/ased-main/ASED_V1-main/05Angry/a5-07-02-02-06.wav	05Angry
/kaggle/input/ased-main/ASED_V1-main/02Fearful/f2-02-02-01-19.wav	02Fearful
/kaggle/input/ased-main/ASED_V1-main/02Fearful/f2-07-01-01-23.wav	02Fearful
/kaggle/input/ased-main/ASED_V1-main/04Sad/s4-06-02-01-27.wav	04Sad
/kaggle/input/ased-main/ASED_V1-main/04Sad/s4-04-02-01-58.wav	04Sad
/kaggle/input/ased-main/ASED_V1-main/02Fearful/f2-04-02-01-23.wav	02Fearful
/kaggle/input/ased-main/ASED_V1-main/02Fearful/f2-05-01-02-59.wav	02Fearful
/kaggle/input/ased-main/ASED_V1-main/03Happy/h3-04-02-01-13.wav	03Happy
/kaggle/input/ased-main/ASED_V1-main/03Happy/h3-07-02-02-28.wav	03Happy
/kaggle/input/ased-main/ASED_V1-main/02Fearful/f2-02-02-01-17.wav	02Fearful
/kaggle/input/ased-main/ASED_V1-main/05Angry/a5-02-02-01-05.wav	05Angry
/kaggle/input/ased-main/ASED_V1-main/02Fearful/f2-03-01-01-23.wav	02Fearful
/kaggle/input/ased-main/ASED_V1-main/03Happy/h3-03-01-02-45.wav	03Happy
/kaggle/input/ased-main/ASED_V1-main/01Neutral/n1-06-02-01-23.wav	01Neutral
/kaggle/input/ased-main/ASED_V1-main/03Happy/h3-05-01-01-11.wav	03Happy
/kaggle/input/ased-main/ASED_V1-main/05Angry/a5-02-02-02-02.wav	05Angry
/kaggle/input/ased-main/ASED_V1-main/01Neutral/n1-01-02-01-15.wav	01Neutral
/kaggle/input/ased-main/ASED_V1-main/05Angry/a5-04-01-02-59.wav	05Angry
/kaggle/input/ased-main/ASED_V1-main/01Neutral/n1-05-01-02-57.wav	01Neutral
/kaggle/input/ased-main/ASED_V1-main/01Neutral/n1-04-02-02-64.wav	01Neutral
/kaggle/input/ased-main/ASED_V1-main/04Sad/s4-04-01-01-01.wav	04Sad
/kaggle/input/ased-main/ASED_V1-main/05Angry/a5-02-02-01-25.wav	05Angry
/kaggle/input/ased-main/ASED_V1-main/04Sad/s4-05-01-02-26.wav	04Sad
/kaggle/input/ased-main/ASED_V1-main/02Fearful/f2-07-02-02-52.wav	02Fearful
/kaggle/input/ased-main/ASED_V1-main/03Happy/h3-03-02-02-65.wav	03Happy
/kaggle/input/ased-main/ASED_V1-main/02Fearful/f2-01-02-01-43.wav	02Fearful
/kaggle/input/ased-main/ASED_V1-main/01Neutral/n1-05-02-02-54.wav	01Neutral
/kaggle/input/ased-main/ASED_V1-main/04Sad/s4-05-02-02-65.wav	04Sad
/kaggle/input/ased-main/ASED_V1-main/01Neutral/n1-06-02-02-59.wav	01Neutral
/kaggle/input/ased-main/ASED_V1-main/04Sad/s4-07-02-02-06.wav	04Sad
/kaggle/input/ased-main/ASED_V1-main/05Angry/a5-06-01-02-28.wav	05Angry
/kaggle/input/ased-main/ASED_V1-main/02Fearful/f2-01-01-02-04.wav	02Fearful
/kaggle/input/ased-main/ASED_V1-main/03Happy/h3-07-01-01-23.wav	03Happy
/kaggle/input/ased-main/ASED_V1-main/05Angry/a5-07-01-01-05.wav	05Angry
/kaggle/input/ased-main/ASED_V1-main/04Sad/s4-03-01-01-05.wav	04Sad
/kaggle/input/ased-main/ASED_V1-main/02Fearful/f2-07-01-02-60.wav	02Fearful
/kaggle/input/ased-main/ASED_V1-main/03Happy/h3-07-02-02-61.wav	03Happy
/kaggle/input/ased-main/ASED_V1-main/03Happy/h3-07-01-02-04.wav	03Happy
/kaggle/input/ased-main/ASED_V1-main/01Neutral/n1-07-02-02-50.wav	01Neutral
/kaggle/input/ased-main/ASED_V1-main/02Fearful/f2-04-01-02-06.wav	02Fearful
/kaggle/input/ased-main/ASED_V1-main/02Fearful/f2-04-02-02-55.wav	02Fearful
/kaggle/input/ased-main/ASED_V1-main/02Fearful/f2-06-01-02-53.wav	02Fearful
/kaggle/input/ased-main/ASED_V1-main/02Fearful/f2-02-02-02-04.wav	02Fearful
/kaggle/input/ased-main/ASED_V1-main/01Neutral/n1-02-01-02-38.wav	01Neutral
/kaggle/input/ased-main/ASED_V1-main/01Neutral/n1-07-01-01-62.wav	01Neutral
/kaggle/input/ased-main/ASED_V1-main/03Happy/h3-02-02-02-28.wav	03Happy
/kaggle/input/ased-main/ASED_V1-main/04Sad/s4-03-01-02-45.wav	04Sad
/kaggle/input/ased-main/ASED_V1-main/01Neutral/n1-01-02-01-05.wav	01Neutral
/kaggle/input/ased-main/ASED_V1-main/04Sad/s4-03-02-02-04.wav	04Sad
/kaggle/input/ased-main/ASED_V1-main/05Angry/a5-07-02-02-54.wav	05Angry
/kaggle/input/ased-main/ASED_V1-main/02Fearful/f2-04-01-02-45.wav	02Fearful
/kaggle/input/ased-main/ASED_V1-main/04Sad/s4-07-02-01-13.wav	04Sad
/kaggle/input/ased-main/ASED_V1-main/04Sad/s4-04-01-02-50.wav	04Sad
/kaggle/input/ased-main/ASED_V1-main/05Angry/a5-03-02-02-06.wav	05Angry
/kaggle/input/ased-main/ASED_V1-main/02Fearful/f2-03-01-01-21.wav	02Fearful
/kaggle/input/ased-main/ASED_V1-main/04Sad/s4-06-01-02-61.wav	04Sad
/kaggle/input/ased-main/ASED_V1-main/01Neutral/n1-05-02-01-23.wav	01Neutral
/kaggle/input/ased-main/ASED_V1-main/05Angry/a5-02-01-01-01.wav	05Angry
/kaggle/input/ased-main/ASED_V1-main/04Sad/s4-06-02-01-58.wav	04Sad
/kaggle/input/ased-main/ASED_V1-main/01Neutral/n1-04-01-01-27.wav	01Neutral
/kaggle/input/ased-main/ASED_V1-main/05Angry/a5-01-02-01-27.wav	05Angry
/kaggle/input/ased-main/ASED_V1-main/04Sad/s4-02-02-01-27.wav	04Sad
/kaggle/input/ased-main/ASED_V1-main/02Fearful/f2-03-01-02-28.wav	02Fearful
/kaggle/input/ased-main/ASED_V1-main/02Fearful/f2-02-02-02-36.wav	02Fearful
/kaggle/input/ased-main/ASED_V1-main/03Happy/h3-05-02-02-26.wav	03Happy
/kaggle/input/ased-main/ASED_V1-main/02Fearful/f2-03-02-02-53.wav	02Fearful
/kaggle/input/ased-main/ASED_V1-main/03Happy/h3-02-01-02-06.wav	03Happy
/kaggle/input/ased-main/ASED_V1-main/05Angry/a5-06-01-02-41.wav	05Angry
/kaggle/input/ased-main/ASED_V1-main/01Neutral/n1-05-02-01-21.wav	01Neutral
/kaggle/input/ased-main/ASED_V1-main/04Sad/s4-02-01-02-28.wav	04Sad
/kaggle/input/ased-main/ASED_V1-main/01Neutral/n1-03-01-02-57.wav	01Neutral
/kaggle/input/ased-main/ASED_V1-main/01Neutral/n1-06-01-02-45.wav	01Neutral
/kaggle/input/ased-main/ASED_V1-main/05Angry/a5-01-02-01-05.wav	05Angry
/kaggle/input/ased-main/ASED_V1-main/03Happy/h3-07-02-01-13.wav	03Happy
/kaggle/input/ased-main/ASED_V1-main/01Neutral/n1-07-01-01-11.wav	01Neutral
/kaggle/input/ased-main/ASED_V1-main/04Sad/s4-04-01-02-10.wav	04Sad
/kaggle/input/ased-main/ASED_V1-main/05Angry/a5-05-02-02-28.wav	05Angry
/kaggle/input/ased-main/ASED_V1-main/04Sad/s4-01-01-01-03.wav	04Sad
/kaggle/input/ased-main/ASED_V1-main/02Fearful/f2-04-02-02-06.wav	02Fearful
/kaggle/input/ased-main/ASED_V1-main/01Neutral/n1-02-01-02-32.wav	01Neutral
/kaggle/input/ased-main/ASED_V1-main/01Neutral/n1-04-01-02-53.wav	01Neutral
/kaggle/input/ased-main/ASED_V1-main/04Sad/s4-06-01-02-41.wav	04Sad
/kaggle/input/ased-main/ASED_V1-main/02Fearful/f2-06-01-01-05.wav	02Fearful
/kaggle/input/ased-main/ASED_V1-main/02Fearful/f2-04-02-02-45.wav	02Fearful
/kaggle/input/ased-main/ASED_V1-main/03Happy/h3-02-01-02-32.wav	03Happy
/kaggle/input/ased-main/ASED_V1-main/05Angry/a5-03-02-02-30.wav	05Angry
/kaggle/input/ased-main/ASED_V1-main/02Fearful/f2-02-02-01-15.wav	02Fearful
/kaggle/input/ased-main/ASED_V1-main/02Fearful/f2-05-01-02-61.wav	02Fearful
/kaggle/input/ased-main/ASED_V1-main/05Angry/a5-01-01-01-13.wav	05Angry
/kaggle/input/ased-main/ASED_V1-main/02Fearful/f2-07-01-02-30.wav	02Fearful
/kaggle/input/ased-main/ASED_V1-main/05Angry/a5-06-01-02-50.wav	05Angry
/kaggle/input/ased-main/ASED_V1-main/02Fearful/f2-06-01-01-27.wav	02Fearful
/kaggle/input/ased-main/ASED_V1-main/03Happy/h3-03-02-01-05.wav	03Happy
/kaggle/input/ased-main/ASED_V1-main/05Angry/a5-07-01-02-59.wav	05Angry
/kaggle/input/ased-main/ASED_V1-main/04Sad/s4-07-02-02-57.wav	04Sad
/kaggle/input/ased-main/ASED_V1-main/02Fearful/f2-07-02-02-63.wav	02Fearful
/kaggle/input/ased-main/ASED_V1-main/01Neutral/n1-06-01-02-20.wav	01Neutral
/kaggle/input/ased-main/ASED_V1-main/05Angry/a5-07-01-01-27.wav	05Angry
/kaggle/input/ased-main/ASED_V1-main/05Angry/a5-04-02-02-26.wav	05Angry
/kaggle/input/ased-main/ASED_V1-main/01Neutral/n1-07-02-02-64.wav	01Neutral
/kaggle/input/ased-main/ASED_V1-main/05Angry/a5-07-01-02-54.wav	05Angry
/kaggle/input/ased-main/ASED_V1-main/02Fearful/f2-05-01-02-64.wav	02Fearful
/kaggle/input/ased-main/ASED_V1-main/01Neutral/n1-01-02-02-06.wav	01Neutral
/kaggle/input/ased-main/ASED_V1-main/03Happy/h3-01-01-01-15.wav	03Happy
/kaggle/input/ased-main/ASED_V1-main/02Fearful/f2-02-01-01-21.wav	02Fearful
/kaggle/input/ased-main/ASED_V1-main/05Angry/a5-02-01-02-18.wav	05Angry
/kaggle/input/ased-main/ASED_V1-main/01Neutral/n1-02-02-01-07.wav	01Neutral
/kaggle/input/ased-main/ASED_V1-main/02Fearful/f2-06-02-01-29.wav	02Fearful
/kaggle/input/ased-main/ASED_V1-main/03Happy/h3-07-01-01-29.wav	03Happy
/kaggle/input/ased-main/ASED_V1-main/04Sad/s4-07-01-01-23.wav	04Sad
/kaggle/input/ased-main/ASED_V1-main/04Sad/s4-05-02-01-58.wav	04Sad
/kaggle/input/ased-main/ASED_V1-main/04Sad/s4-04-01-02-45.wav	04Sad
/kaggle/input/ased-main/ASED_V1-main/01Neutral/n1-06-01-01-58.wav	01Neutral
/kaggle/input/ased-main/ASED_V1-main/02Fearful/f2-04-01-01-13.wav	02Fearful
/kaggle/input/ased-main/ASED_V1-main/04Sad/s4-07-02-02-45.wav	04Sad
/kaggle/input/ased-main/ASED_V1-main/03Happy/h3-01-01-01-43.wav	03Happy
/kaggle/input/ased-main/ASED_V1-main/02Fearful/f2-02-01-01-17.wav	02Fearful
/kaggle/input/ased-main/ASED_V1-main/05Angry/a5-02-01-01-37.wav	05Angry
/kaggle/input/ased-main/ASED_V1-main/05Angry/a5-02-02-02-30.wav	05Angry
/kaggle/input/ased-main/ASED_V1-main/03Happy/h3-04-02-01-05.wav	03Happy
/kaggle/input/ased-main/ASED_V1-main/02Fearful/f2-02-01-01-47.wav	02Fearful
/kaggle/input/ased-main/ASED_V1-main/04Sad/s4-03-01-02-60.wav	04Sad
/kaggle/input/ased-main/ASED_V1-main/04Sad/s4-01-01-02-14.wav	04Sad
/kaggle/input/ased-main/ASED_V1-main/05Angry/a5-05-02-02-50.wav	05Angry
/kaggle/input/ased-main/ASED_V1-main/03Happy/h3-05-01-02-55.wav	03Happy
/kaggle/input/ased-main/ASED_V1-main/04Sad/s4-06-02-01-13.wav	04Sad
/kaggle/input/ased-main/ASED_V1-main/03Happy/h3-04-01-02-45.wav	03Happy
/kaggle/input/ased-main/ASED_V1-main/01Neutral/n1-04-02-01-05.wav	01Neutral
/kaggle/input/ased-main/ASED_V1-main/04Sad/s4-05-01-02-39.wav	04Sad
/kaggle/input/ased-main/ASED_V1-main/03Happy/h3-04-01-01-05.wav	03Happy
/kaggle/input/ased-main/ASED_V1-main/04Sad/s4-02-01-02-41.wav	04Sad
/kaggle/input/ased-main/ASED_V1-main/01Neutral/n1-05-01-01-21.wav	01Neutral
/kaggle/input/ased-main/ASED_V1-main/03Happy/h3-02-02-01-29.wav	03Happy
/kaggle/input/ased-main/ASED_V1-main/03Happy/h3-07-02-02-10.wav	03Happy
/kaggle/input/ased-main/ASED_V1-main/04Sad/s4-05-01-02-52.wav	04Sad
/kaggle/input/ased-main/ASED_V1-main/05Angry/a5-04-01-02-60.wav	05Angry
/kaggle/input/ased-main/ASED_V1-main/05Angry/a5-02-01-02-02.wav	05Angry
/kaggle/input/ased-main/ASED_V1-main/01Neutral/n1-01-02-02-20.wav	01Neutral
/kaggle/input/ased-main/ASED_V1-main/05Angry/a5-05-01-02-50.wav	05Angry
/kaggle/input/ased-main/ASED_V1-main/04Sad/s4-03-02-02-55.wav	04Sad
/kaggle/input/ased-main/ASED_V1-main/02Fearful/f2-07-01-01-27.wav	02Fearful
/kaggle/input/ased-main/ASED_V1-main/02Fearful/f2-06-02-02-65.wav	02Fearful
/kaggle/input/ased-main/ASED_V1-main/05Angry/a5-03-02-02-51.wav	05Angry
/kaggle/input/ased-main/ASED_V1-main/02Fearful/f2-04-01-01-29.wav	02Fearful
/kaggle/input/ased-main/ASED_V1-main/03Happy/h3-02-02-01-13.wav	03Happy
/kaggle/input/ased-main/ASED_V1-main/04Sad/s4-01-01-02-39.wav	04Sad
/kaggle/input/ased-main/ASED_V1-main/04Sad/s4-04-02-01-21.wav	04Sad
/kaggle/input/ased-main/ASED_V1-main/02Fearful/f2-07-01-02-10.wav	02Fearful
/kaggle/input/ased-main/ASED_V1-main/05Angry/a5-07-02-01-29.wav	05Angry
/kaggle/input/ased-main/ASED_V1-main/05Angry/a5-05-01-02-51.wav	05Angry
/kaggle/input/ased-main/ASED_V1-main/03Happy/h3-04-01-02-61.wav	03Happy
/kaggle/input/ased-main/ASED_V1-main/02Fearful/f2-01-02-02-40.wav	02Fearful
/kaggle/input/ased-main/ASED_V1-main/01Neutral/n1-03-01-01-27.wav	01Neutral
/kaggle/input/ased-main/ASED_V1-main/05Angry/a5-07-02-02-60.wav	05Angry
/kaggle/input/ased-main/ASED_V1-main/01Neutral/n1-06-01-02-50.wav	01Neutral
/kaggle/input/ased-main/ASED_V1-main/01Neutral/n1-02-02-01-25.wav	01Neutral
/kaggle/input/ased-main/ASED_V1-main/03Happy/h3-06-01-02-64.wav	03Happy
/kaggle/input/ased-main/ASED_V1-main/05Angry/a5-07-01-02-55.wav	05Angry
/kaggle/input/ased-main/ASED_V1-main/01Neutral/n1-01-01-01-47.wav	01Neutral
/kaggle/input/ased-main/ASED_V1-main/02Fearful/f2-03-01-01-13.wav	02Fearful
/kaggle/input/ased-main/ASED_V1-main/01Neutral/n1-06-01-01-31.wav	01Neutral
/kaggle/input/ased-main/ASED_V1-main/04Sad/s4-03-01-02-06.wav	04Sad
/kaggle/input/ased-main/ASED_V1-main/01Neutral/n1-02-01-01-21.wav	01Neutral
/kaggle/input/ased-main/ASED_V1-main/01Neutral/n1-04-01-02-59.wav	01Neutral
/kaggle/input/ased-main/ASED_V1-main/01Neutral/n1-03-02-02-57.wav	01Neutral
/kaggle/input/ased-main/ASED_V1-main/02Fearful/f2-05-02-01-13.wav	02Fearful
/kaggle/input/ased-main/ASED_V1-main/01Neutral/n1-02-02-01-05.wav	01Neutral
/kaggle/input/ased-main/ASED_V1-main/05Angry/a5-05-01-02-26.wav	05Angry
/kaggle/input/ased-main/ASED_V1-main/02Fearful/f2-06-02-01-48.wav	02Fearful
/kaggle/input/ased-main/ASED_V1-main/01Neutral/n1-01-02-02-32.wav	01Neutral
/kaggle/input/ased-main/ASED_V1-main/01Neutral/n1-01-02-02-38.wav	01Neutral
/kaggle/input/ased-main/ASED_V1-main/04Sad/s4-07-01-01-01.wav	04Sad
/kaggle/input/ased-main/ASED_V1-main/02Fearful/f2-05-02-01-01.wav	02Fearful
/kaggle/input/ased-main/ASED_V1-main/02Fearful/f2-05-01-02-41.wav	02Fearful
/kaggle/input/ased-main/ASED_V1-main/03Happy/h3-02-02-01-47.wav	03Happy
/kaggle/input/ased-main/ASED_V1-main/05Angry/a5-03-02-01-11.wav	05Angry
/kaggle/input/ased-main/ASED_V1-main/04Sad/s4-04-02-01-62.wav	04Sad
/kaggle/input/ased-main/ASED_V1-main/03Happy/h3-04-02-02-55.wav	03Happy
/kaggle/input/ased-main/ASED_V1-main/05Angry/a5-07-02-02-55.wav	05Angry
/kaggle/input/ased-main/ASED_V1-main/03Happy/h3-05-02-02-54.wav	03Happy
/kaggle/input/ased-main/ASED_V1-main/01Neutral/n1-07-01-01-58.wav	01Neutral
/kaggle/input/ased-main/ASED_V1-main/01Neutral/n1-03-01-02-30.wav	01Neutral
/kaggle/input/ased-main/ASED_V1-main/04Sad/s4-01-02-01-01.wav	04Sad
/kaggle/input/ased-main/ASED_V1-main/05Angry/a5-04-01-02-30.wav	05Angry
/kaggle/input/ased-main/ASED_V1-main/05Angry/a5-06-02-02-56.wav	05Angry
/kaggle/input/ased-main/ASED_V1-main/05Angry/a5-05-02-01-25.wav	05Angry
/kaggle/input/ased-main/ASED_V1-main/03Happy/h3-02-02-02-50.wav	03Happy
/kaggle/input/ased-main/ASED_V1-main/05Angry/a5-03-01-02-53.wav	05Angry
/kaggle/input/ased-main/ASED_V1-main/05Angry/a5-04-02-02-45.wav	05Angry
/kaggle/input/ased-main/ASED_V1-main/04Sad/s4-07-02-02-50.wav	04Sad
/kaggle/input/ased-main/ASED_V1-main/03Happy/h3-02-01-01-47.wav	03Happy
/kaggle/input/ased-main/ASED_V1-main/05Angry/a5-03-02-01-62.wav	05Angry
/kaggle/input/ased-main/ASED_V1-main/01Neutral/n1-01-01-02-12.wav	01Neutral
/kaggle/input/ased-main/ASED_V1-main/04Sad/s4-01-02-02-26.wav	04Sad
/kaggle/input/ased-main/ASED_V1-main/05Angry/a5-01-01-01-03.wav	05Angry
/kaggle/input/ased-main/ASED_V1-main/05Angry/a5-02-01-02-06.wav	05Angry
/kaggle/input/ased-main/ASED_V1-main/02Fearful/f2-02-02-02-32.wav	02Fearful
/kaggle/input/ased-main/ASED_V1-main/04Sad/s4-06-01-01-01.wav	04Sad
/kaggle/input/ased-main/ASED_V1-main/01Neutral/n1-07-01-02-28.wav	01Neutral
/kaggle/input/ased-main/ASED_V1-main/02Fearful/f2-07-01-02-63.wav	02Fearful
/kaggle/input/ased-main/ASED_V1-main/04Sad/s4-07-01-02-64.wav	04Sad
/kaggle/input/ased-main/ASED_V1-main/01Neutral/n1-02-01-02-46.wav	01Neutral
/kaggle/input/ased-main/ASED_V1-main/02Fearful/f2-04-02-02-61.wav	02Fearful
/kaggle/input/ased-main/ASED_V1-main/03Happy/h3-04-02-02-20.wav	03Happy
/kaggle/input/ased-main/ASED_V1-main/01Neutral/n1-07-02-02-60.wav	01Neutral
/kaggle/input/ased-main/ASED_V1-main/02Fearful/f2-06-02-02-26.wav	02Fearful
/kaggle/input/ased-main/ASED_V1-main/01Neutral/n1-07-01-02-20.wav	01Neutral
/kaggle/input/ased-main/ASED_V1-main/04Sad/s4-04-01-02-54.wav	04Sad
/kaggle/input/ased-main/ASED_V1-main/05Angry/a5-05-01-02-59.wav	05Angry
/kaggle/input/ased-main/ASED_V1-main/05Angry/a5-06-01-02-51.wav	05Angry
/kaggle/input/ased-main/ASED_V1-main/02Fearful/f2-06-02-01-01.wav	02Fearful
/kaggle/input/ased-main/ASED_V1-main/03Happy/h3-07-01-01-11.wav	03Happy
/kaggle/input/ased-main/ASED_V1-main/01Neutral/n1-02-02-01-13.wav	01Neutral
/kaggle/input/ased-main/ASED_V1-main/02Fearful/f2-02-01-02-04.wav	02Fearful
/kaggle/input/ased-main/ASED_V1-main/01Neutral/n1-05-02-01-25.wav	01Neutral
/kaggle/input/ased-main/ASED_V1-main/04Sad/s4-03-01-02-64.wav	04Sad
/kaggle/input/ased-main/ASED_V1-main/01Neutral/n1-01-02-02-41.wav	01Neutral
/kaggle/input/ased-main/ASED_V1-main/03Happy/h3-01-01-01-29.wav	03Happy
/kaggle/input/ased-main/ASED_V1-main/01Neutral/n1-01-01-01-09.wav	01Neutral
/kaggle/input/ased-main/ASED_V1-main/05Angry/a5-02-02-01-01.wav	05Angry
/kaggle/input/ased-main/ASED_V1-main/01Neutral/n1-01-02-02-39.wav	01Neutral
/kaggle/input/ased-main/ASED_V1-main/04Sad/s4-02-02-02-32.wav	04Sad
/kaggle/input/ased-main/ASED_V1-main/04Sad/s4-05-01-02-61.wav	04Sad
/kaggle/input/ased-main/ASED_V1-main/03Happy/h3-06-01-02-54.wav	03Happy
/kaggle/input/ased-main/ASED_V1-main/01Neutral/n1-05-01-02-54.wav	01Neutral
/kaggle/input/ased-main/ASED_V1-main/02Fearful/f2-03-01-02-56.wav	02Fearful
/kaggle/input/ased-main/ASED_V1-main/04Sad/s4-06-02-01-11.wav	04Sad
/kaggle/input/ased-main/ASED_V1-main/05Angry/a5-03-02-01-21.wav	05Angry
/kaggle/input/ased-main/ASED_V1-main/04Sad/s4-01-01-02-41.wav	04Sad
/kaggle/input/ased-main/ASED_V1-main/02Fearful/f2-03-02-02-56.wav	02Fearful
/kaggle/input/ased-main/ASED_V1-main/03Happy/h3-04-01-02-04.wav	03Happy
/kaggle/input/ased-main/ASED_V1-main/05Angry/a5-07-01-02-30.wav	05Angry
/kaggle/input/ased-main/ASED_V1-main/05Angry/a5-05-01-01-11.wav	05Angry
/kaggle/input/ased-main/ASED_V1-main/01Neutral/n1-03-01-02-59.wav	01Neutral
/kaggle/input/ased-main/ASED_V1-main/03Happy/h3-06-01-02-20.wav	03Happy
/kaggle/input/ased-main/ASED_V1-main/05Angry/a5-05-02-02-26.wav	05Angry
/kaggle/input/ased-main/ASED_V1-main/01Neutral/n1-02-01-02-26.wav	01Neutral
/kaggle/input/ased-main/ASED_V1-main/04Sad/s4-06-01-01-05.wav	04Sad
/kaggle/input/ased-main/ASED_V1-main/04Sad/s4-05-01-01-21.wav	04Sad
/kaggle/input/ased-main/ASED_V1-main/04Sad/s4-07-01-02-50.wav	04Sad
/kaggle/input/ased-main/ASED_V1-main/01Neutral/n1-03-02-01-62.wav	01Neutral
/kaggle/input/ased-main/ASED_V1-main/04Sad/s4-03-02-02-56.wav	04Sad
/kaggle/input/ased-main/ASED_V1-main/01Neutral/n1-07-01-01-13.wav	01Neutral
/kaggle/input/ased-main/ASED_V1-main/05Angry/a5-02-02-01-37.wav	05Angry
/kaggle/input/ased-main/ASED_V1-main/04Sad/s4-04-01-02-63.wav	04Sad
/kaggle/input/ased-main/ASED_V1-main/02Fearful/f2-07-02-02-55.wav	02Fearful
/kaggle/input/ased-main/ASED_V1-main/04Sad/s4-05-02-01-05.wav	04Sad
/kaggle/input/ased-main/ASED_V1-main/04Sad/s4-03-02-01-48.wav	04Sad
/kaggle/input/ased-main/ASED_V1-main/01Neutral/n1-01-02-02-04.wav	01Neutral
/kaggle/input/ased-main/ASED_V1-main/02Fearful/f2-07-02-02-20.wav	02Fearful
/kaggle/input/ased-main/ASED_V1-main/05Angry/a5-05-02-02-20.wav	05Angry
/kaggle/input/ased-main/ASED_V1-main/03Happy/h3-02-01-02-18.wav	03Happy
/kaggle/input/ased-main/ASED_V1-main/05Angry/a5-05-01-02-41.wav	05Angry
/kaggle/input/ased-main/ASED_V1-main/04Sad/s4-04-02-02-64.wav	04Sad
/kaggle/input/ased-main/ASED_V1-main/03Happy/h3-04-01-01-62.wav	03Happy
/kaggle/input/ased-main/ASED_V1-main/03Happy/h3-03-01-01-48.wav	03Happy
/kaggle/input/ased-main/ASED_V1-main/02Fearful/f2-02-01-02-38.wav	02Fearful
/kaggle/input/ased-main/ASED_V1-main/02Fearful/f2-02-01-02-50.wav	02Fearful
/kaggle/input/ased-main/ASED_V1-main/03Happy/h3-07-02-01-01.wav	03Happy
/kaggle/input/ased-main/ASED_V1-main/01Neutral/n1-05-02-02-20.wav	01Neutral
/kaggle/input/ased-main/ASED_V1-main/05Angry/a5-03-01-02-63.wav	05Angry
/kaggle/input/ased-main/ASED_V1-main/04Sad/s4-05-01-02-30.wav	04Sad
/kaggle/input/ased-main/ASED_V1-main/01Neutral/n1-03-02-02-10.wav	01Neutral
/kaggle/input/ased-main/ASED_V1-main/05Angry/a5-01-01-02-41.wav	05Angry
/kaggle/input/ased-main/ASED_V1-main/01Neutral/n1-02-02-01-01.wav	01Neutral
/kaggle/input/ased-main/ASED_V1-main/02Fearful/f2-06-01-01-13.wav	02Fearful
/kaggle/input/ased-main/ASED_V1-main/03Happy/h3-06-01-02-55.wav	03Happy
/kaggle/input/ased-main/ASED_V1-main/03Happy/h3-07-01-02-30.wav	03Happy
/kaggle/input/ased-main/ASED_V1-main/02Fearful/f2-05-01-02-55.wav	02Fearful
/kaggle/input/ased-main/ASED_V1-main/03Happy/h3-05-02-02-04.wav	03Happy
/kaggle/input/ased-main/ASED_V1-main/05Angry/a5-07-02-02-64.wav	05Angry
/kaggle/input/ased-main/ASED_V1-main/04Sad/s4-02-01-02-24.wav	04Sad
/kaggle/input/ased-main/ASED_V1-main/02Fearful/f2-05-02-02-51.wav	02Fearful
/kaggle/input/ased-main/ASED_V1-main/04Sad/s4-04-02-01-31.wav	04Sad
/kaggle/input/ased-main/ASED_V1-main/03Happy/h3-07-02-01-11.wav	03Happy
/kaggle/input/ased-main/ASED_V1-main/03Happy/h3-03-02-02-56.wav	03Happy
/kaggle/input/ased-main/ASED_V1-main/01Neutral/n1-06-02-01-11.wav	01Neutral
/kaggle/input/ased-main/ASED_V1-main/03Happy/h3-01-01-02-24.wav	03Happy
/kaggle/input/ased-main/ASED_V1-main/03Happy/h3-03-02-02-52.wav	03Happy
/kaggle/input/ased-main/ASED_V1-main/03Happy/h3-04-02-02-54.wav	03Happy
/kaggle/input/ased-main/ASED_V1-main/05Angry/a5-05-02-02-64.wav	05Angry
/kaggle/input/ased-main/ASED_V1-main/01Neutral/n1-06-01-01-23.wav	01Neutral
/kaggle/input/ased-main/ASED_V1-main/04Sad/s4-02-02-01-07.wav	04Sad
/kaggle/input/ased-main/ASED_V1-main/04Sad/s4-01-01-01-07.wav	04Sad
/kaggle/input/ased-main/ASED_V1-main/02Fearful/f2-07-01-01-13.wav	02Fearful
/kaggle/input/ased-main/ASED_V1-main/05Angry/a5-01-02-02-18.wav	05Angry
/kaggle/input/ased-main/ASED_V1-main/01Neutral/n1-02-01-02-12.wav	01Neutral
/kaggle/input/ased-main/ASED_V1-main/04Sad/s4-06-01-01-62.wav	04Sad
/kaggle/input/ased-main/ASED_V1-main/01Neutral/n1-02-01-02-16.wav	01Neutral
/kaggle/input/ased-main/ASED_V1-main/03Happy/h3-05-01-01-13.wav	03Happy
/kaggle/input/ased-main/ASED_V1-main/05Angry/a5-05-01-01-13.wav	05Angry
/kaggle/input/ased-main/ASED_V1-main/04Sad/s4-03-02-02-06.wav	04Sad
/kaggle/input/ased-main/ASED_V1-main/04Sad/s4-01-02-01-29.wav	04Sad
/kaggle/input/ased-main/ASED_V1-main/02Fearful/f2-01-02-01-29.wav	02Fearful
/kaggle/input/ased-main/ASED_V1-main/05Angry/a5-02-01-01-27.wav	05Angry
/kaggle/input/ased-main/ASED_V1-main/01Neutral/n1-03-02-02-39.wav	01Neutral
/kaggle/input/ased-main/ASED_V1-main/02Fearful/f2-03-02-02-04.wav	02Fearful
/kaggle/input/ased-main/ASED_V1-main/02Fearful/f2-04-02-02-53.wav	02Fearful
/kaggle/input/ased-main/ASED_V1-main/04Sad/s4-03-02-02-45.wav	04Sad
/kaggle/input/ased-main/ASED_V1-main/02Fearful/f2-04-01-02-57.wav	02Fearful
/kaggle/input/ased-main/ASED_V1-main/03Happy/h3-06-02-02-54.wav	03Happy
/kaggle/input/ased-main/ASED_V1-main/02Fearful/f2-06-01-01-11.wav	02Fearful
/kaggle/input/ased-main/ASED_V1-main/03Happy/h3-07-02-02-57.wav	03Happy
/kaggle/input/ased-main/ASED_V1-main/02Fearful/f2-02-02-02-12.wav	02Fearful
/kaggle/input/ased-main/ASED_V1-main/01Neutral/n1-02-02-02-08.wav	01Neutral
/kaggle/input/ased-main/ASED_V1-main/04Sad/s4-07-02-02-65.wav	04Sad
/kaggle/input/ased-main/ASED_V1-main/01Neutral/n1-07-01-02-54.wav	01Neutral
/kaggle/input/ased-main/ASED_V1-main/01Neutral/n1-05-02-02-28.wav	01Neutral
/kaggle/input/ased-main/ASED_V1-main/01Neutral/n1-01-02-02-24.wav	01Neutral
/kaggle/input/ased-main/ASED_V1-main/02Fearful/f2-02-01-02-40.wav	02Fearful
/kaggle/input/ased-main/ASED_V1-main/05Angry/a5-05-01-01-27.wav	05Angry
/kaggle/input/ased-main/ASED_V1-main/05Angry/a5-03-01-02-10.wav	05Angry
/kaggle/input/ased-main/ASED_V1-main/05Angry/a5-04-02-02-28.wav	05Angry
/kaggle/input/ased-main/ASED_V1-main/02Fearful/f2-05-02-02-50.wav	02Fearful
/kaggle/input/ased-main/ASED_V1-main/03Happy/h3-07-01-01-25.wav	03Happy
/kaggle/input/ased-main/ASED_V1-main/03Happy/h3-03-02-02-64.wav	03Happy
/kaggle/input/ased-main/ASED_V1-main/02Fearful/f2-02-01-02-06.wav	02Fearful
/kaggle/input/ased-main/ASED_V1-main/02Fearful/f2-06-02-02-60.wav	02Fearful
/kaggle/input/ased-main/ASED_V1-main/05Angry/a5-02-02-02-50.wav	05Angry
/kaggle/input/ased-main/ASED_V1-main/01Neutral/n1-07-01-01-01.wav	01Neutral
/kaggle/input/ased-main/ASED_V1-main/05Angry/a5-02-02-01-09.wav	05Angry
/kaggle/input/ased-main/ASED_V1-main/02Fearful/f2-04-01-02-30.wav	02Fearful
/kaggle/input/ased-main/ASED_V1-main/02Fearful/f2-01-01-02-39.wav	02Fearful
/kaggle/input/ased-main/ASED_V1-main/04Sad/s4-01-02-02-32.wav	04Sad
/kaggle/input/ased-main/ASED_V1-main/01Neutral/n1-01-01-02-08.wav	01Neutral
/kaggle/input/ased-main/ASED_V1-main/01Neutral/n1-04-02-01-31.wav	01Neutral
/kaggle/input/ased-main/ASED_V1-main/05Angry/a5-01-01-02-30.wav	05Angry
/kaggle/input/ased-main/ASED_V1-main/01Neutral/n1-01-02-01-01.wav	01Neutral
/kaggle/input/ased-main/ASED_V1-main/03Happy/h3-03-02-02-50.wav	03Happy
/kaggle/input/ased-main/ASED_V1-main/05Angry/a5-03-02-02-53.wav	05Angry
/kaggle/input/ased-main/ASED_V1-main/01Neutral/n1-04-01-02-54.wav	01Neutral
/kaggle/input/ased-main/ASED_V1-main/04Sad/s4-01-02-02-09.wav	04Sad
/kaggle/input/ased-main/ASED_V1-main/04Sad/s4-06-02-02-51.wav	04Sad
/kaggle/input/ased-main/ASED_V1-main/03Happy/h3-03-01-02-55.wav	03Happy
/kaggle/input/ased-main/ASED_V1-main/01Neutral/n1-07-02-01-62.wav	01Neutral
/kaggle/input/ased-main/ASED_V1-main/03Happy/h3-06-02-02-04.wav	03Happy
/kaggle/input/ased-main/ASED_V1-main/05Angry/a5-07-01-02-06.wav	05Angry
/kaggle/input/ased-main/ASED_V1-main/03Happy/h3-01-02-01-13.wav	03Happy
/kaggle/input/ased-main/ASED_V1-main/02Fearful/f2-02-01-02-26.wav	02Fearful
/kaggle/input/ased-main/ASED_V1-main/01Neutral/n1-05-01-02-04.wav	01Neutral
/kaggle/input/ased-main/ASED_V1-main/05Angry/a5-05-01-02-20.wav	05Angry
/kaggle/input/ased-main/ASED_V1-main/04Sad/s4-03-01-02-50.wav	04Sad
/kaggle/input/ased-main/ASED_V1-main/02Fearful/f2-02-01-02-18.wav	02Fearful
/kaggle/input/ased-main/ASED_V1-main/03Happy/h3-02-02-01-15.wav	03Happy
/kaggle/input/ased-main/ASED_V1-main/04Sad/s4-07-01-02-59.wav	04Sad
/kaggle/input/ased-main/ASED_V1-main/01Neutral/n1-01-01-02-14.wav	01Neutral
/kaggle/input/ased-main/ASED_V1-main/02Fearful/f2-03-02-02-30.wav	02Fearful
/kaggle/input/ased-main/ASED_V1-main/02Fearful/f2-03-02-01-13.wav	02Fearful
/kaggle/input/ased-main/ASED_V1-main/02Fearful/f2-01-02-01-21.wav	02Fearful
/kaggle/input/ased-main/ASED_V1-main/01Neutral/n1-03-02-01-01.wav	01Neutral
/kaggle/input/ased-main/ASED_V1-main/03Happy/h3-01-01-02-06.wav	03Happy
/kaggle/input/ased-main/ASED_V1-main/05Angry/a5-02-02-01-03.wav	05Angry
/kaggle/input/ased-main/ASED_V1-main/05Angry/a5-05-02-02-54.wav	05Angry
/kaggle/input/ased-main/ASED_V1-main/04Sad/s4-02-01-01-27.wav	04Sad
/kaggle/input/ased-main/ASED_V1-main/03Happy/h3-06-02-01-62.wav	03Happy
/kaggle/input/ased-main/ASED_V1-main/04Sad/s4-05-02-02-28.wav	04Sad
/kaggle/input/ased-main/ASED_V1-main/02Fearful/f2-03-02-01-05.wav	02Fearful
/kaggle/input/ased-main/ASED_V1-main/03Happy/h3-05-02-01-29.wav	03Happy
/kaggle/input/ased-main/ASED_V1-main/01Neutral/n1-01-01-02-24.wav	01Neutral
/kaggle/input/ased-main/ASED_V1-main/02Fearful/f2-06-01-01-62.wav	02Fearful
/kaggle/input/ased-main/ASED_V1-main/02Fearful/f2-01-01-01-19.wav	02Fearful
/kaggle/input/ased-main/ASED_V1-main/01Neutral/n1-01-01-02-10.wav	01Neutral
/kaggle/input/ased-main/ASED_V1-main/03Happy/h3-04-02-02-59.wav	03Happy
/kaggle/input/ased-main/ASED_V1-main/03Happy/h3-04-01-01-48.wav	03Happy
/kaggle/input/ased-main/ASED_V1-main/04Sad/s4-07-02-02-26.wav	04Sad
/kaggle/input/ased-main/ASED_V1-main/02Fearful/f2-05-01-01-11.wav	02Fearful
/kaggle/input/ased-main/ASED_V1-main/02Fearful/f2-01-01-02-18.wav	02Fearful
/kaggle/input/ased-main/ASED_V1-main/02Fearful/f2-06-01-01-58.wav	02Fearful
/kaggle/input/ased-main/ASED_V1-main/01Neutral/n1-01-01-01-21.wav	01Neutral
/kaggle/input/ased-main/ASED_V1-main/03Happy/h3-03-01-02-57.wav	03Happy
/kaggle/input/ased-main/ASED_V1-main/03Happy/h3-01-02-01-19.wav	03Happy
/kaggle/input/ased-main/ASED_V1-main/03Happy/h3-01-02-02-04.wav	03Happy
/kaggle/input/ased-main/ASED_V1-main/01Neutral/n1-05-02-01-05.wav	01Neutral
/kaggle/input/ased-main/ASED_V1-main/01Neutral/n1-03-02-02-65.wav	01Neutral
/kaggle/input/ased-main/ASED_V1-main/02Fearful/f2-05-02-02-59.wav	02Fearful
/kaggle/input/ased-main/ASED_V1-main/03Happy/h3-05-02-02-55.wav	03Happy
/kaggle/input/ased-main/ASED_V1-main/03Happy/h3-02-01-02-30.wav	03Happy
/kaggle/input/ased-main/ASED_V1-main/02Fearful/f2-03-02-02-64.wav	02Fearful
/kaggle/input/ased-main/ASED_V1-main/04Sad/s4-05-02-02-20.wav	04Sad
/kaggle/input/ased-main/ASED_V1-main/01Neutral/n1-01-02-02-16.wav	01Neutral
/kaggle/input/ased-main/ASED_V1-main/05Angry/a5-03-02-01-48.wav	05Angry
/kaggle/input/ased-main/ASED_V1-main/05Angry/a5-05-01-01-05.wav	05Angry
/kaggle/input/ased-main/ASED_V1-main/03Happy/h3-02-02-02-06.wav	03Happy
/kaggle/input/ased-main/ASED_V1-main/02Fearful/f2-07-01-02-04.wav	02Fearful
/kaggle/input/ased-main/ASED_V1-main/01Neutral/n1-07-02-02-52.wav	01Neutral
/kaggle/input/ased-main/ASED_V1-main/05Angry/a5-03-01-01-21.wav	05Angry
/kaggle/input/ased-main/ASED_V1-main/04Sad/s4-04-02-02-30.wav	04Sad
/kaggle/input/ased-main/ASED_V1-main/02Fearful/f2-02-01-02-25.wav	02Fearful
/kaggle/input/ased-main/ASED_V1-main/03Happy/h3-01-01-01-47.wav	03Happy
/kaggle/input/ased-main/ASED_V1-main/02Fearful/f2-05-02-02-63.wav	02Fearful
/kaggle/input/ased-main/ASED_V1-main/01Neutral/n1-05-02-02-39.wav	01Neutral
/kaggle/input/ased-main/ASED_V1-main/02Fearful/f2-02-01-01-27.wav	02Fearful
/kaggle/input/ased-main/ASED_V1-main/04Sad/s4-03-01-02-55.wav	04Sad
/kaggle/input/ased-main/ASED_V1-main/02Fearful/f2-05-01-02-53.wav	02Fearful
/kaggle/input/ased-main/ASED_V1-main/04Sad/s4-06-01-01-25.wav	04Sad
/kaggle/input/ased-main/ASED_V1-main/04Sad/s4-05-01-01-11.wav	04Sad
/kaggle/input/ased-main/ASED_V1-main/05Angry/a5-02-02-02-41.wav	05Angry
/kaggle/input/ased-main/ASED_V1-main/05Angry/a5-03-01-02-50.wav	05Angry
/kaggle/input/ased-main/ASED_V1-main/01Neutral/n1-02-01-01-13.wav	01Neutral
/kaggle/input/ased-main/ASED_V1-main/02Fearful/f2-06-01-02-64.wav	02Fearful
/kaggle/input/ased-main/ASED_V1-main/02Fearful/f2-06-02-02-06.wav	02Fearful
/kaggle/input/ased-main/ASED_V1-main/04Sad/s4-03-01-02-56.wav	04Sad
/kaggle/input/ased-main/ASED_V1-main/03Happy/h3-07-01-02-57.wav	03Happy
/kaggle/input/ased-main/ASED_V1-main/02Fearful/f2-01-02-01-33.wav	02Fearful
/kaggle/input/ased-main/ASED_V1-main/04Sad/s4-07-02-01-11.wav	04Sad
/kaggle/input/ased-main/ASED_V1-main/04Sad/s4-04-02-02-56.wav	04Sad
/kaggle/input/ased-main/ASED_V1-main/04Sad/s4-01-01-02-30.wav	04Sad
/kaggle/input/ased-main/ASED_V1-main/03Happy/h3-06-02-02-61.wav	03Happy
/kaggle/input/ased-main/ASED_V1-main/03Happy/h3-02-02-01-33.wav	03Happy
/kaggle/input/ased-main/ASED_V1-main/01Neutral/n1-04-02-02-53.wav	01Neutral
/kaggle/input/ased-main/ASED_V1-main/05Angry/a5-04-01-02-61.wav	05Angry
/kaggle/input/ased-main/ASED_V1-main/05Angry/a5-05-02-01-11.wav	05Angry
/kaggle/input/ased-main/ASED_V1-main/04Sad/s4-05-02-01-11.wav	04Sad
/kaggle/input/ased-main/ASED_V1-main/03Happy/h3-01-01-02-39.wav	03Happy
/kaggle/input/ased-main/ASED_V1-main/04Sad/s4-03-02-01-29.wav	04Sad
/kaggle/input/ased-main/ASED_V1-main/02Fearful/f2-01-02-01-31.wav	02Fearful
/kaggle/input/ased-main/ASED_V1-main/01Neutral/n1-02-01-01-37.wav	01Neutral
/kaggle/input/ased-main/ASED_V1-main/01Neutral/n1-04-02-02-54.wav	01Neutral
/kaggle/input/ased-main/ASED_V1-main/02Fearful/f2-07-02-02-26.wav	02Fearful
/kaggle/input/ased-main/ASED_V1-main/05Angry/a5-07-01-02-60.wav	05Angry
/kaggle/input/ased-main/ASED_V1-main/03Happy/h3-04-02-01-62.wav	03Happy
/kaggle/input/ased-main/ASED_V1-main/02Fearful/f2-05-01-02-45.wav	02Fearful
/kaggle/input/ased-main/ASED_V1-main/01Neutral/n1-01-01-01-17.wav	01Neutral
/kaggle/input/ased-main/ASED_V1-main/03Happy/h3-07-01-02-55.wav	03Happy
/kaggle/input/ased-main/ASED_V1-main/01Neutral/n1-01-01-01-37.wav	01Neutral
/kaggle/input/ased-main/ASED_V1-main/03Happy/h3-01-02-02-08.wav	03Happy
/kaggle/input/ased-main/ASED_V1-main/04Sad/s4-04-01-02-23.wav	04Sad
/kaggle/input/ased-main/ASED_V1-main/04Sad/s4-03-02-02-57.wav	04Sad
/kaggle/input/ased-main/ASED_V1-main/04Sad/s4-06-02-01-62.wav	04Sad
/kaggle/input/ased-main/ASED_V1-main/03Happy/h3-07-02-02-39.wav	03Happy
/kaggle/input/ased-main/ASED_V1-main/01Neutral/n1-03-01-02-45.wav	01Neutral
/kaggle/input/ased-main/ASED_V1-main/04Sad/s4-03-01-02-04.wav	04Sad
/kaggle/input/ased-main/ASED_V1-main/01Neutral/n1-04-02-01-01.wav	01Neutral
/kaggle/input/ased-main/ASED_V1-main/05Angry/a5-05-01-01-25.wav	05Angry
/kaggle/input/ased-main/ASED_V1-main/03Happy/h3-07-01-02-28.wav	03Happy
/kaggle/input/ased-main/ASED_V1-main/04Sad/s4-04-02-01-23.wav	04Sad
/kaggle/input/ased-main/ASED_V1-main/01Neutral/n1-03-01-02-53.wav	01Neutral
/kaggle/input/ased-main/ASED_V1-main/03Happy/h3-01-02-01-15.wav	03Happy
/kaggle/input/ased-main/ASED_V1-main/04Sad/s4-03-02-02-63.wav	04Sad
/kaggle/input/ased-main/ASED_V1-main/04Sad/s4-03-01-02-54.wav	04Sad
/kaggle/input/ased-main/ASED_V1-main/02Fearful/f2-04-01-02-04.wav	02Fearful
/kaggle/input/ased-main/ASED_V1-main/01Neutral/n1-01-02-01-07.wav	01Neutral
/kaggle/input/ased-main/ASED_V1-main/04Sad/s4-01-02-02-06.wav	04Sad
/kaggle/input/ased-main/ASED_V1-main/04Sad/s4-02-01-02-30.wav	04Sad
/kaggle/input/ased-main/ASED_V1-main/02Fearful/f2-04-01-02-55.wav	02Fearful
/kaggle/input/ased-main/ASED_V1-main/02Fearful/f2-02-02-02-14.wav	02Fearful
/kaggle/input/ased-main/ASED_V1-main/02Fearful/f2-05-02-02-04.wav	02Fearful
/kaggle/input/ased-main/ASED_V1-main/04Sad/s4-07-01-02-10.wav	04Sad
/kaggle/input/ased-main/ASED_V1-main/03Happy/h3-03-01-01-21.wav	03Happy
/kaggle/input/ased-main/ASED_V1-main/03Happy/h3-06-01-01-21.wav	03Happy
/kaggle/input/ased-main/ASED_V1-main/04Sad/s4-06-01-02-45.wav	04Sad
/kaggle/input/ased-main/ASED_V1-main/05Angry/a5-04-02-02-60.wav	05Angry
/kaggle/input/ased-main/ASED_V1-main/05Angry/a5-07-02-01-21.wav	05Angry
/kaggle/input/ased-main/ASED_V1-main/02Fearful/f2-02-02-01-43.wav	02Fearful
/kaggle/input/ased-main/ASED_V1-main/02Fearful/f2-04-02-02-51.wav	02Fearful
/kaggle/input/ased-main/ASED_V1-main/05Angry/a5-05-01-02-39.wav	05Angry
/kaggle/input/ased-main/ASED_V1-main/03Happy/h3-04-02-02-60.wav	03Happy
/kaggle/input/ased-main/ASED_V1-main/05Angry/a5-01-01-01-01.wav	05Angry
/kaggle/input/ased-main/ASED_V1-main/03Happy/h3-01-02-01-27.wav	03Happy
/kaggle/input/ased-main/ASED_V1-main/02Fearful/f2-04-02-01-31.wav	02Fearful
/kaggle/input/ased-main/ASED_V1-main/05Angry/a5-03-02-02-60.wav	05Angry
/kaggle/input/ased-main/ASED_V1-main/01Neutral/n1-01-02-01-11.wav	01Neutral
/kaggle/input/ased-main/ASED_V1-main/01Neutral/n1-05-01-01-58.wav	01Neutral
/kaggle/input/ased-main/ASED_V1-main/05Angry/a5-06-02-02-65.wav	05Angry
/kaggle/input/ased-main/ASED_V1-main/01Neutral/n1-03-02-01-58.wav	01Neutral
/kaggle/input/ased-main/ASED_V1-main/01Neutral/n1-02-02-02-26.wav	01Neutral
/kaggle/input/ased-main/ASED_V1-main/01Neutral/n1-03-02-02-56.wav	01Neutral
/kaggle/input/ased-main/ASED_V1-main/04Sad/s4-01-01-01-11.wav	04Sad
/kaggle/input/ased-main/ASED_V1-main/02Fearful/f2-07-02-02-10.wav	02Fearful
/kaggle/input/ased-main/ASED_V1-main/05Angry/a5-02-01-02-38.wav	05Angry
/kaggle/input/ased-main/ASED_V1-main/05Angry/a5-01-01-02-04.wav	05Angry
/kaggle/input/ased-main/ASED_V1-main/01Neutral/n1-06-02-01-58.wav	01Neutral
/kaggle/input/ased-main/ASED_V1-main/04Sad/s4-04-02-02-10.wav	04Sad
/kaggle/input/ased-main/ASED_V1-main/02Fearful/f2-02-02-02-10.wav	02Fearful
/kaggle/input/ased-main/ASED_V1-main/03Happy/h3-06-02-02-60.wav	03Happy
/kaggle/input/ased-main/ASED_V1-main/01Neutral/n1-05-02-02-51.wav	01Neutral
/kaggle/input/ased-main/ASED_V1-main/03Happy/h3-01-02-01-03.wav	03Happy
/kaggle/input/ased-main/ASED_V1-main/05Angry/a5-07-01-02-51.wav	05Angry
/kaggle/input/ased-main/ASED_V1-main/02Fearful/f2-07-01-01-29.wav	02Fearful
/kaggle/input/ased-main/ASED_V1-main/02Fearful/f2-06-01-01-01.wav	02Fearful
/kaggle/input/ased-main/ASED_V1-main/04Sad/s4-05-01-01-25.wav	04Sad
/kaggle/input/ased-main/ASED_V1-main/01Neutral/n1-05-01-02-52.wav	01Neutral
/kaggle/input/ased-main/ASED_V1-main/02Fearful/f2-03-02-02-65.wav	02Fearful
/kaggle/input/ased-main/ASED_V1-main/01Neutral/n1-04-02-02-52.wav	01Neutral
/kaggle/input/ased-main/ASED_V1-main/02Fearful/f2-03-02-01-23.wav	02Fearful
/kaggle/input/ased-main/ASED_V1-main/03Happy/h3-02-02-02-18.wav	03Happy
/kaggle/input/ased-main/ASED_V1-main/01Neutral/n1-05-02-02-10.wav	01Neutral
/kaggle/input/ased-main/ASED_V1-main/05Angry/a5-05-02-01-62.wav	05Angry
/kaggle/input/ased-main/ASED_V1-main/01Neutral/n1-06-02-02-28.wav	01Neutral
/kaggle/input/ased-main/ASED_V1-main/04Sad/s4-03-02-02-39.wav	04Sad
/kaggle/input/ased-main/ASED_V1-main/05Angry/a5-04-02-02-51.wav	05Angry
/kaggle/input/ased-main/ASED_V1-main/05Angry/a5-05-02-01-05.wav	05Angry
/kaggle/input/ased-main/ASED_V1-main/02Fearful/f2-01-01-01-05.wav	02Fearful
/kaggle/input/ased-main/ASED_V1-main/03Happy/h3-06-01-02-30.wav	03Happy
/kaggle/input/ased-main/ASED_V1-main/04Sad/s4-01-01-02-36.wav	04Sad
/kaggle/input/ased-main/ASED_V1-main/05Angry/a5-07-02-02-30.wav	05Angry
/kaggle/input/ased-main/ASED_V1-main/02Fearful/f2-05-01-02-20.wav	02Fearful
/kaggle/input/ased-main/ASED_V1-main/05Angry/a5-06-01-01-13.wav	05Angry
/kaggle/input/ased-main/ASED_V1-main/01Neutral/n1-06-01-01-25.wav	01Neutral
/kaggle/input/ased-main/ASED_V1-main/03Happy/h3-04-02-02-63.wav	03Happy
/kaggle/input/ased-main/ASED_V1-main/01Neutral/n1-07-02-02-10.wav	01Neutral
/kaggle/input/ased-main/ASED_V1-main/05Angry/a5-03-02-02-20.wav	05Angry
/kaggle/input/ased-main/ASED_V1-main/03Happy/h3-05-02-01-01.wav	03Happy
/kaggle/input/ased-main/ASED_V1-main/02Fearful/f2-01-01-02-41.wav	02Fearful
/kaggle/input/ased-main/ASED_V1-main/03Happy/h3-03-01-01-31.wav	03Happy
/kaggle/input/ased-main/ASED_V1-main/03Happy/h3-05-01-02-53.wav	03Happy
/kaggle/input/ased-main/ASED_V1-main/01Neutral/n1-02-01-02-20.wav	01Neutral
/kaggle/input/ased-main/ASED_V1-main/03Happy/h3-01-02-02-02.wav	03Happy
/kaggle/input/ased-main/ASED_V1-main/01Neutral/n1-05-02-02-30.wav	01Neutral
/kaggle/input/ased-main/ASED_V1-main/05Angry/a5-03-02-02-39.wav	05Angry
/kaggle/input/ased-main/ASED_V1-main/01Neutral/n1-07-01-02-50.wav	01Neutral
/kaggle/input/ased-main/ASED_V1-main/05Angry/a5-04-01-01-58.wav	05Angry
/kaggle/input/ased-main/ASED_V1-main/05Angry/a5-04-01-02-45.wav	05Angry
/kaggle/input/ased-main/ASED_V1-main/02Fearful/f2-06-02-01-25.wav	02Fearful
/kaggle/input/ased-main/ASED_V1-main/03Happy/h3-04-02-02-30.wav	03Happy
/kaggle/input/ased-main/ASED_V1-main/03Happy/h3-06-02-01-25.wav	03Happy
/kaggle/input/ased-main/ASED_V1-main/04Sad/s4-06-01-02-53.wav	04Sad
/kaggle/input/ased-main/ASED_V1-main/02Fearful/f2-02-01-01-19.wav	02Fearful
/kaggle/input/ased-main/ASED_V1-main/02Fearful/f2-03-01-01-25.wav	02Fearful
/kaggle/input/ased-main/ASED_V1-main/01Neutral/n1-07-02-02-61.wav	01Neutral
/kaggle/input/ased-main/ASED_V1-main/01Neutral/n1-02-01-02-34.wav	01Neutral
/kaggle/input/ased-main/ASED_V1-main/02Fearful/f2-05-02-02-52.wav	02Fearful
/kaggle/input/ased-main/ASED_V1-main/03Happy/h3-07-02-01-05.wav	03Happy
/kaggle/input/ased-main/ASED_V1-main/02Fearful/f2-07-01-02-26.wav	02Fearful
/kaggle/input/ased-main/ASED_V1-main/01Neutral/n1-04-01-01-48.wav	01Neutral
/kaggle/input/ased-main/ASED_V1-main/05Angry/a5-01-01-02-02.wav	05Angry
/kaggle/input/ased-main/ASED_V1-main/03Happy/h3-05-01-01-25.wav	03Happy
/kaggle/input/ased-main/ASED_V1-main/01Neutral/n1-07-02-02-57.wav	01Neutral
/kaggle/input/ased-main/ASED_V1-main/01Neutral/n1-01-02-01-13.wav	01Neutral
/kaggle/input/ased-main/ASED_V1-main/05Angry/a5-07-01-02-61.wav	05Angry
/kaggle/input/ased-main/ASED_V1-main/05Angry/a5-06-01-01-58.wav	05Angry
/kaggle/input/ased-main/ASED_V1-main/02Fearful/f2-02-02-02-06.wav	02Fearful
/kaggle/input/ased-main/ASED_V1-main/02Fearful/f2-03-02-01-21.wav	02Fearful
/kaggle/input/ased-main/ASED_V1-main/03Happy/h3-03-01-02-56.wav	03Happy
/kaggle/input/ased-main/ASED_V1-main/01Neutral/n1-04-01-01-62.wav	01Neutral
/kaggle/input/ased-main/ASED_V1-main/04Sad/s4-03-02-01-11.wav	04Sad
/kaggle/input/ased-main/ASED_V1-main/02Fearful/f2-04-02-02-26.wav	02Fearful
/kaggle/input/ased-main/ASED_V1-main/03Happy/h3-06-02-02-50.wav	03Happy
/kaggle/input/ased-main/ASED_V1-main/03Happy/h3-06-01-02-10.wav	03Happy
/kaggle/input/ased-main/ASED_V1-main/04Sad/s4-07-01-01-27.wav	04Sad
/kaggle/input/ased-main/ASED_V1-main/04Sad/s4-02-02-01-09.wav	04Sad
/kaggle/input/ased-main/ASED_V1-main/05Angry/a5-02-01-01-05.wav	05Angry
/kaggle/input/ased-main/ASED_V1-main/03Happy/h3-05-02-02-51.wav	03Happy
/kaggle/input/ased-main/ASED_V1-main/04Sad/s4-04-01-02-06.wav	04Sad
/kaggle/input/ased-main/ASED_V1-main/02Fearful/f2-01-02-02-14.wav	02Fearful
/kaggle/input/ased-main/ASED_V1-main/01Neutral/n1-04-01-02-06.wav	01Neutral
/kaggle/input/ased-main/ASED_V1-main/02Fearful/f2-01-02-02-41.wav	02Fearful
/kaggle/input/ased-main/ASED_V1-main/05Angry/a5-06-02-01-23.wav	05Angry
/kaggle/input/ased-main/ASED_V1-main/04Sad/s4-07-02-02-60.wav	04Sad
/kaggle/input/ased-main/ASED_V1-main/01Neutral/n1-05-02-02-53.wav	01Neutral
/kaggle/input/ased-main/ASED_V1-main/04Sad/s4-02-02-01-11.wav	04Sad
/kaggle/input/ased-main/ASED_V1-main/04Sad/s4-05-01-01-31.wav	04Sad
/kaggle/input/ased-main/ASED_V1-main/01Neutral/n1-06-02-01-31.wav	01Neutral
/kaggle/input/ased-main/ASED_V1-main/02Fearful/f2-04-02-01-58.wav	02Fearful
/kaggle/input/ased-main/ASED_V1-main/05Angry/a5-05-01-01-48.wav	05Angry
/kaggle/input/ased-main/ASED_V1-main/02Fearful/f2-02-01-02-02.wav	02Fearful
/kaggle/input/ased-main/ASED_V1-main/04Sad/s4-06-02-02-39.wav	04Sad
/kaggle/input/ased-main/ASED_V1-main/02Fearful/f2-01-01-01-27.wav	02Fearful
/kaggle/input/ased-main/ASED_V1-main/03Happy/h3-01-01-01-01.wav	03Happy
/kaggle/input/ased-main/ASED_V1-main/01Neutral/n1-03-02-02-28.wav	01Neutral
/kaggle/input/ased-main/ASED_V1-main/02Fearful/f2-02-01-01-29.wav	02Fearful
/kaggle/input/ased-main/ASED_V1-main/04Sad/s4-01-02-01-35.wav	04Sad
/kaggle/input/ased-main/ASED_V1-main/02Fearful/f2-01-01-02-38.wav	02Fearful
/kaggle/input/ased-main/ASED_V1-main/04Sad/s4-07-01-02-57.wav	04Sad
/kaggle/input/ased-main/ASED_V1-main/04Sad/s4-04-02-02-54.wav	04Sad
/kaggle/input/ased-main/ASED_V1-main/03Happy/h3-04-02-02-61.wav	03Happy
/kaggle/input/ased-main/ASED_V1-main/04Sad/s4-02-02-01-03.wav	04Sad
/kaggle/input/ased-main/ASED_V1-main/04Sad/s4-01-01-01-27.wav	04Sad
/kaggle/input/ased-main/ASED_V1-main/01Neutral/n1-03-02-02-53.wav	01Neutral
/kaggle/input/ased-main/ASED_V1-main/05Angry/a5-05-02-02-51.wav	05Angry
/kaggle/input/ased-main/ASED_V1-main/01Neutral/n1-04-01-02-61.wav	01Neutral
/kaggle/input/ased-main/ASED_V1-main/01Neutral/n1-06-02-02-20.wav	01Neutral
/kaggle/input/ased-main/ASED_V1-main/02Fearful/f2-02-02-01-21.wav	02Fearful
/kaggle/input/ased-main/ASED_V1-main/05Angry/a5-06-02-02-41.wav	05Angry
/kaggle/input/ased-main/ASED_V1-main/03Happy/h3-03-01-01-29.wav	03Happy
/kaggle/input/ased-main/ASED_V1-main/03Happy/h3-06-01-02-28.wav	03Happy
/kaggle/input/ased-main/ASED_V1-main/03Happy/h3-06-02-01-05.wav	03Happy
/kaggle/input/ased-main/ASED_V1-main/02Fearful/f2-04-02-01-25.wav	02Fearful
/kaggle/input/ased-main/ASED_V1-main/05Angry/a5-06-02-02-39.wav	05Angry
/kaggle/input/ased-main/ASED_V1-main/05Angry/a5-03-01-02-06.wav	05Angry
/kaggle/input/ased-main/ASED_V1-main/02Fearful/f2-03-01-02-64.wav	02Fearful
/kaggle/input/ased-main/ASED_V1-main/05Angry/a5-07-02-01-01.wav	05Angry
/kaggle/input/ased-main/ASED_V1-main/02Fearful/f2-03-01-02-30.wav	02Fearful
/kaggle/input/ased-main/ASED_V1-main/05Angry/a5-04-01-01-05.wav	05Angry
/kaggle/input/ased-main/ASED_V1-main/01Neutral/n1-07-02-02-26.wav	01Neutral
/kaggle/input/ased-main/ASED_V1-main/05Angry/a5-01-02-02-10.wav	05Angry
/kaggle/input/ased-main/ASED_V1-main/01Neutral/n1-04-01-02-04.wav	01Neutral
/kaggle/input/ased-main/ASED_V1-main/02Fearful/f2-04-01-01-25.wav	02Fearful
/kaggle/input/ased-main/ASED_V1-main/05Angry/a5-04-01-01-21.wav	05Angry
/kaggle/input/ased-main/ASED_V1-main/01Neutral/n1-04-01-02-26.wav	01Neutral
/kaggle/input/ased-main/ASED_V1-main/03Happy/h3-07-01-01-31.wav	03Happy
/kaggle/input/ased-main/ASED_V1-main/02Fearful/f2-06-01-02-60.wav	02Fearful
/kaggle/input/ased-main/ASED_V1-main/01Neutral/n1-06-02-02-26.wav	01Neutral
/kaggle/input/ased-main/ASED_V1-main/03Happy/h3-05-01-01-58.wav	03Happy
/kaggle/input/ased-main/ASED_V1-main/01Neutral/n1-07-01-02-57.wav	01Neutral
/kaggle/input/ased-main/ASED_V1-main/04Sad/s4-05-01-02-54.wav	04Sad
/kaggle/input/ased-main/ASED_V1-main/05Angry/a5-03-02-02-50.wav	05Angry
/kaggle/input/ased-main/ASED_V1-main/03Happy/h3-05-02-02-45.wav	03Happy
/kaggle/input/ased-main/ASED_V1-main/03Happy/h3-06-02-01-58.wav	03Happy
/kaggle/input/ased-main/ASED_V1-main/03Happy/h3-05-02-02-50.wav	03Happy
/kaggle/input/ased-main/ASED_V1-main/04Sad/s4-03-01-02-10.wav	04Sad
/kaggle/input/ased-main/ASED_V1-main/03Happy/h3-04-02-02-39.wav	03Happy
/kaggle/input/ased-main/ASED_V1-main/02Fearful/f2-07-02-01-29.wav	02Fearful
/kaggle/input/ased-main/ASED_V1-main/04Sad/s4-06-02-02-64.wav	04Sad
/kaggle/input/ased-main/ASED_V1-main/01Neutral/n1-01-01-02-06.wav	01Neutral
/kaggle/input/ased-main/ASED_V1-main/03Happy/h3-03-01-01-11.wav	03Happy
/kaggle/input/ased-main/ASED_V1-main/03Happy/h3-05-02-02-61.wav	03Happy
/kaggle/input/ased-main/ASED_V1-main/03Happy/h3-03-02-02-57.wav	03Happy
/kaggle/input/ased-main/ASED_V1-main/04Sad/s4-07-02-02-51.wav	04Sad
/kaggle/input/ased-main/ASED_V1-main/02Fearful/f2-04-02-02-41.wav	02Fearful
/kaggle/input/ased-main/ASED_V1-main/02Fearful/f2-05-01-02-26.wav	02Fearful
/kaggle/input/ased-main/ASED_V1-main/02Fearful/f2-02-02-02-28.wav	02Fearful
/kaggle/input/ased-main/ASED_V1-main/03Happy/h3-07-02-02-45.wav	03Happy
/kaggle/input/ased-main/ASED_V1-main/01Neutral/n1-02-02-02-20.wav	01Neutral
/kaggle/input/ased-main/ASED_V1-main/01Neutral/n1-06-02-02-41.wav	01Neutral
/kaggle/input/ased-main/ASED_V1-main/03Happy/h3-01-02-01-47.wav	03Happy
/kaggle/input/ased-main/ASED_V1-main/03Happy/h3-05-02-02-60.wav	03Happy
/kaggle/input/ased-main/ASED_V1-main/04Sad/s4-07-02-01-58.wav	04Sad
/kaggle/input/ased-main/ASED_V1-main/01Neutral/n1-02-01-01-11.wav	01Neutral
/kaggle/input/ased-main/ASED_V1-main/05Angry/a5-05-02-02-60.wav	05Angry
/kaggle/input/ased-main/ASED_V1-main/05Angry/a5-03-02-02-55.wav	05Angry
/kaggle/input/ased-main/ASED_V1-main/01Neutral/n1-07-01-01-05.wav	01Neutral
/kaggle/input/ased-main/ASED_V1-main/05Angry/a5-02-02-02-14.wav	05Angry
/kaggle/input/ased-main/ASED_V1-main/02Fearful/f2-02-02-02-26.wav	02Fearful
/kaggle/input/ased-main/ASED_V1-main/04Sad/s4-07-01-01-62.wav	04Sad
/kaggle/input/ased-main/ASED_V1-main/02Fearful/f2-03-01-02-55.wav	02Fearful
/kaggle/input/ased-main/ASED_V1-main/01Neutral/n1-05-02-02-64.wav	01Neutral
/kaggle/input/ased-main/ASED_V1-main/02Fearful/f2-06-02-02-10.wav	02Fearful
/kaggle/input/ased-main/ASED_V1-main/01Neutral/n1-01-01-01-07.wav	01Neutral
/kaggle/input/ased-main/ASED_V1-main/02Fearful/f2-06-02-01-23.wav	02Fearful
/kaggle/input/ased-main/ASED_V1-main/05Angry/a5-01-01-02-32.wav	05Angry
/kaggle/input/ased-main/ASED_V1-main/03Happy/h3-03-02-01-25.wav	03Happy
/kaggle/input/ased-main/ASED_V1-main/05Angry/a5-04-02-01-23.wav	05Angry
/kaggle/input/ased-main/ASED_V1-main/04Sad/s4-04-01-01-27.wav	04Sad
/kaggle/input/ased-main/ASED_V1-main/03Happy/h3-04-01-01-23.wav	03Happy
/kaggle/input/ased-main/ASED_V1-main/04Sad/s4-01-01-01-25.wav	04Sad
/kaggle/input/ased-main/ASED_V1-main/01Neutral/n1-04-02-02-51.wav	01Neutral
/kaggle/input/ased-main/ASED_V1-main/01Neutral/n1-06-02-02-52.wav	01Neutral
/kaggle/input/ased-main/ASED_V1-main/04Sad/s4-06-01-01-29.wav	04Sad
/kaggle/input/ased-main/ASED_V1-main/04Sad/s4-03-01-01-01.wav	04Sad
/kaggle/input/ased-main/ASED_V1-main/02Fearful/f2-06-02-02-45.wav	02Fearful
/kaggle/input/ased-main/ASED_V1-main/04Sad/s4-04-02-02-63.wav	04Sad
/kaggle/input/ased-main/ASED_V1-main/04Sad/s4-04-01-01-58.wav	04Sad
/kaggle/input/ased-main/ASED_V1-main/02Fearful/f2-01-02-01-19.wav	02Fearful
/kaggle/input/ased-main/ASED_V1-main/02Fearful/f2-01-01-01-17.wav	02Fearful
/kaggle/input/ased-main/ASED_V1-main/02Fearful/f2-03-01-02-54.wav	02Fearful
/kaggle/input/ased-main/ASED_V1-main/05Angry/a5-05-01-02-64.wav	05Angry
/kaggle/input/ased-main/ASED_V1-main/04Sad/s4-06-01-02-26.wav	04Sad
/kaggle/input/ased-main/ASED_V1-main/01Neutral/n1-07-01-01-23.wav	01Neutral
/kaggle/input/ased-main/ASED_V1-main/02Fearful/f2-02-01-01-01.wav	02Fearful
/kaggle/input/ased-main/ASED_V1-main/05Angry/a5-07-01-02-53.wav	05Angry
/kaggle/input/ased-main/ASED_V1-main/04Sad/s4-05-01-01-62.wav	04Sad
/kaggle/input/ased-main/ASED_V1-main/02Fearful/f2-01-01-01-33.wav	02Fearful
/kaggle/input/ased-main/ASED_V1-main/04Sad/s4-05-02-02-63.wav	04Sad
/kaggle/input/ased-main/ASED_V1-main/03Happy/h3-07-02-02-65.wav	03Happy
/kaggle/input/ased-main/ASED_V1-main/01Neutral/n1-01-01-01-25.wav	01Neutral
/kaggle/input/ased-main/ASED_V1-main/03Happy/h3-02-01-02-24.wav	03Happy
/kaggle/input/ased-main/ASED_V1-main/01Neutral/n1-02-02-01-21.wav	01Neutral
/kaggle/input/ased-main/ASED_V1-main/03Happy/h3-07-02-02-50.wav	03Happy
/kaggle/input/ased-main/ASED_V1-main/03Happy/h3-05-02-02-65.wav	03Happy
/kaggle/input/ased-main/ASED_V1-main/02Fearful/f2-07-01-01-05.wav	02Fearful
/kaggle/input/ased-main/ASED_V1-main/05Angry/a5-05-01-02-28.wav	05Angry
/kaggle/input/ased-main/ASED_V1-main/05Angry/a5-05-02-01-58.wav	05Angry
/kaggle/input/ased-main/ASED_V1-main/02Fearful/f2-04-02-02-59.wav	02Fearful
/kaggle/input/ased-main/ASED_V1-main/02Fearful/f2-03-02-01-27.wav	02Fearful
/kaggle/input/ased-main/ASED_V1-main/02Fearful/f2-04-01-01-23.wav	02Fearful
/kaggle/input/ased-main/ASED_V1-main/04Sad/s4-07-02-02-10.wav	04Sad
/kaggle/input/ased-main/ASED_V1-main/03Happy/h3-06-02-02-59.wav	03Happy
/kaggle/input/ased-main/ASED_V1-main/02Fearful/f2-03-02-02-54.wav	02Fearful
/kaggle/input/ased-main/ASED_V1-main/02Fearful/f2-01-02-02-26.wav	02Fearful
/kaggle/input/ased-main/ASED_V1-main/04Sad/s4-02-01-02-04.wav	04Sad
/kaggle/input/ased-main/ASED_V1-main/03Happy/h3-04-02-01-58.wav	03Happy
/kaggle/input/ased-main/ASED_V1-main/03Happy/h3-04-01-02-60.wav	03Happy
/kaggle/input/ased-main/ASED_V1-main/01Neutral/n1-06-01-02-53.wav	01Neutral
/kaggle/input/ased-main/ASED_V1-main/01Neutral/n1-03-02-01-11.wav	01Neutral
/kaggle/input/ased-main/ASED_V1-main/04Sad/s4-01-02-01-07.wav	04Sad
/kaggle/input/ased-main/ASED_V1-main/04Sad/s4-07-01-02-63.wav	04Sad
/kaggle/input/ased-main/ASED_V1-main/02Fearful/f2-06-01-02-59.wav	02Fearful
/kaggle/input/ased-main/ASED_V1-main/01Neutral/n1-05-01-02-64.wav	01Neutral
/kaggle/input/ased-main/ASED_V1-main/01Neutral/n1-02-02-02-41.wav	01Neutral
/kaggle/input/ased-main/ASED_V1-main/05Angry/a5-01-02-02-41.wav	05Angry
/kaggle/input/ased-main/ASED_V1-main/03Happy/h3-04-01-02-10.wav	03Happy
/kaggle/input/ased-main/ASED_V1-main/04Sad/s4-06-01-01-27.wav	04Sad
/kaggle/input/ased-main/ASED_V1-main/04Sad/s4-05-02-02-39.wav	04Sad
/kaggle/input/ased-main/ASED_V1-main/02Fearful/f2-03-02-02-59.wav	02Fearful
/kaggle/input/ased-main/ASED_V1-main/03Happy/h3-03-01-01-27.wav	03Happy
/kaggle/input/ased-main/ASED_V1-main/04Sad/s4-01-02-02-36.wav	04Sad
/kaggle/input/ased-main/ASED_V1-main/01Neutral/n1-03-01-02-06.wav	01Neutral
/kaggle/input/ased-main/ASED_V1-main/01Neutral/n1-03-02-02-26.wav	01Neutral
/kaggle/input/ased-main/ASED_V1-main/01Neutral/n1-07-01-02-61.wav	01Neutral
/kaggle/input/ased-main/ASED_V1-main/03Happy/h3-01-02-02-22.wav	03Happy
/kaggle/input/ased-main/ASED_V1-main/02Fearful/f2-02-01-02-42.wav	02Fearful
/kaggle/input/ased-main/ASED_V1-main/05Angry/a5-03-01-02-52.wav	05Angry
/kaggle/input/ased-main/ASED_V1-main/05Angry/a5-02-01-02-30.wav	05Angry
/kaggle/input/ased-main/ASED_V1-main/02Fearful/f2-03-01-02-51.wav	02Fearful
/kaggle/input/ased-main/ASED_V1-main/04Sad/s4-06-02-01-25.wav	04Sad
/kaggle/input/ased-main/ASED_V1-main/01Neutral/n1-07-02-02-45.wav	01Neutral
/kaggle/input/ased-main/ASED_V1-main/03Happy/h3-07-02-01-58.wav	03Happy
/kaggle/input/ased-main/ASED_V1-main/01Neutral/n1-06-02-02-56.wav	01Neutral
/kaggle/input/ased-main/ASED_V1-main/03Happy/h3-07-02-01-29.wav	03Happy
/kaggle/input/ased-main/ASED_V1-main/01Neutral/n1-04-01-02-56.wav	01Neutral
/kaggle/input/ased-main/ASED_V1-main/04Sad/s4-06-01-02-57.wav	04Sad
/kaggle/input/ased-main/ASED_V1-main/03Happy/h3-06-02-01-48.wav	03Happy
/kaggle/input/ased-main/ASED_V1-main/02Fearful/f2-07-01-02-54.wav	02Fearful
/kaggle/input/ased-main/ASED_V1-main/02Fearful/f2-05-02-02-54.wav	02Fearful
/kaggle/input/ased-main/ASED_V1-main/05Angry/a5-01-01-02-18.wav	05Angry
/kaggle/input/ased-main/ASED_V1-main/02Fearful/f2-02-01-02-14.wav	02Fearful
/kaggle/input/ased-main/ASED_V1-main/03Happy/h3-02-02-01-09.wav	03Happy
/kaggle/input/ased-main/ASED_V1-main/01Neutral/n1-02-02-02-14.wav	01Neutral
/kaggle/input/ased-main/ASED_V1-main/02Fearful/f2-04-01-02-63.wav	02Fearful
/kaggle/input/ased-main/ASED_V1-main/04Sad/s4-07-01-02-56.wav	04Sad
/kaggle/input/ased-main/ASED_V1-main/02Fearful/f2-06-02-01-05.wav	02Fearful
/kaggle/input/ased-main/ASED_V1-main/05Angry/a5-06-02-02-59.wav	05Angry
/kaggle/input/ased-main/ASED_V1-main/02Fearful/f2-06-01-02-51.wav	02Fearful
/kaggle/input/ased-main/ASED_V1-main/04Sad/s4-04-01-02-61.wav	04Sad
/kaggle/input/ased-main/ASED_V1-main/02Fearful/f2-07-02-02-06.wav	02Fearful
/kaggle/input/ased-main/ASED_V1-main/02Fearful/f2-01-02-01-01.wav	02Fearful
/kaggle/input/ased-main/ASED_V1-main/01Neutral/n1-06-01-02-04.wav	01Neutral
/kaggle/input/ased-main/ASED_V1-main/03Happy/h3-06-02-02-30.wav	03Happy
/kaggle/input/ased-main/ASED_V1-main/04Sad/s4-06-01-02-51.wav	04Sad
/kaggle/input/ased-main/ASED_V1-main/01Neutral/n1-03-02-02-06.wav	01Neutral
/kaggle/input/ased-main/ASED_V1-main/02Fearful/f2-07-02-02-45.wav	02Fearful
/kaggle/input/ased-main/ASED_V1-main/02Fearful/f2-05-02-01-21.wav	02Fearful
/kaggle/input/ased-main/ASED_V1-main/04Sad/s4-05-02-02-61.wav	04Sad
/kaggle/input/ased-main/ASED_V1-main/01Neutral/n1-03-01-02-04.wav	01Neutral
/kaggle/input/ased-main/ASED_V1-main/04Sad/s4-07-02-01-01.wav	04Sad
/kaggle/input/ased-main/ASED_V1-main/01Neutral/n1-02-01-02-39.wav	01Neutral
/kaggle/input/ased-main/ASED_V1-main/04Sad/s4-05-01-02-57.wav	04Sad
/kaggle/input/ased-main/ASED_V1-main/05Angry/a5-05-01-02-10.wav	05Angry
/kaggle/input/ased-main/ASED_V1-main/04Sad/s4-07-01-02-45.wav	04Sad
/kaggle/input/ased-main/ASED_V1-main/04Sad/s4-04-02-01-27.wav	04Sad
/kaggle/input/ased-main/ASED_V1-main/02Fearful/f2-06-01-02-06.wav	02Fearful
/kaggle/input/ased-main/ASED_V1-main/02Fearful/f2-04-02-01-29.wav	02Fearful
/kaggle/input/ased-main/ASED_V1-main/02Fearful/f2-06-02-01-58.wav	02Fearful
/kaggle/input/ased-main/ASED_V1-main/02Fearful/f2-04-02-02-10.wav	02Fearful
/kaggle/input/ased-main/ASED_V1-main/01Neutral/n1-05-01-01-25.wav	01Neutral
/kaggle/input/ased-main/ASED_V1-main/03Happy/h3-07-01-01-21.wav	03Happy
/kaggle/input/ased-main/ASED_V1-main/03Happy/h3-06-02-01-31.wav	03Happy
/kaggle/input/ased-main/ASED_V1-main/05Angry/a5-07-01-01-23.wav	05Angry
/kaggle/input/ased-main/ASED_V1-main/02Fearful/f2-01-02-01-15.wav	02Fearful
/kaggle/input/ased-main/ASED_V1-main/01Neutral/n1-03-01-01-25.wav	01Neutral
/kaggle/input/ased-main/ASED_V1-main/03Happy/h3-06-02-02-51.wav	03Happy
/kaggle/input/ased-main/ASED_V1-main/03Happy/h3-06-01-01-58.wav	03Happy
/kaggle/input/ased-main/ASED_V1-main/02Fearful/f2-01-02-01-25.wav	02Fearful
/kaggle/input/ased-main/ASED_V1-main/01Neutral/n1-06-01-02-54.wav	01Neutral
/kaggle/input/ased-main/ASED_V1-main/01Neutral/n1-05-01-01-48.wav	01Neutral
/kaggle/input/ased-main/ASED_V1-main/05Angry/a5-03-01-02-04.wav	05Angry
/kaggle/input/ased-main/ASED_V1-main/04Sad/s4-07-01-02-65.wav	04Sad
/kaggle/input/ased-main/ASED_V1-main/02Fearful/f2-03-02-02-57.wav	02Fearful
/kaggle/input/ased-main/ASED_V1-main/05Angry/a5-05-02-02-57.wav	05Angry
/kaggle/input/ased-main/ASED_V1-main/04Sad/s4-07-02-02-39.wav	04Sad
/kaggle/input/ased-main/ASED_V1-main/03Happy/h3-04-02-01-21.wav	03Happy
/kaggle/input/ased-main/ASED_V1-main/01Neutral/n1-04-02-02-20.wav	01Neutral
/kaggle/input/ased-main/ASED_V1-main/05Angry/a5-03-01-01-29.wav	05Angry
/kaggle/input/ased-main/ASED_V1-main/03Happy/h3-05-02-02-64.wav	03Happy
/kaggle/input/ased-main/ASED_V1-main/04Sad/s4-07-01-02-61.wav	04Sad
/kaggle/input/ased-main/ASED_V1-main/01Neutral/n1-06-01-02-26.wav	01Neutral
/kaggle/input/ased-main/ASED_V1-main/01Neutral/n1-02-01-02-41.wav	01Neutral
/kaggle/input/ased-main/ASED_V1-main/03Happy/h3-04-01-02-20.wav	03Happy
/kaggle/input/ased-main/ASED_V1-main/04Sad/s4-02-02-02-02.wav	04Sad
/kaggle/input/ased-main/ASED_V1-main/03Happy/h3-06-02-02-20.wav	03Happy
/kaggle/input/ased-main/ASED_V1-main/04Sad/s4-01-01-02-02.wav	04Sad
/kaggle/input/ased-main/ASED_V1-main/04Sad/s4-03-01-01-23.wav	04Sad
/kaggle/input/ased-main/ASED_V1-main/04Sad/s4-03-01-02-57.wav	04Sad
/kaggle/input/ased-main/ASED_V1-main/03Happy/h3-06-01-02-57.wav	03Happy
/kaggle/input/ased-main/ASED_V1-main/05Angry/a5-03-01-02-28.wav	05Angry
/kaggle/input/ased-main/ASED_V1-main/01Neutral/n1-01-01-01-13.wav	01Neutral
/kaggle/input/ased-main/ASED_V1-main/04Sad/s4-07-02-02-55.wav	04Sad
/kaggle/input/ased-main/ASED_V1-main/03Happy/h3-02-01-02-16.wav	03Happy
/kaggle/input/ased-main/ASED_V1-main/05Angry/a5-06-01-01-11.wav	05Angry
/kaggle/input/ased-main/ASED_V1-main/05Angry/a5-04-01-02-52.wav	05Angry
/kaggle/input/ased-main/ASED_V1-main/04Sad/s4-07-01-02-41.wav	04Sad
/kaggle/input/ased-main/ASED_V1-main/01Neutral/n1-07-02-01-23.wav	01Neutral
/kaggle/input/ased-main/ASED_V1-main/05Angry/a5-01-02-02-46.wav	05Angry
/kaggle/input/ased-main/ASED_V1-main/01Neutral/n1-07-02-02-39.wav	01Neutral
/kaggle/input/ased-main/ASED_V1-main/03Happy/h3-05-01-02-64.wav	03Happy
/kaggle/input/ased-main/ASED_V1-main/03Happy/h3-06-01-01-48.wav	03Happy
/kaggle/input/ased-main/ASED_V1-main/01Neutral/n1-06-01-02-41.wav	01Neutral
/kaggle/input/ased-main/ASED_V1-main/05Angry/a5-07-01-01-01.wav	05Angry
/kaggle/input/ased-main/ASED_V1-main/04Sad/s4-05-01-01-23.wav	04Sad
/kaggle/input/ased-main/ASED_V1-main/02Fearful/f2-04-02-01-01.wav	02Fearful
/kaggle/input/ased-main/ASED_V1-main/01Neutral/n1-01-02-02-50.wav	01Neutral
/kaggle/input/ased-main/ASED_V1-main/04Sad/s4-03-02-02-10.wav	04Sad
/kaggle/input/ased-main/ASED_V1-main/02Fearful/f2-05-01-02-54.wav	02Fearful
/kaggle/input/ased-main/ASED_V1-main/02Fearful/f2-07-01-02-41.wav	02Fearful
/kaggle/input/ased-main/ASED_V1-main/01Neutral/n1-01-02-02-36.wav	01Neutral
/kaggle/input/ased-main/ASED_V1-main/03Happy/h3-02-01-02-50.wav	03Happy
/kaggle/input/ased-main/ASED_V1-main/02Fearful/f2-05-02-01-29.wav	02Fearful
/kaggle/input/ased-main/ASED_V1-main/04Sad/s4-07-02-02-54.wav	04Sad
/kaggle/input/ased-main/ASED_V1-main/03Happy/h3-02-02-02-10.wav	03Happy
/kaggle/input/ased-main/ASED_V1-main/01Neutral/n1-04-02-02-45.wav	01Neutral
/kaggle/input/ased-main/ASED_V1-main/01Neutral/n1-01-02-02-22.wav	01Neutral
/kaggle/input/ased-main/ASED_V1-main/04Sad/s4-03-02-01-27.wav	04Sad
/kaggle/input/ased-main/ASED_V1-main/01Neutral/n1-02-01-02-08.wav	01Neutral
/kaggle/input/ased-main/ASED_V1-main/01Neutral/n1-04-01-02-57.wav	01Neutral
/kaggle/input/ased-main/ASED_V1-main/04Sad/s4-05-01-01-13.wav	04Sad
/kaggle/input/ased-main/ASED_V1-main/04Sad/s4-04-01-02-30.wav	04Sad
/kaggle/input/ased-main/ASED_V1-main/01Neutral/n1-07-01-02-52.wav	01Neutral
/kaggle/input/ased-main/ASED_V1-main/03Happy/h3-04-02-01-23.wav	03Happy
/kaggle/input/ased-main/ASED_V1-main/01Neutral/n1-05-01-02-39.wav	01Neutral
/kaggle/input/ased-main/ASED_V1-main/05Angry/a5-04-02-02-50.wav	05Angry
/kaggle/input/ased-main/ASED_V1-main/04Sad/s4-02-01-02-14.wav	04Sad
/kaggle/input/ased-main/ASED_V1-main/02Fearful/f2-07-01-02-39.wav	02Fearful
/kaggle/input/ased-main/ASED_V1-main/03Happy/h3-07-02-02-59.wav	03Happy
/kaggle/input/ased-main/ASED_V1-main/01Neutral/n1-05-02-01-58.wav	01Neutral
/kaggle/input/ased-main/ASED_V1-main/01Neutral/n1-03-01-02-28.wav	01Neutral
/kaggle/input/ased-main/ASED_V1-main/05Angry/a5-04-01-02-39.wav	05Angry
/kaggle/input/ased-main/ASED_V1-main/04Sad/s4-04-01-02-59.wav	04Sad
/kaggle/input/ased-main/ASED_V1-main/02Fearful/f2-05-01-02-06.wav	02Fearful
/kaggle/input/ased-main/ASED_V1-main/05Angry/a5-07-02-02-52.wav	05Angry
/kaggle/input/ased-main/ASED_V1-main/03Happy/h3-01-01-02-28.wav	03Happy
/kaggle/input/ased-main/ASED_V1-main/05Angry/a5-07-02-01-48.wav	05Angry
/kaggle/input/ased-main/ASED_V1-main/01Neutral/n1-03-02-01-05.wav	01Neutral
/kaggle/input/ased-main/ASED_V1-main/03Happy/h3-03-01-01-23.wav	03Happy
/kaggle/input/ased-main/ASED_V1-main/02Fearful/f2-03-01-02-06.wav	02Fearful
/kaggle/input/ased-main/ASED_V1-main/01Neutral/n1-03-01-01-13.wav	01Neutral
/kaggle/input/ased-main/ASED_V1-main/01Neutral/n1-03-02-02-60.wav	01Neutral
/kaggle/input/ased-main/ASED_V1-main/01Neutral/n1-04-02-02-41.wav	01Neutral
/kaggle/input/ased-main/ASED_V1-main/01Neutral/n1-05-02-02-55.wav	01Neutral
/kaggle/input/ased-main/ASED_V1-main/03Happy/h3-03-02-02-45.wav	03Happy
/kaggle/input/ased-main/ASED_V1-main/03Happy/h3-02-02-02-39.wav	03Happy
/kaggle/input/ased-main/ASED_V1-main/03Happy/h3-04-01-02-50.wav	03Happy
/kaggle/input/ased-main/ASED_V1-main/05Angry/a5-02-01-01-09.wav	05Angry
/kaggle/input/ased-main/ASED_V1-main/05Angry/a5-07-02-02-10.wav	05Angry
/kaggle/input/ased-main/ASED_V1-main/03Happy/h3-02-02-01-27.wav	03Happy
/kaggle/input/ased-main/ASED_V1-main/05Angry/a5-01-01-02-39.wav	05Angry
/kaggle/input/ased-main/ASED_V1-main/03Happy/h3-02-01-02-02.wav	03Happy
/kaggle/input/ased-main/ASED_V1-main/04Sad/s4-03-01-02-63.wav	04Sad
/kaggle/input/ased-main/ASED_V1-main/03Happy/h3-02-01-01-49.wav	03Happy
/kaggle/input/ased-main/ASED_V1-main/01Neutral/n1-01-02-01-35.wav	01Neutral
/kaggle/input/ased-main/ASED_V1-main/01Neutral/n1-03-01-02-51.wav	01Neutral
/kaggle/input/ased-main/ASED_V1-main/03Happy/h3-04-02-02-06.wav	03Happy
/kaggle/input/ased-main/ASED_V1-main/05Angry/a5-01-02-02-50.wav	05Angry
/kaggle/input/ased-main/ASED_V1-main/04Sad/s4-04-02-02-53.wav	04Sad
/kaggle/input/ased-main/ASED_V1-main/02Fearful/f2-06-02-01-62.wav	02Fearful
/kaggle/input/ased-main/ASED_V1-main/01Neutral/n1-03-01-02-41.wav	01Neutral
/kaggle/input/ased-main/ASED_V1-main/04Sad/s4-01-02-02-02.wav	04Sad
/kaggle/input/ased-main/ASED_V1-main/05Angry/a5-05-01-02-57.wav	05Angry
/kaggle/input/ased-main/ASED_V1-main/01Neutral/n1-02-02-02-16.wav	01Neutral
/kaggle/input/ased-main/ASED_V1-main/05Angry/a5-04-02-01-25.wav	05Angry
/kaggle/input/ased-main/ASED_V1-main/01Neutral/n1-06-02-02-65.wav	01Neutral
/kaggle/input/ased-main/ASED_V1-main/05Angry/a5-06-01-01-23.wav	05Angry
/kaggle/input/ased-main/ASED_V1-main/01Neutral/n1-07-01-01-48.wav	01Neutral
/kaggle/input/ased-main/ASED_V1-main/01Neutral/n1-05-01-02-56.wav	01Neutral
/kaggle/input/ased-main/ASED_V1-main/01Neutral/n1-07-02-02-41.wav	01Neutral
/kaggle/input/ased-main/ASED_V1-main/03Happy/h3-03-02-01-62.wav	03Happy
/kaggle/input/ased-main/ASED_V1-main/04Sad/s4-05-01-01-27.wav	04Sad
/kaggle/input/ased-main/ASED_V1-main/04Sad/s4-05-02-01-27.wav	04Sad
/kaggle/input/ased-main/ASED_V1-main/04Sad/s4-06-02-02-04.wav	04Sad
/kaggle/input/ased-main/ASED_V1-main/05Angry/a5-02-01-02-46.wav	05Angry
/kaggle/input/ased-main/ASED_V1-main/05Angry/a5-06-01-02-55.wav	05Angry
/kaggle/input/ased-main/ASED_V1-main/01Neutral/n1-07-02-01-01.wav	01Neutral
/kaggle/input/ased-main/ASED_V1-main/05Angry/a5-04-02-02-53.wav	05Angry
/kaggle/input/ased-main/ASED_V1-main/04Sad/s4-06-01-01-58.wav	04Sad
/kaggle/input/ased-main/ASED_V1-main/03Happy/h3-07-01-02-06.wav	03Happy
/kaggle/input/ased-main/ASED_V1-main/05Angry/a5-07-01-02-20.wav	05Angry
/kaggle/input/ased-main/ASED_V1-main/01Neutral/n1-04-01-02-52.wav	01Neutral
/kaggle/input/ased-main/ASED_V1-main/02Fearful/f2-03-01-02-20.wav	02Fearful
/kaggle/input/ased-main/ASED_V1-main/04Sad/s4-07-02-02-59.wav	04Sad
/kaggle/input/ased-main/ASED_V1-main/02Fearful/f2-03-01-01-62.wav	02Fearful
/kaggle/input/ased-main/ASED_V1-main/04Sad/s4-05-02-02-59.wav	04Sad
/kaggle/input/ased-main/ASED_V1-main/01Neutral/n1-03-01-01-58.wav	01Neutral
/kaggle/input/ased-main/ASED_V1-main/03Happy/h3-01-01-01-27.wav	03Happy
/kaggle/input/ased-main/ASED_V1-main/05Angry/a5-04-02-01-31.wav	05Angry
/kaggle/input/ased-main/ASED_V1-main/02Fearful/f2-05-01-02-39.wav	02Fearful
/kaggle/input/ased-main/ASED_V1-main/04Sad/s4-04-01-01-31.wav	04Sad
/kaggle/input/ased-main/ASED_V1-main/04Sad/s4-06-02-02-26.wav	04Sad
/kaggle/input/ased-main/ASED_V1-main/05Angry/a5-07-01-02-39.wav	05Angry
/kaggle/input/ased-main/ASED_V1-main/04Sad/s4-04-02-02-06.wav	04Sad
/kaggle/input/ased-main/ASED_V1-main/01Neutral/n1-01-02-02-18.wav	01Neutral
/kaggle/input/ased-main/ASED_V1-main/01Neutral/n1-03-02-02-20.wav	01Neutral
/kaggle/input/ased-main/ASED_V1-main/01Neutral/n1-07-02-02-54.wav	01Neutral
/kaggle/input/ased-main/ASED_V1-main/03Happy/h3-05-01-02-10.wav	03Happy
/kaggle/input/ased-main/ASED_V1-main/05Angry/a5-05-02-02-63.wav	05Angry
/kaggle/input/ased-main/ASED_V1-main/05Angry/a5-03-02-01-31.wav	05Angry
/kaggle/input/ased-main/ASED_V1-main/03Happy/h3-02-01-01-43.wav	03Happy
/kaggle/input/ased-main/ASED_V1-main/01Neutral/n1-01-01-02-36.wav	01Neutral
/kaggle/input/ased-main/ASED_V1-main/05Angry/a5-06-01-01-62.wav	05Angry
/kaggle/input/ased-main/ASED_V1-main/01Neutral/n1-01-01-02-02.wav	01Neutral
/kaggle/input/ased-main/ASED_V1-main/03Happy/h3-02-02-02-04.wav	03Happy
/kaggle/input/ased-main/ASED_V1-main/02Fearful/f2-07-02-02-65.wav	02Fearful
/kaggle/input/ased-main/ASED_V1-main/04Sad/s4-01-01-02-28.wav	04Sad
/kaggle/input/ased-main/ASED_V1-main/03Happy/h3-01-01-01-09.wav	03Happy
/kaggle/input/ased-main/ASED_V1-main/05Angry/a5-04-01-02-57.wav	05Angry
/kaggle/input/ased-main/ASED_V1-main/01Neutral/n1-02-02-01-09.wav	01Neutral
/kaggle/input/ased-main/ASED_V1-main/01Neutral/n1-06-02-02-55.wav	01Neutral
/kaggle/input/ased-main/ASED_V1-main/03Happy/h3-06-01-01-11.wav	03Happy
/kaggle/input/ased-main/ASED_V1-main/03Happy/h3-07-02-02-60.wav	03Happy
/kaggle/input/ased-main/ASED_V1-main/04Sad/s4-03-01-02-28.wav	04Sad
/kaggle/input/ased-main/ASED_V1-main/02Fearful/f2-04-01-01-62.wav	02Fearful
/kaggle/input/ased-main/ASED_V1-main/05Angry/a5-05-01-01-29.wav	05Angry
/kaggle/input/ased-main/ASED_V1-main/02Fearful/f2-03-01-02-45.wav	02Fearful
/kaggle/input/ased-main/ASED_V1-main/05Angry/a5-03-02-02-45.wav	05Angry
/kaggle/input/ased-main/ASED_V1-main/02Fearful/f2-03-02-02-51.wav	02Fearful
/kaggle/input/ased-main/ASED_V1-main/03Happy/h3-06-01-02-50.wav	03Happy
/kaggle/input/ased-main/ASED_V1-main/02Fearful/f2-02-02-01-13.wav	02Fearful
/kaggle/input/ased-main/ASED_V1-main/03Happy/h3-06-02-02-56.wav	03Happy
/kaggle/input/ased-main/ASED_V1-main/02Fearful/f2-07-02-02-41.wav	02Fearful
/kaggle/input/ased-main/ASED_V1-main/03Happy/h3-03-01-02-51.wav	03Happy
/kaggle/input/ased-main/ASED_V1-main/04Sad/s4-04-01-02-52.wav	04Sad
/kaggle/input/ased-main/ASED_V1-main/02Fearful/f2-04-02-02-64.wav	02Fearful
/kaggle/input/ased-main/ASED_V1-main/05Angry/a5-06-01-01-31.wav	05Angry
/kaggle/input/ased-main/ASED_V1-main/01Neutral/n1-04-02-02-26.wav	01Neutral
/kaggle/input/ased-main/ASED_V1-main/01Neutral/n1-02-01-02-36.wav	01Neutral
/kaggle/input/ased-main/ASED_V1-main/03Happy/h3-07-02-01-25.wav	03Happy
/kaggle/input/ased-main/ASED_V1-main/01Neutral/n1-01-02-01-47.wav	01Neutral
/kaggle/input/ased-main/ASED_V1-main/05Angry/a5-06-02-01-05.wav	05Angry
/kaggle/input/ased-main/ASED_V1-main/04Sad/s4-04-02-02-26.wav	04Sad
/kaggle/input/ased-main/ASED_V1-main/03Happy/h3-03-01-02-39.wav	03Happy
/kaggle/input/ased-main/ASED_V1-main/01Neutral/n1-02-01-01-35.wav	01Neutral
/kaggle/input/ased-main/ASED_V1-main/01Neutral/n1-02-01-02-44.wav	01Neutral
/kaggle/input/ased-main/ASED_V1-main/02Fearful/f2-03-02-02-55.wav	02Fearful
/kaggle/input/ased-main/ASED_V1-main/05Angry/a5-01-02-02-06.wav	05Angry
/kaggle/input/ased-main/ASED_V1-main/01Neutral/n1-04-01-02-65.wav	01Neutral
/kaggle/input/ased-main/ASED_V1-main/02Fearful/f2-05-02-02-45.wav	02Fearful
/kaggle/input/ased-main/ASED_V1-main/02Fearful/f2-02-02-02-39.wav	02Fearful
/kaggle/input/ased-main/ASED_V1-main/02Fearful/f2-04-01-01-48.wav	02Fearful
/kaggle/input/ased-main/ASED_V1-main/05Angry/a5-01-01-02-26.wav	05Angry
/kaggle/input/ased-main/ASED_V1-main/02Fearful/f2-02-01-02-32.wav	02Fearful
/kaggle/input/ased-main/ASED_V1-main/03Happy/h3-04-02-01-48.wav	03Happy
/kaggle/input/ased-main/ASED_V1-main/02Fearful/f2-04-02-01-05.wav	02Fearful
/kaggle/input/ased-main/ASED_V1-main/03Happy/h3-02-01-02-22.wav	03Happy
/kaggle/input/ased-main/ASED_V1-main/05Angry/a5-06-02-02-53.wav	05Angry
/kaggle/input/ased-main/ASED_V1-main/04Sad/s4-06-01-02-04.wav	04Sad
/kaggle/input/ased-main/ASED_V1-main/01Neutral/n1-01-01-02-34.wav	01Neutral
/kaggle/input/ased-main/ASED_V1-main/02Fearful/f2-05-01-02-65.wav	02Fearful
/kaggle/input/ased-main/ASED_V1-main/04Sad/s4-02-01-01-07.wav	04Sad
/kaggle/input/ased-main/ASED_V1-main/03Happy/h3-04-02-02-26.wav	03Happy
/kaggle/input/ased-main/ASED_V1-main/01Neutral/n1-03-02-02-54.wav	01Neutral
/kaggle/input/ased-main/ASED_V1-main/02Fearful/f2-03-02-01-01.wav	02Fearful
/kaggle/input/ased-main/ASED_V1-main/02Fearful/f2-05-01-01-13.wav	02Fearful
/kaggle/input/ased-main/ASED_V1-main/01Neutral/n1-02-01-02-22.wav	01Neutral
/kaggle/input/ased-main/ASED_V1-main/03Happy/h3-07-02-02-54.wav	03Happy
/kaggle/input/ased-main/ASED_V1-main/03Happy/h3-05-01-02-63.wav	03Happy
/kaggle/input/ased-main/ASED_V1-main/03Happy/h3-04-01-02-51.wav	03Happy
/kaggle/input/ased-main/ASED_V1-main/03Happy/h3-07-02-02-41.wav	03Happy
/kaggle/input/ased-main/ASED_V1-main/04Sad/s4-05-02-02-52.wav	04Sad
/kaggle/input/ased-main/ASED_V1-main/02Fearful/f2-05-02-01-48.wav	02Fearful
/kaggle/input/ased-main/ASED_V1-main/05Angry/a5-06-01-01-27.wav	05Angry
/kaggle/input/ased-main/ASED_V1-main/04Sad/s4-06-02-02-53.wav	04Sad
/kaggle/input/ased-main/ASED_V1-main/04Sad/s4-01-02-01-03.wav	04Sad
/kaggle/input/ased-main/ASED_V1-main/01Neutral/n1-07-02-02-65.wav	01Neutral
/kaggle/input/ased-main/ASED_V1-main/05Angry/a5-03-02-01-01.wav	05Angry
/kaggle/input/ased-main/ASED_V1-main/01Neutral/n1-02-02-01-35.wav	01Neutral
/kaggle/input/ased-main/ASED_V1-main/04Sad/s4-04-02-02-61.wav	04Sad
/kaggle/input/ased-main/ASED_V1-main/01Neutral/n1-03-02-01-13.wav	01Neutral
/kaggle/input/ased-main/ASED_V1-main/02Fearful/f2-03-02-02-39.wav	02Fearful
/kaggle/input/ased-main/ASED_V1-main/05Angry/a5-02-02-02-39.wav	05Angry
/kaggle/input/ased-main/ASED_V1-main/05Angry/a5-04-02-01-01.wav	05Angry
/kaggle/input/ased-main/ASED_V1-main/04Sad/s4-06-01-02-59.wav	04Sad
/kaggle/input/ased-main/ASED_V1-main/01Neutral/n1-06-01-02-57.wav	01Neutral
/kaggle/input/ased-main/ASED_V1-main/02Fearful/f2-02-02-02-44.wav	02Fearful
/kaggle/input/ased-main/ASED_V1-main/05Angry/a5-06-02-02-45.wav	05Angry
/kaggle/input/ased-main/ASED_V1-main/01Neutral/n1-04-01-02-63.wav	01Neutral
/kaggle/input/ased-main/ASED_V1-main/02Fearful/f2-05-01-01-31.wav	02Fearful
/kaggle/input/ased-main/ASED_V1-main/04Sad/s4-01-02-01-27.wav	04Sad
/kaggle/input/ased-main/ASED_V1-main/03Happy/h3-04-02-02-10.wav	03Happy
/kaggle/input/ased-main/ASED_V1-main/05Angry/a5-05-02-01-01.wav	05Angry
/kaggle/input/ased-main/ASED_V1-main/01Neutral/n1-02-02-02-04.wav	01Neutral
/kaggle/input/ased-main/ASED_V1-main/04Sad/s4-04-02-02-52.wav	04Sad
/kaggle/input/ased-main/ASED_V1-main/04Sad/s4-04-02-02-28.wav	04Sad
/kaggle/input/ased-main/ASED_V1-main/02Fearful/f2-06-01-02-54.wav	02Fearful
/kaggle/input/ased-main/ASED_V1-main/01Neutral/n1-02-02-02-18.wav	01Neutral
/kaggle/input/ased-main/ASED_V1-main/03Happy/h3-06-02-02-26.wav	03Happy
/kaggle/input/ased-main/ASED_V1-main/05Angry/a5-04-02-02-64.wav	05Angry
/kaggle/input/ased-main/ASED_V1-main/03Happy/h3-01-01-01-13.wav	03Happy
/kaggle/input/ased-main/ASED_V1-main/01Neutral/n1-04-01-01-01.wav	01Neutral
/kaggle/input/ased-main/ASED_V1-main/05Angry/a5-06-01-01-29.wav	05Angry
/kaggle/input/ased-main/ASED_V1-main/05Angry/a5-07-02-02-53.wav	05Angry
/kaggle/input/ased-main/ASED_V1-main/02Fearful/f2-04-02-01-27.wav	02Fearful
/kaggle/input/ased-main/ASED_V1-main/04Sad/s4-03-01-01-11.wav	04Sad
/kaggle/input/ased-main/ASED_V1-main/01Neutral/n1-06-02-01-21.wav	01Neutral
/kaggle/input/ased-main/ASED_V1-main/02Fearful/f2-06-01-02-26.wav	02Fearful
/kaggle/input/ased-main/ASED_V1-main/05Angry/a5-05-02-02-04.wav	05Angry
/kaggle/input/ased-main/ASED_V1-main/05Angry/a5-03-02-01-58.wav	05Angry
/kaggle/input/ased-main/ASED_V1-main/04Sad/s4-07-01-01-13.wav	04Sad
/kaggle/input/ased-main/ASED_V1-main/01Neutral/n1-04-02-02-63.wav	01Neutral
/kaggle/input/ased-main/ASED_V1-main/03Happy/h3-04-01-02-56.wav	03Happy
/kaggle/input/ased-main/ASED_V1-main/01Neutral/n1-06-02-02-64.wav	01Neutral
/kaggle/input/ased-main/ASED_V1-main/01Neutral/n1-07-02-01-27.wav	01Neutral
/kaggle/input/ased-main/ASED_V1-main/01Neutral/n1-01-02-02-46.wav	01Neutral
/kaggle/input/ased-main/ASED_V1-main/04Sad/s4-06-01-02-30.wav	04Sad
/kaggle/input/ased-main/ASED_V1-main/03Happy/h3-03-01-02-28.wav	03Happy
/kaggle/input/ased-main/ASED_V1-main/05Angry/a5-04-01-02-64.wav	05Angry
/kaggle/input/ased-main/ASED_V1-main/05Angry/a5-02-02-02-10.wav	05Angry
/kaggle/input/ased-main/ASED_V1-main/03Happy/h3-01-01-02-16.wav	03Happy
/kaggle/input/ased-main/ASED_V1-main/04Sad/s4-07-01-02-54.wav	04Sad
/kaggle/input/ased-main/ASED_V1-main/02Fearful/f2-07-02-01-31.wav	02Fearful
/kaggle/input/ased-main/ASED_V1-main/05Angry/a5-06-02-01-27.wav	05Angry
/kaggle/input/ased-main/ASED_V1-main/03Happy/h3-04-02-02-04.wav	03Happy
/kaggle/input/ased-main/ASED_V1-main/02Fearful/f2-03-01-01-31.wav	02Fearful
/kaggle/input/ased-main/ASED_V1-main/03Happy/h3-03-01-01-13.wav	03Happy
/kaggle/input/ased-main/ASED_V1-main/03Happy/h3-06-02-02-45.wav	03Happy
/kaggle/input/ased-main/ASED_V1-main/01Neutral/n1-07-02-01-48.wav	01Neutral
/kaggle/input/ased-main/ASED_V1-main/02Fearful/f2-06-02-02-50.wav	02Fearful
/kaggle/input/ased-main/ASED_V1-main/01Neutral/n1-03-01-02-56.wav	01Neutral
/kaggle/input/ased-main/ASED_V1-main/04Sad/s4-02-01-01-03.wav	04Sad
/kaggle/input/ased-main/ASED_V1-main/03Happy/h3-06-01-02-53.wav	03Happy
/kaggle/input/ased-main/ASED_V1-main/05Angry/a5-04-02-02-59.wav	05Angry
/kaggle/input/ased-main/ASED_V1-main/03Happy/h3-03-02-01-01.wav	03Happy
/kaggle/input/ased-main/ASED_V1-main/04Sad/s4-03-02-01-05.wav	04Sad
/kaggle/input/ased-main/ASED_V1-main/02Fearful/f2-04-01-02-52.wav	02Fearful
/kaggle/input/ased-main/ASED_V1-main/04Sad/s4-04-01-01-48.wav	04Sad
/kaggle/input/ased-main/ASED_V1-main/05Angry/a5-05-01-02-55.wav	05Angry
/kaggle/input/ased-main/ASED_V1-main/02Fearful/f2-04-01-02-54.wav	02Fearful
/kaggle/input/ased-main/ASED_V1-main/04Sad/s4-01-02-01-25.wav	04Sad
/kaggle/input/ased-main/ASED_V1-main/05Angry/a5-06-02-02-57.wav	05Angry
/kaggle/input/ased-main/ASED_V1-main/02Fearful/f2-04-02-02-63.wav	02Fearful
/kaggle/input/ased-main/ASED_V1-main/02Fearful/f2-05-01-02-51.wav	02Fearful
/kaggle/input/ased-main/ASED_V1-main/04Sad/s4-04-02-01-05.wav	04Sad
/kaggle/input/ased-main/ASED_V1-main/03Happy/h3-06-01-01-25.wav	03Happy
/kaggle/input/ased-main/ASED_V1-main/02Fearful/f2-03-01-02-50.wav	02Fearful
/kaggle/input/ased-main/ASED_V1-main/05Angry/a5-04-02-01-29.wav	05Angry
/kaggle/input/ased-main/ASED_V1-main/01Neutral/n1-05-01-02-53.wav	01Neutral
/kaggle/input/ased-main/ASED_V1-main/01Neutral/n1-04-02-02-61.wav	01Neutral
/kaggle/input/ased-main/ASED_V1-main/02Fearful/f2-02-02-02-02.wav	02Fearful
/kaggle/input/ased-main/ASED_V1-main/03Happy/h3-06-01-01-27.wav	03Happy
/kaggle/input/ased-main/ASED_V1-main/03Happy/h3-02-01-01-03.wav	03Happy
/kaggle/input/ased-main/ASED_V1-main/04Sad/s4-06-02-02-55.wav	04Sad
/kaggle/input/ased-main/ASED_V1-main/05Angry/a5-04-01-02-54.wav	05Angry
/kaggle/input/ased-main/ASED_V1-main/04Sad/s4-03-01-01-27.wav	04Sad
/kaggle/input/ased-main/ASED_V1-main/03Happy/h3-07-01-02-56.wav	03Happy
/kaggle/input/ased-main/ASED_V1-main/01Neutral/n1-02-02-01-03.wav	01Neutral
/kaggle/input/ased-main/ASED_V1-main/02Fearful/f2-03-01-01-58.wav	02Fearful
/kaggle/input/ased-main/ASED_V1-main/03Happy/h3-03-01-01-25.wav	03Happy
/kaggle/input/ased-main/ASED_V1-main/05Angry/a5-07-01-02-57.wav	05Angry
/kaggle/input/ased-main/ASED_V1-main/02Fearful/f2-03-02-02-06.wav	02Fearful
/kaggle/input/ased-main/ASED_V1-main/03Happy/h3-04-02-02-52.wav	03Happy
/kaggle/input/ased-main/ASED_V1-main/05Angry/a5-01-02-02-32.wav	05Angry
/kaggle/input/ased-main/ASED_V1-main/02Fearful/f2-07-02-02-59.wav	02Fearful
/kaggle/input/ased-main/ASED_V1-main/03Happy/h3-06-01-02-56.wav	03Happy
/kaggle/input/ased-main/ASED_V1-main/04Sad/s4-06-02-02-10.wav	04Sad
/kaggle/input/ased-main/ASED_V1-main/04Sad/s4-01-01-02-24.wav	04Sad
/kaggle/input/ased-main/ASED_V1-main/05Angry/a5-07-01-02-63.wav	05Angry
/kaggle/input/ased-main/ASED_V1-main/01Neutral/n1-06-02-01-13.wav	01Neutral
/kaggle/input/ased-main/ASED_V1-main/04Sad/s4-07-01-01-11.wav	04Sad
/kaggle/input/ased-main/ASED_V1-main/05Angry/a5-07-02-01-23.wav	05Angry
/kaggle/input/ased-main/ASED_V1-main/04Sad/s4-07-01-02-53.wav	04Sad
/kaggle/input/ased-main/ASED_V1-main/01Neutral/n1-04-02-02-50.wav	01Neutral
/kaggle/input/ased-main/ASED_V1-main/05Angry/a5-01-01-01-05.wav	05Angry
/kaggle/input/ased-main/ASED_V1-main/01Neutral/n1-03-01-01-05.wav	01Neutral
/kaggle/input/ased-main/ASED_V1-main/01Neutral/n1-05-02-02-56.wav	01Neutral
/kaggle/input/ased-main/ASED_V1-main/04Sad/s4-06-01-01-31.wav	04Sad
/kaggle/input/ased-main/ASED_V1-main/04Sad/s4-02-01-02-36.wav	04Sad
/kaggle/input/ased-main/ASED_V1-main/01Neutral/n1-04-01-02-64.wav	01Neutral
/kaggle/input/ased-main/ASED_V1-main/05Angry/a5-07-02-02-28.wav	05Angry
/kaggle/input/ased-main/ASED_V1-main/05Angry/a5-07-01-01-25.wav	05Angry
/kaggle/input/ased-main/ASED_V1-main/03Happy/h3-02-01-02-10.wav	03Happy
/kaggle/input/ased-main/ASED_V1-main/04Sad/s4-03-01-02-53.wav	04Sad
/kaggle/input/ased-main/ASED_V1-main/04Sad/s4-03-02-01-13.wav	04Sad
/kaggle/input/ased-main/ASED_V1-main/01Neutral/n1-02-01-01-03.wav	01Neutral
/kaggle/input/ased-main/ASED_V1-main/03Happy/h3-04-01-02-39.wav	03Happy
/kaggle/input/ased-main/ASED_V1-main/02Fearful/f2-04-01-02-50.wav	02Fearful
/kaggle/input/ased-main/ASED_V1-main/04Sad/s4-06-01-02-54.wav	04Sad
/kaggle/input/ased-main/ASED_V1-main/01Neutral/n1-02-01-01-09.wav	01Neutral
/kaggle/input/ased-main/ASED_V1-main/01Neutral/n1-07-01-02-39.wav	01Neutral
/kaggle/input/ased-main/ASED_V1-main/03Happy/h3-05-01-02-41.wav	03Happy
/kaggle/input/ased-main/ASED_V1-main/04Sad/s4-01-01-02-50.wav	04Sad
/kaggle/input/ased-main/ASED_V1-main/03Happy/h3-05-01-01-21.wav	03Happy
/kaggle/input/ased-main/ASED_V1-main/05Angry/a5-01-02-02-28.wav	05Angry
/kaggle/input/ased-main/ASED_V1-main/03Happy/h3-05-01-01-48.wav	03Happy
/kaggle/input/ased-main/ASED_V1-main/05Angry/a5-07-01-02-65.wav	05Angry
/kaggle/input/ased-main/ASED_V1-main/05Angry/a5-07-01-02-64.wav	05Angry
/kaggle/input/ased-main/ASED_V1-main/03Happy/h3-01-02-02-18.wav	03Happy
/kaggle/input/ased-main/ASED_V1-main/04Sad/s4-05-01-02-50.wav	04Sad
/kaggle/input/ased-main/ASED_V1-main/03Happy/h3-06-01-01-29.wav	03Happy
/kaggle/input/ased-main/ASED_V1-main/04Sad/s4-03-02-02-51.wav	04Sad
/kaggle/input/ased-main/ASED_V1-main/02Fearful/f2-05-02-02-26.wav	02Fearful
/kaggle/input/ased-main/ASED_V1-main/05Angry/a5-06-02-02-55.wav	05Angry
/kaggle/input/ased-main/ASED_V1-main/03Happy/h3-06-01-02-41.wav	03Happy
/kaggle/input/ased-main/ASED_V1-main/05Angry/a5-05-01-01-23.wav	05Angry
/kaggle/input/ased-main/ASED_V1-main/02Fearful/f2-07-01-01-25.wav	02Fearful
/kaggle/input/ased-main/ASED_V1-main/02Fearful/f2-07-02-02-61.wav	02Fearful
/kaggle/input/ased-main/ASED_V1-main/02Fearful/f2-04-02-02-52.wav	02Fearful
/kaggle/input/ased-main/ASED_V1-main/04Sad/s4-03-02-02-65.wav	04Sad
/kaggle/input/ased-main/ASED_V1-main/02Fearful/f2-04-02-01-48.wav	02Fearful
/kaggle/input/ased-main/ASED_V1-main/01Neutral/n1-04-01-02-55.wav	01Neutral
/kaggle/input/ased-main/ASED_V1-main/05Angry/a5-02-02-02-04.wav	05Angry
/kaggle/input/ased-main/ASED_V1-main/04Sad/s4-06-01-02-55.wav	04Sad
/kaggle/input/ased-main/ASED_V1-main/01Neutral/n1-07-01-02-53.wav	01Neutral
/kaggle/input/ased-main/ASED_V1-main/04Sad/s4-04-01-01-25.wav	04Sad
/kaggle/input/ased-main/ASED_V1-main/01Neutral/n1-01-02-01-09.wav	01Neutral
/kaggle/input/ased-main/ASED_V1-main/04Sad/s4-01-02-02-28.wav	04Sad
/kaggle/input/ased-main/ASED_V1-main/05Angry/a5-07-01-02-26.wav	05Angry
/kaggle/input/ased-main/ASED_V1-main/04Sad/s4-02-02-02-28.wav	04Sad
/kaggle/input/ased-main/ASED_V1-main/05Angry/a5-06-01-02-59.wav	05Angry
/kaggle/input/ased-main/ASED_V1-main/02Fearful/f2-02-02-02-38.wav	02Fearful
/kaggle/input/ased-main/ASED_V1-main/04Sad/s4-07-01-02-28.wav	04Sad
/kaggle/input/ased-main/ASED_V1-main/03Happy/h3-03-02-02-60.wav	03Happy
/kaggle/input/ased-main/ASED_V1-main/04Sad/s4-05-01-02-45.wav	04Sad
/kaggle/input/ased-main/ASED_V1-main/01Neutral/n1-06-01-01-01.wav	01Neutral
/kaggle/input/ased-main/ASED_V1-main/02Fearful/f2-05-01-02-10.wav	02Fearful
/kaggle/input/ased-main/ASED_V1-main/04Sad/s4-07-01-02-30.wav	04Sad
/kaggle/input/ased-main/ASED_V1-main/03Happy/h3-04-01-01-58.wav	03Happy
/kaggle/input/ased-main/ASED_V1-main/03Happy/h3-07-02-01-62.wav	03Happy
/kaggle/input/ased-main/ASED_V1-main/04Sad/s4-07-02-02-20.wav	04Sad
/kaggle/input/ased-main/ASED_V1-main/04Sad/s4-07-02-02-04.wav	04Sad
/kaggle/input/ased-main/ASED_V1-main/03Happy/h3-05-02-02-52.wav	03Happy
/kaggle/input/ased-main/ASED_V1-main/02Fearful/f2-05-02-02-06.wav	02Fearful
/kaggle/input/ased-main/ASED_V1-main/02Fearful/f2-06-02-02-53.wav	02Fearful
/kaggle/input/ased-main/ASED_V1-main/02Fearful/f2-07-01-01-11.wav	02Fearful
/kaggle/input/ased-main/ASED_V1-main/03Happy/h3-03-02-02-30.wav	03Happy
/kaggle/input/ased-main/ASED_V1-main/05Angry/a5-01-01-02-14.wav	05Angry
/kaggle/input/ased-main/ASED_V1-main/03Happy/h3-07-02-02-53.wav	03Happy
/kaggle/input/ased-main/ASED_V1-main/01Neutral/n1-01-01-02-41.wav	01Neutral
/kaggle/input/ased-main/ASED_V1-main/04Sad/s4-04-02-01-01.wav	04Sad
/kaggle/input/ased-main/ASED_V1-main/05Angry/a5-06-02-02-28.wav	05Angry
/kaggle/input/ased-main/ASED_V1-main/03Happy/h3-02-01-01-17.wav	03Happy
/kaggle/input/ased-main/ASED_V1-main/02Fearful/f2-02-01-02-44.wav	02Fearful
/kaggle/input/ased-main/ASED_V1-main/05Angry/a5-07-02-01-11.wav	05Angry
/kaggle/input/ased-main/ASED_V1-main/01Neutral/n1-06-02-02-30.wav	01Neutral
/kaggle/input/ased-main/ASED_V1-main/02Fearful/f2-06-02-02-30.wav	02Fearful
/kaggle/input/ased-main/ASED_V1-main/04Sad/s4-06-02-02-65.wav	04Sad
/kaggle/input/ased-main/ASED_V1-main/04Sad/s4-05-01-01-48.wav	04Sad
/kaggle/input/ased-main/ASED_V1-main/01Neutral/n1-05-01-01-62.wav	01Neutral
/kaggle/input/ased-main/ASED_V1-main/05Angry/a5-06-02-01-31.wav	05Angry
/kaggle/input/ased-main/ASED_V1-main/05Angry/a5-05-02-02-10.wav	05Angry
/kaggle/input/ased-main/ASED_V1-main/05Angry/a5-04-02-02-39.wav	05Angry
/kaggle/input/ased-main/ASED_V1-main/02Fearful/f2-03-01-02-59.wav	02Fearful
/kaggle/input/ased-main/ASED_V1-main/03Happy/h3-05-01-01-62.wav	03Happy
/kaggle/input/ased-main/ASED_V1-main/04Sad/s4-05-02-01-29.wav	04Sad
/kaggle/input/ased-main/ASED_V1-main/05Angry/a5-02-01-02-28.wav	05Angry
/kaggle/input/ased-main/ASED_V1-main/03Happy/h3-02-01-02-28.wav	03Happy
/kaggle/input/ased-main/ASED_V1-main/02Fearful/f2-01-01-01-37.wav	02Fearful
/kaggle/input/ased-main/ASED_V1-main/02Fearful/f2-03-01-02-53.wav	02Fearful
/kaggle/input/ased-main/ASED_V1-main/04Sad/s4-03-02-02-53.wav	04Sad
/kaggle/input/ased-main/ASED_V1-main/05Angry/a5-05-02-01-13.wav	05Angry
/kaggle/input/ased-main/ASED_V1-main/03Happy/h3-01-01-02-08.wav	03Happy
/kaggle/input/ased-main/ASED_V1-main/05Angry/a5-01-01-01-29.wav	05Angry
/kaggle/input/ased-main/ASED_V1-main/02Fearful/f2-07-01-02-59.wav	02Fearful
/kaggle/input/ased-main/ASED_V1-main/02Fearful/f2-01-01-02-50.wav	02Fearful
/kaggle/input/ased-main/ASED_V1-main/05Angry/a5-01-02-01-25.wav	05Angry
/kaggle/input/ased-main/ASED_V1-main/03Happy/h3-02-01-02-41.wav	03Happy
/kaggle/input/ased-main/ASED_V1-main/01Neutral/n1-01-02-01-19.wav	01Neutral
/kaggle/input/ased-main/ASED_V1-main/04Sad/s4-07-01-02-26.wav	04Sad
/kaggle/input/ased-main/ASED_V1-main/04Sad/s4-07-01-02-60.wav	04Sad
/kaggle/input/ased-main/ASED_V1-main/01Neutral/n1-05-01-02-06.wav	01Neutral
/kaggle/input/ased-main/ASED_V1-main/04Sad/s4-02-01-01-09.wav	04Sad
/kaggle/input/ased-main/ASED_V1-main/03Happy/h3-05-02-01-58.wav	03Happy
/kaggle/input/ased-main/ASED_V1-main/02Fearful/f2-01-01-02-32.wav	02Fearful
/kaggle/input/ased-main/ASED_V1-main/04Sad/s4-04-02-02-41.wav	04Sad
/kaggle/input/ased-main/ASED_V1-main/01Neutral/n1-03-01-02-52.wav	01Neutral
/kaggle/input/ased-main/ASED_V1-main/03Happy/h3-02-01-01-19.wav	03Happy
/kaggle/input/ased-main/ASED_V1-main/02Fearful/f2-01-02-02-44.wav	02Fearful
/kaggle/input/ased-main/ASED_V1-main/05Angry/a5-06-02-02-60.wav	05Angry
/kaggle/input/ased-main/ASED_V1-main/05Angry/a5-03-02-01-29.wav	05Angry
/kaggle/input/ased-main/ASED_V1-main/05Angry/a5-01-01-02-06.wav	05Angry
/kaggle/input/ased-main/ASED_V1-main/02Fearful/f2-04-02-02-50.wav	02Fearful
/kaggle/input/ased-main/ASED_V1-main/04Sad/s4-04-02-02-55.wav	04Sad
/kaggle/input/ased-main/ASED_V1-main/01Neutral/n1-01-02-02-10.wav	01Neutral
/kaggle/input/ased-main/ASED_V1-main/02Fearful/f2-05-01-02-52.wav	02Fearful
/kaggle/input/ased-main/ASED_V1-main/03Happy/h3-04-01-02-63.wav	03Happy
/kaggle/input/ased-main/ASED_V1-main/05Angry/a5-05-01-02-06.wav	05Angry
/kaggle/input/ased-main/ASED_V1-main/04Sad/s4-06-02-02-59.wav	04Sad
/kaggle/input/ased-main/ASED_V1-main/02Fearful/f2-02-01-01-15.wav	02Fearful
/kaggle/input/ased-main/ASED_V1-main/03Happy/h3-01-01-02-22.wav	03Happy
/kaggle/input/ased-main/ASED_V1-main/01Neutral/n1-06-02-02-57.wav	01Neutral
/kaggle/input/ased-main/ASED_V1-main/02Fearful/f2-01-02-02-36.wav	02Fearful
/kaggle/input/ased-main/ASED_V1-main/02Fearful/f2-07-01-01-48.wav	02Fearful
/kaggle/input/ased-main/ASED_V1-main/03Happy/h3-03-01-02-41.wav	03Happy
/kaggle/input/ased-main/ASED_V1-main/01Neutral/n1-01-02-02-44.wav	01Neutral
/kaggle/input/ased-main/ASED_V1-main/02Fearful/f2-06-01-02-39.wav	02Fearful
/kaggle/input/ased-main/ASED_V1-main/01Neutral/n1-07-01-02-10.wav	01Neutral
/kaggle/input/ased-main/ASED_V1-main/01Neutral/n1-04-02-01-23.wav	01Neutral
/kaggle/input/ased-main/ASED_V1-main/05Angry/a5-07-01-01-29.wav	05Angry
/kaggle/input/ased-main/ASED_V1-main/02Fearful/f2-06-01-02-04.wav	02Fearful
/kaggle/input/ased-main/ASED_V1-main/02Fearful/f2-01-01-02-15.wav	02Fearful
/kaggle/input/ased-main/ASED_V1-main/05Angry/a5-03-01-02-41.wav	05Angry
/kaggle/input/ased-main/ASED_V1-main/03Happy/h3-05-01-02-30.wav	03Happy
/kaggle/input/ased-main/ASED_V1-main/03Happy/h3-04-01-01-01.wav	03Happy
/kaggle/input/ased-main/ASED_V1-main/04Sad/s4-02-02-02-50.wav	04Sad
/kaggle/input/ased-main/ASED_V1-main/02Fearful/f2-05-02-01-05.wav	02Fearful
/kaggle/input/ased-main/ASED_V1-main/05Angry/a5-05-01-02-61.wav	05Angry
/kaggle/input/ased-main/ASED_V1-main/03Happy/h3-02-02-02-08.wav	03Happy
/kaggle/input/ased-main/ASED_V1-main/04Sad/s4-06-01-01-13.wav	04Sad
/kaggle/input/ased-main/ASED_V1-main/04Sad/s4-03-02-01-21.wav	04Sad
/kaggle/input/ased-main/ASED_V1-main/02Fearful/f2-06-01-02-57.wav	02Fearful
/kaggle/input/ased-main/ASED_V1-main/05Angry/a5-03-02-01-27.wav	05Angry
/kaggle/input/ased-main/ASED_V1-main/02Fearful/f2-01-01-02-02.wav	02Fearful
/kaggle/input/ased-main/ASED_V1-main/02Fearful/f2-07-02-02-50.wav	02Fearful
/kaggle/input/ased-main/ASED_V1-main/03Happy/h3-04-01-02-64.wav	03Happy
/kaggle/input/ased-main/ASED_V1-main/01Neutral/n1-07-02-02-59.wav	01Neutral
/kaggle/input/ased-main/ASED_V1-main/03Happy/h3-02-02-02-32.wav	03Happy
/kaggle/input/ased-main/ASED_V1-main/01Neutral/n1-01-01-01-01.wav	01Neutral
/kaggle/input/ased-main/ASED_V1-main/01Neutral/n1-05-01-02-41.wav	01Neutral
/kaggle/input/ased-main/ASED_V1-main/04Sad/s4-01-02-01-11.wav	04Sad
/kaggle/input/ased-main/ASED_V1-main/02Fearful/f2-01-02-01-27.wav	02Fearful
/kaggle/input/ased-main/ASED_V1-main/01Neutral/n1-07-02-02-53.wav	01Neutral
/kaggle/input/ased-main/ASED_V1-main/05Angry/a5-03-02-02-59.wav	05Angry
/kaggle/input/ased-main/ASED_V1-main/02Fearful/f2-01-02-02-38.wav	02Fearful
/kaggle/input/ased-main/ASED_V1-main/01Neutral/n1-03-02-02-55.wav	01Neutral
/kaggle/input/ased-main/ASED_V1-main/03Happy/h3-07-02-02-06.wav	03Happy
/kaggle/input/ased-main/ASED_V1-main/05Angry/a5-03-02-02-26.wav	05Angry
/kaggle/input/ased-main/ASED_V1-main/05Angry/a5-06-02-01-13.wav	05Angry
/kaggle/input/ased-main/ASED_V1-main/03Happy/h3-01-02-01-29.wav	03Happy
/kaggle/input/ased-main/ASED_V1-main/02Fearful/f2-05-02-02-64.wav	02Fearful
/kaggle/input/ased-main/ASED_V1-main/03Happy/h3-02-02-01-05.wav	03Happy
/kaggle/input/ased-main/ASED_V1-main/01Neutral/n1-07-02-02-55.wav	01Neutral
/kaggle/input/ased-main/ASED_V1-main/03Happy/h3-02-02-02-41.wav	03Happy
/kaggle/input/ased-main/ASED_V1-main/05Angry/a5-06-01-02-61.wav	05Angry
/kaggle/input/ased-main/ASED_V1-main/02Fearful/f2-06-02-02-56.wav	02Fearful
/kaggle/input/ased-main/ASED_V1-main/05Angry/a5-05-02-02-39.wav	05Angry
/kaggle/input/ased-main/ASED_V1-main/04Sad/s4-01-01-01-47.wav	04Sad
/kaggle/input/ased-main/ASED_V1-main/05Angry/a5-02-02-02-12.wav	05Angry
/kaggle/input/ased-main/ASED_V1-main/05Angry/a5-06-01-02-64.wav	05Angry
/kaggle/input/ased-main/ASED_V1-main/01Neutral/n1-07-02-02-20.wav	01Neutral
/kaggle/input/ased-main/ASED_V1-main/05Angry/a5-04-02-01-13.wav	05Angry
/kaggle/input/ased-main/ASED_V1-main/03Happy/h3-07-02-02-26.wav	03Happy
/kaggle/input/ased-main/ASED_V1-main/05Angry/a5-07-02-02-59.wav	05Angry
/kaggle/input/ased-main/ASED_V1-main/04Sad/s4-01-02-02-41.wav	04Sad
/kaggle/input/ased-main/ASED_V1-main/05Angry/a5-07-02-02-50.wav	05Angry
/kaggle/input/ased-main/ASED_V1-main/01Neutral/n1-02-01-02-14.wav	01Neutral
/kaggle/input/ased-main/ASED_V1-main/04Sad/s4-05-02-02-10.wav	04Sad
/kaggle/input/ased-main/ASED_V1-main/05Angry/a5-06-02-02-52.wav	05Angry
/kaggle/input/ased-main/ASED_V1-main/02Fearful/f2-03-01-01-27.wav	02Fearful
/kaggle/input/ased-main/ASED_V1-main/01Neutral/n1-04-02-02-55.wav	01Neutral
/kaggle/input/ased-main/ASED_V1-main/04Sad/s4-04-02-02-65.wav	04Sad
/kaggle/input/ased-main/ASED_V1-main/02Fearful/f2-04-02-02-20.wav	02Fearful
/kaggle/input/ased-main/ASED_V1-main/03Happy/h3-06-01-02-45.wav	03Happy
/kaggle/input/ased-main/ASED_V1-main/02Fearful/f2-06-02-02-57.wav	02Fearful
/kaggle/input/ased-main/ASED_V1-main/04Sad/s4-03-02-02-30.wav	04Sad
/kaggle/input/ased-main/ASED_V1-main/04Sad/s4-02-01-01-01.wav	04Sad
/kaggle/input/ased-main/ASED_V1-main/02Fearful/f2-02-01-01-05.wav	02Fearful
/kaggle/input/ased-main/ASED_V1-main/02Fearful/f2-02-01-02-41.wav	02Fearful
/kaggle/input/ased-main/ASED_V1-main/04Sad/s4-07-01-01-21.wav	04Sad
/kaggle/input/ased-main/ASED_V1-main/01Neutral/n1-04-02-02-39.wav	01Neutral
/kaggle/input/ased-main/ASED_V1-main/01Neutral/n1-02-02-02-36.wav	01Neutral
/kaggle/input/ased-main/ASED_V1-main/03Happy/h3-06-02-01-11.wav	03Happy
/kaggle/input/ased-main/ASED_V1-main/01Neutral/n1-03-01-02-61.wav	01Neutral
/kaggle/input/ased-main/ASED_V1-main/05Angry/a5-04-02-02-20.wav	05Angry
/kaggle/input/ased-main/ASED_V1-main/05Angry/a5-05-02-02-61.wav	05Angry
/kaggle/input/ased-main/ASED_V1-main/02Fearful/f2-03-01-02-60.wav	02Fearful
/kaggle/input/ased-main/ASED_V1-main/05Angry/a5-01-02-02-38.wav	05Angry
/kaggle/input/ased-main/ASED_V1-main/03Happy/h3-02-01-01-01.wav	03Happy
/kaggle/input/ased-main/ASED_V1-main/03Happy/h3-07-01-01-58.wav	03Happy
/kaggle/input/ased-main/ASED_V1-main/02Fearful/f2-05-01-02-50.wav	02Fearful
/kaggle/input/ased-main/ASED_V1-main/05Angry/a5-02-01-02-26.wav	05Angry
/kaggle/input/ased-main/ASED_V1-main/04Sad/s4-05-02-02-60.wav	04Sad
/kaggle/input/ased-main/ASED_V1-main/04Sad/s4-06-02-02-54.wav	04Sad
/kaggle/input/ased-main/ASED_V1-main/01Neutral/n1-02-01-01-47.wav	01Neutral
/kaggle/input/ased-main/ASED_V1-main/02Fearful/f2-05-01-01-58.wav	02Fearful
/kaggle/input/ased-main/ASED_V1-main/03Happy/h3-04-02-01-25.wav	03Happy
/kaggle/input/ased-main/ASED_V1-main/03Happy/h3-04-02-01-31.wav	03Happy
/kaggle/input/ased-main/ASED_V1-main/01Neutral/n1-06-02-02-54.wav	01Neutral
/kaggle/input/ased-main/ASED_V1-main/05Angry/a5-01-01-01-37.wav	05Angry
/kaggle/input/ased-main/ASED_V1-main/01Neutral/n1-07-01-02-26.wav	01Neutral
/kaggle/input/ased-main/ASED_V1-main/02Fearful/f2-07-01-01-21.wav	02Fearful
/kaggle/input/ased-main/ASED_V1-main/04Sad/s4-01-02-02-50.wav	04Sad
/kaggle/input/ased-main/ASED_V1-main/03Happy/h3-05-02-02-56.wav	03Happy
/kaggle/input/ased-main/ASED_V1-main/01Neutral/n1-03-02-01-29.wav	01Neutral
/kaggle/input/ased-main/ASED_V1-main/05Angry/a5-06-02-02-54.wav	05Angry
/kaggle/input/ased-main/ASED_V1-main/05Angry/a5-06-02-02-51.wav	05Angry
/kaggle/input/ased-main/ASED_V1-main/04Sad/s4-05-01-02-51.wav	04Sad
/kaggle/input/ased-main/ASED_V1-main/01Neutral/n1-02-02-02-38.wav	01Neutral
/kaggle/input/ased-main/ASED_V1-main/03Happy/h3-01-01-01-17.wav	03Happy
/kaggle/input/ased-main/ASED_V1-main/02Fearful/f2-06-01-02-52.wav	02Fearful
/kaggle/input/ased-main/ASED_V1-main/04Sad/s4-04-02-02-60.wav	04Sad
/kaggle/input/ased-main/ASED_V1-main/04Sad/s4-03-02-02-50.wav	04Sad
/kaggle/input/ased-main/ASED_V1-main/03Happy/h3-07-02-02-55.wav	03Happy
/kaggle/input/ased-main/ASED_V1-main/02Fearful/f2-07-01-01-58.wav	02Fearful
/kaggle/input/ased-main/ASED_V1-main/04Sad/s4-04-01-01-29.wav	04Sad
/kaggle/input/ased-main/ASED_V1-main/04Sad/s4-02-02-01-47.wav	04Sad
/kaggle/input/ased-main/ASED_V1-main/05Angry/a5-05-02-02-59.wav	05Angry
/kaggle/input/ased-main/ASED_V1-main/01Neutral/n1-02-01-01-01.wav	01Neutral
/kaggle/input/ased-main/ASED_V1-main/03Happy/h3-05-01-01-05.wav	03Happy
/kaggle/input/ased-main/ASED_V1-main/03Happy/h3-02-02-01-43.wav	03Happy
/kaggle/input/ased-main/ASED_V1-main/05Angry/a5-06-02-01-21.wav	05Angry
/kaggle/input/ased-main/ASED_V1-main/03Happy/h3-03-02-02-10.wav	03Happy
/kaggle/input/ased-main/ASED_V1-main/03Happy/h3-02-02-02-16.wav	03Happy
/kaggle/input/ased-main/ASED_V1-main/01Neutral/n1-07-02-01-29.wav	01Neutral
/kaggle/input/ased-main/ASED_V1-main/05Angry/a5-04-02-02-55.wav	05Angry
/kaggle/input/ased-main/ASED_V1-main/03Happy/h3-05-01-02-51.wav	03Happy
/kaggle/input/ased-main/ASED_V1-main/04Sad/s4-03-02-01-31.wav	04Sad
/kaggle/input/ased-main/ASED_V1-main/01Neutral/n1-04-02-01-29.wav	01Neutral
/kaggle/input/ased-main/ASED_V1-main/03Happy/h3-01-01-01-33.wav	03Happy
/kaggle/input/ased-main/ASED_V1-main/03Happy/h3-03-02-02-04.wav	03Happy
/kaggle/input/ased-main/ASED_V1-main/04Sad/s4-07-01-02-52.wav	04Sad
/kaggle/input/ased-main/ASED_V1-main/05Angry/a5-03-01-02-56.wav	05Angry
/kaggle/input/ased-main/ASED_V1-main/04Sad/s4-05-01-02-28.wav	04Sad
/kaggle/input/ased-main/ASED_V1-main/05Angry/a5-03-02-01-25.wav	05Angry
/kaggle/input/ased-main/ASED_V1-main/04Sad/s4-04-02-02-50.wav	04Sad
/kaggle/input/ased-main/ASED_V1-main/04Sad/s4-02-02-02-36.wav	04Sad
/kaggle/input/ased-main/ASED_V1-main/02Fearful/f2-02-02-01-33.wav	02Fearful
/kaggle/input/ased-main/ASED_V1-main/01Neutral/n1-03-02-01-25.wav	01Neutral
/kaggle/input/ased-main/ASED_V1-main/02Fearful/f2-02-01-02-30.wav	02Fearful
/kaggle/input/ased-main/ASED_V1-main/03Happy/h3-03-01-02-04.wav	03Happy
/kaggle/input/ased-main/ASED_V1-main/02Fearful/f2-05-01-02-28.wav	02Fearful
/kaggle/input/ased-main/ASED_V1-main/04Sad/s4-01-02-02-04.wav	04Sad
/kaggle/input/ased-main/ASED_V1-main/03Happy/h3-03-01-02-65.wav	03Happy
/kaggle/input/ased-main/ASED_V1-main/04Sad/s4-04-02-02-04.wav	04Sad
/kaggle/input/ased-main/ASED_V1-main/05Angry/a5-01-01-01-07.wav	05Angry
/kaggle/input/ased-main/ASED_V1-main/01Neutral/n1-02-02-02-02.wav	01Neutral
/kaggle/input/ased-main/ASED_V1-main/01Neutral/n1-06-01-02-06.wav	01Neutral
/kaggle/input/ased-main/ASED_V1-main/05Angry/a5-07-02-02-04.wav	05Angry
/kaggle/input/ased-main/ASED_V1-main/03Happy/h3-07-02-02-63.wav	03Happy
/kaggle/input/ased-main/ASED_V1-main/01Neutral/n1-06-01-02-30.wav	01Neutral
/kaggle/input/ased-main/ASED_V1-main/05Angry/a5-02-02-02-06.wav	05Angry
/kaggle/input/ased-main/ASED_V1-main/05Angry/a5-06-02-02-10.wav	05Angry
/kaggle/input/ased-main/ASED_V1-main/04Sad/s4-04-01-01-05.wav	04Sad
/kaggle/input/ased-main/ASED_V1-main/02Fearful/f2-07-01-01-31.wav	02Fearful
/kaggle/input/ased-main/ASED_V1-main/03Happy/h3-07-01-02-65.wav	03Happy
/kaggle/input/ased-main/ASED_V1-main/03Happy/h3-06-01-02-04.wav	03Happy
/kaggle/input/ased-main/ASED_V1-main/02Fearful/f2-06-01-01-21.wav	02Fearful
/kaggle/input/ased-main/ASED_V1-main/02Fearful/f2-05-01-01-01.wav	02Fearful
/kaggle/input/ased-main/ASED_V1-main/02Fearful/f2-05-01-01-05.wav	02Fearful
/kaggle/input/ased-main/ASED_V1-main/05Angry/a5-06-01-02-45.wav	05Angry
/kaggle/input/ased-main/ASED_V1-main/04Sad/s4-04-02-02-20.wav	04Sad
/kaggle/input/ased-main/ASED_V1-main/03Happy/h3-07-01-02-54.wav	03Happy
/kaggle/input/ased-main/ASED_V1-main/01Neutral/n1-05-02-02-61.wav	01Neutral
/kaggle/input/ased-main/ASED_V1-main/03Happy/h3-04-01-01-27.wav	03Happy
/kaggle/input/ased-main/ASED_V1-main/02Fearful/f2-04-01-02-61.wav	02Fearful
/kaggle/input/ased-main/ASED_V1-main/03Happy/h3-03-02-01-29.wav	03Happy
/kaggle/input/ased-main/ASED_V1-main/02Fearful/f2-06-02-02-55.wav	02Fearful
/kaggle/input/ased-main/ASED_V1-main/03Happy/h3-06-02-02-57.wav	03Happy
/kaggle/input/ased-main/ASED_V1-main/04Sad/s4-03-01-02-65.wav	04Sad
/kaggle/input/ased-main/ASED_V1-main/03Happy/h3-06-02-01-27.wav	03Happy
/kaggle/input/ased-main/ASED_V1-main/01Neutral/n1-04-01-02-50.wav	01Neutral
/kaggle/input/ased-main/ASED_V1-main/03Happy/h3-03-02-02-28.wav	03Happy
/kaggle/input/ased-main/ASED_V1-main/02Fearful/f2-04-01-01-01.wav	02Fearful
/kaggle/input/ased-main/ASED_V1-main/01Neutral/n1-02-01-02-06.wav	01Neutral
/kaggle/input/ased-main/ASED_V1-main/04Sad/s4-07-02-01-62.wav	04Sad
/kaggle/input/ased-main/ASED_V1-main/01Neutral/n1-04-01-02-41.wav	01Neutral
/kaggle/input/ased-main/ASED_V1-main/03Happy/h3-07-02-01-27.wav	03Happy
/kaggle/input/ased-main/ASED_V1-main/01Neutral/n1-07-01-02-30.wav	01Neutral
/kaggle/input/ased-main/ASED_V1-main/03Happy/h3-04-02-01-27.wav	03Happy
/kaggle/input/ased-main/ASED_V1-main/02Fearful/f2-01-02-02-04.wav	02Fearful
/kaggle/input/ased-main/ASED_V1-main/05Angry/a5-02-02-02-18.wav	05Angry
/kaggle/input/ased-main/ASED_V1-main/02Fearful/f2-05-02-02-30.wav	02Fearful
/kaggle/input/ased-main/ASED_V1-main/05Angry/a5-04-01-02-65.wav	05Angry
/kaggle/input/ased-main/ASED_V1-main/05Angry/a5-07-02-02-41.wav	05Angry
/kaggle/input/ased-main/ASED_V1-main/05Angry/a5-01-02-01-29.wav	05Angry
/kaggle/input/ased-main/ASED_V1-main/04Sad/s4-03-01-02-59.wav	04Sad
/kaggle/input/ased-main/ASED_V1-main/02Fearful/f2-05-01-01-23.wav	02Fearful
/kaggle/input/ased-main/ASED_V1-main/03Happy/h3-01-02-01-01.wav	03Happy
/kaggle/input/ased-main/ASED_V1-main/02Fearful/f2-05-02-02-53.wav	02Fearful
/kaggle/input/ased-main/ASED_V1-main/03Happy/h3-05-01-02-52.wav	03Happy
/kaggle/input/ased-main/ASED_V1-main/02Fearful/f2-06-01-02-63.wav	02Fearful
/kaggle/input/ased-main/ASED_V1-main/05Angry/a5-04-01-01-11.wav	05Angry
/kaggle/input/ased-main/ASED_V1-main/04Sad/S4-04-02-01-29.wav	04Sad
/kaggle/input/ased-main/ASED_V1-main/02Fearful/f2-02-01-02-28.wav	02Fearful
/kaggle/input/ased-main/ASED_V1-main/01Neutral/n1-03-01-02-63.wav	01Neutral
/kaggle/input/ased-main/ASED_V1-main/01Neutral/n1-02-02-02-24.wav	01Neutral
/kaggle/input/ased-main/ASED_V1-main/02Fearful/f2-02-02-01-31.wav	02Fearful
/kaggle/input/ased-main/ASED_V1-main/02Fearful/f2-06-02-01-13.wav	02Fearful
/kaggle/input/ased-main/ASED_V1-main/01Neutral/n1-02-02-01-15.wav	01Neutral
/kaggle/input/ased-main/ASED_V1-main/02Fearful/f2-03-01-02-41.wav	02Fearful
/kaggle/input/ased-main/ASED_V1-main/04Sad/s4-02-01-01-25.wav	04Sad
/kaggle/input/ased-main/ASED_V1-main/01Neutral/n1-05-01-02-50.wav	01Neutral
/kaggle/input/ased-main/ASED_V1-main/02Fearful/f2-04-02-02-28.wav	02Fearful
/kaggle/input/ased-main/ASED_V1-main/02Fearful/f2-05-02-02-60.wav	02Fearful
/kaggle/input/ased-main/ASED_V1-main/02Fearful/f2-01-01-01-03.wav	02Fearful
/kaggle/input/ased-main/ASED_V1-main/05Angry/a5-06-02-01-48.wav	05Angry
/kaggle/input/ased-main/ASED_V1-main/03Happy/h3-05-02-02-28.wav	03Happy
/kaggle/input/ased-main/ASED_V1-main/05Angry/a5-04-01-02-56.wav	05Angry
/kaggle/input/ased-main/ASED_V1-main/04Sad/s4-04-01-02-20.wav	04Sad
/kaggle/input/ased-main/ASED_V1-main/01Neutral/n1-07-01-02-06.wav	01Neutral
/kaggle/input/ased-main/ASED_V1-main/05Angry/a5-02-02-02-32.wav	05Angry
/kaggle/input/ased-main/ASED_V1-main/03Happy/h3-05-01-02-65.wav	03Happy
/kaggle/input/ased-main/ASED_V1-main/03Happy/h3-04-01-01-31.wav	03Happy
/kaggle/input/ased-main/ASED_V1-main/05Angry/a5-07-01-02-50.wav	05Angry
/kaggle/input/ased-main/ASED_V1-main/02Fearful/f2-05-01-02-04.wav	02Fearful
/kaggle/input/ased-main/ASED_V1-main/03Happy/h3-01-02-02-28.wav	03Happy
/kaggle/input/ased-main/ASED_V1-main/02Fearful/f2-01-01-02-10.wav	02Fearful
/kaggle/input/ased-main/ASED_V1-main/02Fearful/f2-02-02-02-50.wav	02Fearful
/kaggle/input/ased-main/ASED_V1-main/02Fearful/f2-01-02-02-39.wav	02Fearful
/kaggle/input/ased-main/ASED_V1-main/05Angry/a5-07-02-01-62.wav	05Angry
/kaggle/input/ased-main/ASED_V1-main/05Angry/a5-04-01-01-13.wav	05Angry
/kaggle/input/ased-main/ASED_V1-main/05Angry/a5-06-02-01-25.wav	05Angry
/kaggle/input/ased-main/ASED_V1-main/01Neutral/n1-04-02-01-21.wav	01Neutral
/kaggle/input/ased-main/ASED_V1-main/01Neutral/n1-06-01-01-05.wav	01Neutral
/kaggle/input/ased-main/ASED_V1-main/03Happy/h3-06-01-01-23.wav	03Happy
/kaggle/input/ased-main/ASED_V1-main/03Happy/h3-07-01-02-63.wav	03Happy
/kaggle/input/ased-main/ASED_V1-main/01Neutral/n1-05-01-02-61.wav	01Neutral
/kaggle/input/ased-main/ASED_V1-main/04Sad/s4-07-02-01-21.wav	04Sad
/kaggle/input/ased-main/ASED_V1-main/02Fearful/f2-07-02-02-64.wav	02Fearful
/kaggle/input/ased-main/ASED_V1-main/05Angry/a5-05-02-02-55.wav	05Angry
/kaggle/input/ased-main/ASED_V1-main/01Neutral/n1-05-02-02-50.wav	01Neutral
/kaggle/input/ased-main/ASED_V1-main/01Neutral/n1-06-02-01-05.wav	01Neutral
/kaggle/input/ased-main/ASED_V1-main/03Happy/h3-07-01-02-59.wav	03Happy
/kaggle/input/ased-main/ASED_V1-main/05Angry/a5-05-02-01-23.wav	05Angry
/kaggle/input/ased-main/ASED_V1-main/01Neutral/n1-01-02-02-34.wav	01Neutral
/kaggle/input/ased-main/ASED_V1-main/02Fearful/f2-04-01-01-21.wav	02Fearful
/kaggle/input/ased-main/ASED_V1-main/02Fearful/f2-02-01-02-39.wav	02Fearful
/kaggle/input/ased-main/ASED_V1-main/01Neutral/n1-01-01-02-38.wav	01Neutral
/kaggle/input/ased-main/ASED_V1-main/02Fearful/f2-05-02-02-20.wav	02Fearful
/kaggle/input/ased-main/ASED_V1-main/03Happy/h3-05-02-02-53.wav	03Happy
/kaggle/input/ased-main/ASED_V1-main/05Angry/a5-06-01-02-65.wav	05Angry
/kaggle/input/ased-main/ASED_V1-main/02Fearful/f2-02-01-01-31.wav	02Fearful
/kaggle/input/ased-main/ASED_V1-main/03Happy/h3-04-01-02-54.wav	03Happy
/kaggle/input/ased-main/ASED_V1-main/01Neutral/n1-07-02-02-51.wav	01Neutral
/kaggle/input/ased-main/ASED_V1-main/04Sad/s4-07-01-02-06.wav	04Sad
/kaggle/input/ased-main/ASED_V1-main/04Sad/s4-02-02-02-39.wav	04Sad
/kaggle/input/ased-main/ASED_V1-main/04Sad/s4-04-01-01-11.wav	04Sad
/kaggle/input/ased-main/ASED_V1-main/03Happy/h3-07-01-02-26.wav	03Happy
/kaggle/input/ased-main/ASED_V1-main/01Neutral/n1-01-02-02-02.wav	01Neutral
/kaggle/input/ased-main/ASED_V1-main/04Sad/s4-05-01-01-01.wav	04Sad
/kaggle/input/ased-main/ASED_V1-main/03Happy/h3-05-01-01-31.wav	03Happy
/kaggle/input/ased-main/ASED_V1-main/02Fearful/f2-02-02-02-30.wav	02Fearful
/kaggle/input/ased-main/ASED_V1-main/05Angry/a5-07-01-01-62.wav	05Angry
/kaggle/input/ased-main/ASED_V1-main/03Happy/h3-04-02-02-50.wav	03Happy
/kaggle/input/ased-main/ASED_V1-main/02Fearful/f2-06-02-01-31.wav	02Fearful
/kaggle/input/ased-main/ASED_V1-main/01Neutral/n1-07-02-02-04.wav	01Neutral
/kaggle/input/ased-main/ASED_V1-main/01Neutral/n1-07-01-01-21.wav	01Neutral
/kaggle/input/ased-main/ASED_V1-main/05Angry/a5-03-01-02-26.wav	05Angry
/kaggle/input/ased-main/ASED_V1-main/03Happy/h3-01-01-02-32.wav	03Happy
/kaggle/input/ased-main/ASED_V1-main/01Neutral/n1-03-02-02-61.wav	01Neutral
/kaggle/input/ased-main/ASED_V1-main/02Fearful/f2-05-02-01-11.wav	02Fearful
/kaggle/input/ased-main/ASED_V1-main/02Fearful/f2-02-02-02-42.wav	02Fearful
/kaggle/input/ased-main/ASED_V1-main/01Neutral/n1-07-02-01-13.wav	01Neutral
/kaggle/input/ased-main/ASED_V1-main/04Sad/s4-02-02-01-13.wav	04Sad
/kaggle/input/ased-main/ASED_V1-main/04Sad/s4-01-01-01-35.wav	04Sad
/kaggle/input/ased-main/ASED_V1-main/01Neutral/n1-05-02-02-26.wav	01Neutral
/kaggle/input/ased-main/ASED_V1-main/05Angry/a5-05-02-02-30.wav	05Angry
/kaggle/input/ased-main/ASED_V1-main/05Angry/a5-07-02-02-56.wav	05Angry
/kaggle/input/ased-main/ASED_V1-main/03Happy/h3-06-02-02-10.wav	03Happy
/kaggle/input/ased-main/ASED_V1-main/05Angry/a5-02-01-02-14.wav	05Angry
/kaggle/input/ased-main/ASED_V1-main/03Happy/h3-03-01-02-06.wav	03Happy
/kaggle/input/ased-main/ASED_V1-main/04Sad/s4-02-01-02-50.wav	04Sad
/kaggle/input/ased-main/ASED_V1-main/05Angry/a5-07-01-01-58.wav	05Angry
/kaggle/input/ased-main/ASED_V1-main/02Fearful/f2-06-02-02-52.wav	02Fearful
/kaggle/input/ased-main/ASED_V1-main/01Neutral/n1-05-01-01-11.wav	01Neutral
/kaggle/input/ased-main/ASED_V1-main/03Happy/h3-04-01-02-06.wav	03Happy
/kaggle/input/ased-main/ASED_V1-main/01Neutral/n1-07-02-01-25.wav	01Neutral
/kaggle/input/ased-main/ASED_V1-main/01Neutral/n1-01-02-02-14.wav	01Neutral
/kaggle/input/ased-main/ASED_V1-main/03Happy/h3-05-01-02-28.wav	03Happy
/kaggle/input/ased-main/ASED_V1-main/03Happy/h3-07-01-02-39.wav	03Happy
/kaggle/input/ased-main/ASED_V1-main/03Happy/h3-02-01-01-29.wav	03Happy
/kaggle/input/ased-main/ASED_V1-main/05Angry/a5-06-01-02-39.wav	05Angry
/kaggle/input/ased-main/ASED_V1-main/04Sad/s4-06-01-01-23.wav	04Sad
/kaggle/input/ased-main/ASED_V1-main/01Neutral/n1-05-01-02-63.wav	01Neutral
/kaggle/input/ased-main/ASED_V1-main/01Neutral/n1-01-01-02-32.wav	01Neutral
/kaggle/input/ased-main/ASED_V1-main/03Happy/h3-01-01-02-50.wav	03Happy
/kaggle/input/ased-main/ASED_V1-main/02Fearful/f2-03-02-02-50.wav	02Fearful
/kaggle/input/ased-main/ASED_V1-main/01Neutral/n1-07-01-02-51.wav	01Neutral
/kaggle/input/ased-main/ASED_V1-main/03Happy/h3-05-01-02-20.wav	03Happy
/kaggle/input/ased-main/ASED_V1-main/03Happy/h3-06-01-02-52.wav	03Happy
/kaggle/input/ased-main/ASED_V1-main/03Happy/h3-03-01-01-58.wav	03Happy
/kaggle/input/ased-main/ASED_V1-main/05Angry/a5-05-02-01-29.wav	05Angry
/kaggle/input/ased-main/ASED_V1-main/02Fearful/f2-02-02-01-01.wav	02Fearful
/kaggle/input/ased-main/ASED_V1-main/04Sad/s4-06-02-02-41.wav	04Sad
/kaggle/input/ased-main/ASED_V1-main/05Angry/a5-01-02-01-07.wav	05Angry
/kaggle/input/ased-main/ASED_V1-main/01Neutral/n1-05-02-02-57.wav	01Neutral
/kaggle/input/ased-main/ASED_V1-main/03Happy/h3-03-01-02-59.wav	03Happy
/kaggle/input/ased-main/ASED_V1-main/01Neutral/n1-04-02-02-10.wav	01Neutral
/kaggle/input/ased-main/ASED_V1-main/02Fearful/f2-03-02-02-28.wav	02Fearful
/kaggle/input/ased-main/ASED_V1-main/05Angry/a5-01-02-02-02.wav	05Angry
/kaggle/input/ased-main/ASED_V1-main/03Happy/h3-06-01-02-26.wav	03Happy
/kaggle/input/ased-main/ASED_V1-main/02Fearful/f2-06-01-01-29.wav	02Fearful
/kaggle/input/ased-main/ASED_V1-main/01Neutral/n1-06-02-01-29.wav	01Neutral
/kaggle/input/ased-main/ASED_V1-main/05Angry/a5-06-02-02-64.wav	05Angry
/kaggle/input/ased-main/ASED_V1-main/03Happy/h3-07-01-02-41.wav	03Happy
/kaggle/input/ased-main/ASED_V1-main/02Fearful/f2-05-02-01-25.wav	02Fearful
/kaggle/input/ased-main/ASED_V1-main/01Neutral/n1-07-02-01-21.wav	01Neutral
/kaggle/input/ased-main/ASED_V1-main/04Sad/s4-05-02-02-30.wav	04Sad
/kaggle/input/ased-main/ASED_V1-main/01Neutral/n1-02-01-02-04.wav	01Neutral
/kaggle/input/ased-main/ASED_V1-main/03Happy/h3-03-02-01-31.wav	03Happy
/kaggle/input/ased-main/ASED_V1-main/04Sad/s4-01-02-01-47.wav	04Sad
/kaggle/input/ased-main/ASED_V1-main/04Sad/s4-07-01-01-48.wav	04Sad
/kaggle/input/ased-main/ASED_V1-main/05Angry/a5-04-02-01-05.wav	05Angry
/kaggle/input/ased-main/ASED_V1-main/03Happy/h3-06-02-02-06.wav	03Happy
/kaggle/input/ased-main/ASED_V1-main/03Happy/h3-07-02-02-04.wav	03Happy
/kaggle/input/ased-main/ASED_V1-main/02Fearful/f2-07-01-02-52.wav	02Fearful
/kaggle/input/ased-main/ASED_V1-main/02Fearful/f2-06-01-02-41.wav	02Fearful
/kaggle/input/ased-main/ASED_V1-main/05Angry/a5-01-02-02-30.wav	05Angry
/kaggle/input/ased-main/ASED_V1-main/04Sad/s4-04-02-01-11.wav	04Sad
/kaggle/input/ased-main/ASED_V1-main/04Sad/s4-05-02-02-50.wav	04Sad
/kaggle/input/ased-main/ASED_V1-main/03Happy/h3-04-02-02-64.wav	03Happy
/kaggle/input/ased-main/ASED_V1-main/02Fearful/f2-02-01-01-43.wav	02Fearful
/kaggle/input/ased-main/ASED_V1-main/02Fearful/f2-01-02-01-37.wav	02Fearful
/kaggle/input/ased-main/ASED_V1-main/04Sad/s4-04-01-02-56.wav	04Sad
/kaggle/input/ased-main/ASED_V1-main/02Fearful/f2-03-01-02-61.wav	02Fearful
/kaggle/input/ased-main/ASED_V1-main/02Fearful/f2-04-02-01-21.wav	02Fearful
/kaggle/input/ased-main/ASED_V1-main/05Angry/a5-07-01-02-52.wav	05Angry
/kaggle/input/ased-main/ASED_V1-main/03Happy/h3-04-02-02-51.wav	03Happy
/kaggle/input/ased-main/ASED_V1-main/04Sad/s4-03-02-02-64.wav	04Sad
/kaggle/input/ased-main/ASED_V1-main/02Fearful/f2-06-01-02-65.wav	02Fearful
/kaggle/input/ased-main/ASED_V1-main/02Fearful/f2-05-01-02-57.wav	02Fearful
/kaggle/input/ased-main/ASED_V1-main/04Sad/s4-06-02-01-31.wav	04Sad
/kaggle/input/ased-main/ASED_V1-main/01Neutral/n1-07-01-02-64.wav	01Neutral
/kaggle/input/ased-main/ASED_V1-main/01Neutral/n1-07-01-01-27.wav	01Neutral
/kaggle/input/ased-main/ASED_V1-main/02Fearful/f2-03-02-01-31.wav	02Fearful
/kaggle/input/ased-main/ASED_V1-main/03Happy/h3-07-02-02-56.wav	03Happy
/kaggle/input/ased-main/ASED_V1-main/05Angry/a5-03-02-02-57.wav	05Angry
/kaggle/input/ased-main/ASED_V1-main/01Neutral/n1-05-02-01-48.wav	01Neutral
/kaggle/input/ased-main/ASED_V1-main/05Angry/a5-07-01-02-56.wav	05Angry
/kaggle/input/ased-main/ASED_V1-main/03Happy/h3-07-01-02-52.wav	03Happy
/kaggle/input/ased-main/ASED_V1-main/04Sad/s4-02-01-02-06.wav	04Sad
/kaggle/input/ased-main/ASED_V1-main/02Fearful/f2-01-01-01-13.wav	02Fearful
/kaggle/input/ased-main/ASED_V1-main/02Fearful/f2-04-01-02-28.wav	02Fearful
/kaggle/input/ased-main/ASED_V1-main/04Sad/s4-01-01-01-29.wav	04Sad
/kaggle/input/ased-main/ASED_V1-main/02Fearful/f2-07-01-01-01.wav	02Fearful
/kaggle/input/ased-main/ASED_V1-main/05Angry/a5-02-01-01-33.wav	05Angry
/kaggle/input/ased-main/ASED_V1-main/03Happy/h3-07-01-01-48.wav	03Happy
/kaggle/input/ased-main/ASED_V1-main/01Neutral/n1-04-01-02-30.wav	01Neutral
/kaggle/input/ased-main/ASED_V1-main/04Sad/s4-06-02-01-01.wav	04Sad
/kaggle/input/ased-main/ASED_V1-main/04Sad/s4-02-02-02-30.wav	04Sad
/kaggle/input/ased-main/ASED_V1-main/03Happy/h3-05-01-02-60.wav	03Happy
/kaggle/input/ased-main/ASED_V1-main/04Sad/s4-07-02-02-64.wav	04Sad
/kaggle/input/ased-main/ASED_V1-main/01Neutral/n1-03-02-02-50.wav	01Neutral
/kaggle/input/ased-main/ASED_V1-main/01Neutral/n1-03-02-02-04.wav	01Neutral
/kaggle/input/ased-main/ASED_V1-main/05Angry/a5-04-02-02-63.wav	05Angry
/kaggle/input/ased-main/ASED_V1-main/01Neutral/n1-04-02-01-48.wav	01Neutral
/kaggle/input/ased-main/ASED_V1-main/05Angry/a5-07-02-02-51.wav	05Angry
/kaggle/input/ased-main/ASED_V1-main/03Happy/h3-06-02-01-21.wav	03Happy
/kaggle/input/ased-main/ASED_V1-main/02Fearful/f2-02-02-01-03.wav	02Fearful
/kaggle/input/ased-main/ASED_V1-main/05Angry/a5-05-01-02-04.wav	05Angry
/kaggle/input/ased-main/ASED_V1-main/01Neutral/n1-04-01-01-25.wav	01Neutral
/kaggle/input/ased-main/ASED_V1-main/01Neutral/n1-03-02-01-27.wav	01Neutral
/kaggle/input/ased-main/ASED_V1-main/01Neutral/n1-01-01-02-50.wav	01Neutral
/kaggle/input/ased-main/ASED_V1-main/03Happy/h3-05-02-01-27.wav	03Happy
/kaggle/input/ased-main/ASED_V1-main/03Happy/h3-05-02-01-25.wav	03Happy
/kaggle/input/ased-main/ASED_V1-main/03Happy/h3-02-01-01-27.wav	03Happy
/kaggle/input/ased-main/ASED_V1-main/05Angry/a5-07-01-02-45.wav	05Angry
/kaggle/input/ased-main/ASED_V1-main/04Sad/s4-07-02-01-31.wav	04Sad
/kaggle/input/ased-main/ASED_V1-main/02Fearful/f2-07-02-02-30.wav	02Fearful
/kaggle/input/ased-main/ASED_V1-main/02Fearful/f2-03-02-02-63.wav	02Fearful
/kaggle/input/ased-main/ASED_V1-main/03Happy/h3-02-01-02-04.wav	03Happy
/kaggle/input/ased-main/ASED_V1-main/02Fearful/f2-01-02-02-50.wav	02Fearful
/kaggle/input/ased-main/ASED_V1-main/03Happy/h3-03-02-02-53.wav	03Happy
/kaggle/input/ased-main/ASED_V1-main/05Angry/a5-04-01-01-29.wav	05Angry
/kaggle/input/ased-main/ASED_V1-main/05Angry/a5-04-02-02-41.wav	05Angry
/kaggle/input/ased-main/ASED_V1-main/04Sad/s4-02-01-01-35.wav	04Sad
/kaggle/input/ased-main/ASED_V1-main/04Sad/s4-06-02-01-29.wav	04Sad
/kaggle/input/ased-main/ASED_V1-main/04Sad/s4-01-02-02-38.wav	04Sad
/kaggle/input/ased-main/ASED_V1-main/02Fearful/f2-05-02-01-23.wav	02Fearful
/kaggle/input/ased-main/ASED_V1-main/02Fearful/f2-01-01-02-42.wav	02Fearful
/kaggle/input/ased-main/ASED_V1-main/04Sad/s4-02-02-01-35.wav	04Sad
/kaggle/input/ased-main/ASED_V1-main/03Happy/h3-02-02-02-24.wav	03Happy
/kaggle/input/ased-main/ASED_V1-main/03Happy/h3-07-01-02-53.wav	03Happy
/kaggle/input/ased-main/ASED_V1-main/05Angry/a5-02-02-01-07.wav	05Angry
/kaggle/input/ased-main/ASED_V1-main/03Happy/h3-07-01-01-01.wav	03Happy
/kaggle/input/ased-main/ASED_V1-main/04Sad/s4-06-02-01-23.wav	04Sad
/kaggle/input/ased-main/ASED_V1-main/02Fearful/f2-07-02-02-04.wav	02Fearful
/kaggle/input/ased-main/ASED_V1-main/03Happy/h3-01-02-02-32.wav	03Happy
/kaggle/input/ased-main/ASED_V1-main/03Happy/h3-07-01-01-62.wav	03Happy
/kaggle/input/ased-main/ASED_V1-main/05Angry/a5-04-01-01-27.wav	05Angry
/kaggle/input/ased-main/ASED_V1-main/05Angry/a5-03-02-02-64.wav	05Angry
/kaggle/input/ased-main/ASED_V1-main/01Neutral/n1-06-01-01-29.wav	01Neutral
/kaggle/input/ased-main/ASED_V1-main/04Sad/s4-06-02-01-21.wav	04Sad
/kaggle/input/ased-main/ASED_V1-main/03Happy/h3-01-02-02-50.wav	03Happy
/kaggle/input/ased-main/ASED_V1-main/01Neutral/n1-07-01-02-56.wav	01Neutral
/kaggle/input/ased-main/ASED_V1-main/03Happy/h3-06-01-01-01.wav	03Happy
/kaggle/input/ased-main/ASED_V1-main/01Neutral/n1-05-01-02-55.wav	01Neutral
/kaggle/input/ased-main/ASED_V1-main/05Angry/a5-02-01-02-04.wav	05Angry
/kaggle/input/ased-main/ASED_V1-main/01Neutral/n1-02-01-02-18.wav	01Neutral
/kaggle/input/ased-main/ASED_V1-main/04Sad/s4-04-01-02-51.wav	04Sad
/kaggle/input/ased-main/ASED_V1-main/02Fearful/f2-05-02-02-56.wav	02Fearful
/kaggle/input/ased-main/ASED_V1-main/03Happy/h3-04-02-02-41.wav	03Happy
/kaggle/input/ased-main/ASED_V1-main/04Sad/s4-03-02-01-58.wav	04Sad
/kaggle/input/ased-main/ASED_V1-main/03Happy/h3-07-02-01-21.wav	03Happy
/kaggle/input/ased-main/ASED_V1-main/05Angry/a5-01-01-02-38.wav	05Angry
/kaggle/input/ased-main/ASED_V1-main/05Angry/a5-07-02-01-13.wav	05Angry
/kaggle/input/ased-main/ASED_V1-main/02Fearful/f2-07-01-02-53.wav	02Fearful
/kaggle/input/ased-main/ASED_V1-main/05Angry/a5-01-02-01-13.wav	05Angry
/kaggle/input/ased-main/ASED_V1-main/02Fearful/f2-02-01-01-13.wav	02Fearful
/kaggle/input/ased-main/ASED_V1-main/02Fearful/f2-03-02-02-26.wav	02Fearful
/kaggle/input/ased-main/ASED_V1-main/03Happy/h3-06-01-01-05.wav	03Happy
/kaggle/input/ased-main/ASED_V1-main/04Sad/s4-06-01-02-20.wav	04Sad
/kaggle/input/ased-main/ASED_V1-main/04Sad/s4-04-01-02-41.wav	04Sad
/kaggle/input/ased-main/ASED_V1-main/03Happy/h3-03-01-02-60.wav	03Happy
/kaggle/input/ased-main/ASED_V1-main/03Happy/h3-03-02-01-21.wav	03Happy
/kaggle/input/ased-main/ASED_V1-main/01Neutral/n1-01-01-02-18.wav	01Neutral
/kaggle/input/ased-main/ASED_V1-main/03Happy/h3-02-01-02-39.wav	03Happy
/kaggle/input/ased-main/ASED_V1-main/01Neutral/n1-06-02-02-53.wav	01Neutral
/kaggle/input/ased-main/ASED_V1-main/01Neutral/n1-01-02-02-26.wav	01Neutral
/kaggle/input/ased-main/ASED_V1-main/05Angry/a5-03-02-02-63.wav	05Angry
/kaggle/input/ased-main/ASED_V1-main/03Happy/h3-03-01-02-63.wav	03Happy
/kaggle/input/ased-main/ASED_V1-main/05Angry/a5-05-02-02-45.wav	05Angry
/kaggle/input/ased-main/ASED_V1-main/03Happy/h3-04-02-02-56.wav	03Happy
/kaggle/input/ased-main/ASED_V1-main/01Neutral/n1-04-01-01-21.wav	01Neutral
/kaggle/input/ased-main/ASED_V1-main/05Angry/a5-02-02-01-29.wav	05Angry
/kaggle/input/ased-main/ASED_V1-main/02Fearful/f2-05-01-02-56.wav	02Fearful
/kaggle/input/ased-main/ASED_V1-main/05Angry/a5-05-01-01-31.wav	05Angry
/kaggle/input/ased-main/ASED_V1-main/03Happy/h3-03-01-01-62.wav	03Happy
/kaggle/input/ased-main/ASED_V1-main/04Sad/s4-02-01-01-29.wav	04Sad
/kaggle/input/ased-main/ASED_V1-main/01Neutral/n1-02-01-02-02.wav	01Neutral
/kaggle/input/ased-main/ASED_V1-main/02Fearful/f2-03-02-01-11.wav	02Fearful
/kaggle/input/ased-main/ASED_V1-main/05Angry/a5-04-01-02-55.wav	05Angry
/kaggle/input/ased-main/ASED_V1-main/05Angry/a5-01-01-02-50.wav	05Angry
/kaggle/input/ased-main/ASED_V1-main/05Angry/a5-07-01-01-11.wav	05Angry
/kaggle/input/ased-main/ASED_V1-main/03Happy/h3-01-02-02-24.wav	03Happy
/kaggle/input/ased-main/ASED_V1-main/02Fearful/f2-06-02-02-41.wav	02Fearful
/kaggle/input/ased-main/ASED_V1-main/03Happy/h3-07-01-01-05.wav	03Happy
/kaggle/input/ased-main/ASED_V1-main/04Sad/s4-03-02-02-20.wav	04Sad
/kaggle/input/ased-main/ASED_V1-main/04Sad/s4-07-01-02-55.wav	04Sad
/kaggle/input/ased-main/ASED_V1-main/04Sad/s4-01-01-02-26.wav	04Sad
/kaggle/input/ased-main/ASED_V1-main/03Happy/h3-01-01-01-05.wav	03Happy
/kaggle/input/ased-main/ASED_V1-main/01Neutral/n1-05-02-01-27.wav	01Neutral
/kaggle/input/ased-main/ASED_V1-main/05Angry/a5-03-01-01-05.wav	05Angry
/kaggle/input/ased-main/ASED_V1-main/02Fearful/f2-07-02-01-27.wav	02Fearful
/kaggle/input/ased-main/ASED_V1-main/01Neutral/n1-04-02-01-13.wav	01Neutral
/kaggle/input/ased-main/ASED_V1-main/02Fearful/f2-04-02-02-39.wav	02Fearful
/kaggle/input/ased-main/ASED_V1-main/01Neutral/n1-06-02-01-48.wav	01Neutral
/kaggle/input/ased-main/ASED_V1-main/04Sad/s4-03-01-02-30.wav	04Sad
/kaggle/input/ased-main/ASED_V1-main/03Happy/h3-05-01-01-23.wav	03Happy
/kaggle/input/ased-main/ASED_V1-main/02Fearful/f2-01-02-02-32.wav	02Fearful
/kaggle/input/ased-main/ASED_V1-main/04Sad/s4-04-02-02-57.wav	04Sad
/kaggle/input/ased-main/ASED_V1-main/05Angry/a5-03-01-02-39.wav	05Angry
/kaggle/input/ased-main/ASED_V1-main/01Neutral/n1-05-02-01-01.wav	01Neutral
/kaggle/input/ased-main/ASED_V1-main/03Happy/h3-04-02-02-28.wav	03Happy
/kaggle/input/ased-main/ASED_V1-main/03Happy/h3-06-01-02-65.wav	03Happy
/kaggle/input/ased-main/ASED_V1-main/03Happy/h3-05-02-02-30.wav	03Happy
/kaggle/input/ased-main/ASED_V1-main/01Neutral/n1-01-01-02-20.wav	01Neutral
/kaggle/input/ased-main/ASED_V1-main/04Sad/s4-04-01-02-60.wav	04Sad
/kaggle/input/ased-main/ASED_V1-main/05Angry/a5-02-01-02-10.wav	05Angry
/kaggle/input/ased-main/ASED_V1-main/05Angry/a5-05-01-02-53.wav	05Angry
/kaggle/input/ased-main/ASED_V1-main/02Fearful/f2-04-02-01-62.wav	02Fearful
/kaggle/input/ased-main/ASED_V1-main/03Happy/h3-06-02-02-55.wav	03Happy
/kaggle/input/ased-main/ASED_V1-main/04Sad/s4-07-02-02-30.wav	04Sad
/kaggle/input/ased-main/ASED_V1-main/05Angry/a5-04-01-02-50.wav	05Angry
/kaggle/input/ased-main/ASED_V1-main/05Angry/a5-04-01-02-06.wav	05Angry
/kaggle/input/ased-main/ASED_V1-main/04Sad/s4-03-01-02-52.wav	04Sad
/kaggle/input/ased-main/ASED_V1-main/04Sad/s4-03-02-02-54.wav	04Sad
/kaggle/input/ased-main/ASED_V1-main/05Angry/a5-01-01-01-09.wav	05Angry
/kaggle/input/ased-main/ASED_V1-main/03Happy/h3-04-01-02-57.wav	03Happy
/kaggle/input/ased-main/ASED_V1-main/01Neutral/n1-03-02-02-59.wav	01Neutral
/kaggle/input/ased-main/ASED_V1-main/01Neutral/n1-05-01-02-10.wav	01Neutral
/kaggle/input/ased-main/ASED_V1-main/03Happy/h3-05-02-02-57.wav	03Happy
/kaggle/input/ased-main/ASED_V1-main/04Sad/s4-05-02-01-25.wav	04Sad
/kaggle/input/ased-main/ASED_V1-main/03Happy/h3-06-01-02-61.wav	03Happy
/kaggle/input/ased-main/ASED_V1-main/04Sad/s4-05-01-02-63.wav	04Sad
/kaggle/input/ased-main/ASED_V1-main/04Sad/s4-06-02-01-05.wav	04Sad
/kaggle/input/ased-main/ASED_V1-main/01Neutral/n1-02-01-02-10.wav	01Neutral
/kaggle/input/ased-main/ASED_V1-main/03Happy/h3-02-02-01-01.wav	03Happy
/kaggle/input/ased-main/ASED_V1-main/01Neutral/n1-01-01-02-26.wav	01Neutral
/kaggle/input/ased-main/ASED_V1-main/01Neutral/n1-05-01-02-28.wav	01Neutral
/kaggle/input/ased-main/ASED_V1-main/01Neutral/n1-05-02-02-06.wav	01Neutral
/kaggle/input/ased-main/ASED_V1-main/05Angry/a5-03-01-02-61.wav	05Angry
/kaggle/input/ased-main/ASED_V1-main/05Angry/a5-06-01-02-53.wav	05Angry
/kaggle/input/ased-main/ASED_V1-main/02Fearful/f2-01-01-02-12.wav	02Fearful
/kaggle/input/ased-main/ASED_V1-main/05Angry/a5-06-01-02-63.wav	05Angry
/kaggle/input/ased-main/ASED_V1-main/01Neutral/n1-02-02-02-12.wav	01Neutral
/kaggle/input/ased-main/ASED_V1-main/01Neutral/n1-02-01-01-05.wav	01Neutral
/kaggle/input/ased-main/ASED_V1-main/02Fearful/f2-07-02-01-05.wav	02Fearful
/kaggle/input/ased-main/ASED_V1-main/03Happy/h3-04-01-01-11.wav	03Happy
/kaggle/input/ased-main/ASED_V1-main/01Neutral/n1-02-02-02-46.wav	01Neutral
/kaggle/input/ased-main/ASED_V1-main/05Angry/a5-02-02-01-33.wav	05Angry
/kaggle/input/ased-main/ASED_V1-main/05Angry/a5-05-01-02-52.wav	05Angry
/kaggle/input/ased-main/ASED_V1-main/01Neutral/n1-03-01-02-60.wav	01Neutral
/kaggle/input/ased-main/ASED_V1-main/05Angry/a5-03-01-01-31.wav	05Angry
/kaggle/input/ased-main/ASED_V1-main/04Sad/s4-05-01-02-64.wav	04Sad
/kaggle/input/ased-main/ASED_V1-main/05Angry/a5-02-01-01-07.wav	05Angry
/kaggle/input/ased-main/ASED_V1-main/02Fearful/f2-02-02-01-47.wav	02Fearful
/kaggle/input/ased-main/ASED_V1-main/04Sad/s4-03-01-01-58.wav	04Sad
/kaggle/input/ased-main/ASED_V1-main/05Angry/a5-06-01-02-30.wav	05Angry
/kaggle/input/ased-main/ASED_V1-main/03Happy/h3-03-02-02-41.wav	03Happy
/kaggle/input/ased-main/ASED_V1-main/02Fearful/f2-05-02-02-39.wav	02Fearful
/kaggle/input/ased-main/ASED_V1-main/04Sad/s4-03-01-01-21.wav	04Sad
/kaggle/input/ased-main/ASED_V1-main/01Neutral/n1-04-02-01-27.wav	01Neutral
/kaggle/input/ased-main/ASED_V1-main/05Angry/a5-04-01-02-41.wav	05Angry
/kaggle/input/ased-main/ASED_V1-main/05Angry/a5-01-01-01-33.wav	05Angry
/kaggle/input/ased-main/ASED_V1-main/01Neutral/n1-03-02-02-63.wav	01Neutral
/kaggle/input/ased-main/ASED_V1-main/01Neutral/n1-06-01-02-52.wav	01Neutral
/kaggle/input/ased-main/ASED_V1-main/01Neutral/n1-04-01-01-13.wav	01Neutral
/kaggle/input/ased-main/ASED_V1-main/05Angry/a5-06-01-01-01.wav	05Angry
/kaggle/input/ased-main/ASED_V1-main/02Fearful/f2-07-02-02-54.wav	02Fearful
/kaggle/input/ased-main/ASED_V1-main/05Angry/a5-03-01-01-25.wav	05Angry
/kaggle/input/ased-main/ASED_V1-main/04Sad/s4-05-02-02-64.wav	04Sad
/kaggle/input/ased-main/ASED_V1-main/05Angry/a5-07-01-01-31.wav	05Angry
/kaggle/input/ased-main/ASED_V1-main/05Angry/a5-01-01-01-19.wav	05Angry
/kaggle/input/ased-main/ASED_V1-main/03Happy/h3-06-01-01-31.wav	03Happy
/kaggle/input/ased-main/ASED_V1-main/04Sad/s4-02-02-02-38.wav	04Sad
/kaggle/input/ased-main/ASED_V1-main/04Sad/s4-05-02-01-48.wav	04Sad
/kaggle/input/ased-main/ASED_V1-main/03Happy/h3-05-01-01-27.wav	03Happy
/kaggle/input/ased-main/ASED_V1-main/04Sad/s4-06-01-02-39.wav	04Sad
/kaggle/input/ased-main/ASED_V1-main/02Fearful/f2-04-01-02-26.wav	02Fearful
/kaggle/input/ased-main/ASED_V1-main/05Angry/a5-05-01-02-30.wav	05Angry
/kaggle/input/ased-main/ASED_V1-main/01Neutral/n1-03-02-02-45.wav	01Neutral
/kaggle/input/ased-main/ASED_V1-main/04Sad/s4-07-01-01-31.wav	04Sad
/kaggle/input/ased-main/ASED_V1-main/01Neutral/n1-03-02-02-64.wav	01Neutral
/kaggle/input/ased-main/ASED_V1-main/03Happy/h3-03-01-02-20.wav	03Happy
/kaggle/input/ased-main/ASED_V1-main/01Neutral/n1-06-02-01-25.wav	01Neutral
/kaggle/input/ased-main/ASED_V1-main/02Fearful/f2-04-01-02-64.wav	02Fearful
/kaggle/input/ased-main/ASED_V1-main/05Angry/a5-04-01-02-10.wav	05Angry
/kaggle/input/ased-main/ASED_V1-main/04Sad/s4-05-01-02-60.wav	04Sad
/kaggle/input/ased-main/ASED_V1-main/05Angry/a5-04-02-01-62.wav	05Angry
/kaggle/input/ased-main/ASED_V1-main/01Neutral/n1-05-02-01-13.wav	01Neutral
/kaggle/input/ased-main/ASED_V1-main/02Fearful/f2-01-02-01-03.wav	02Fearful
/kaggle/input/ased-main/ASED_V1-main/03Happy/h3-07-01-02-60.wav	03Happy
/kaggle/input/ased-main/ASED_V1-main/05Angry/a5-05-01-02-54.wav	05Angry
/kaggle/input/ased-main/ASED_V1-main/05Angry/a5-06-02-02-04.wav	05Angry
/kaggle/input/ased-main/ASED_V1-main/02Fearful/f2-05-02-01-31.wav	02Fearful
/kaggle/input/ased-main/ASED_V1-main/05Angry/a5-06-02-02-20.wav	05Angry
/kaggle/input/ased-main/ASED_V1-main/04Sad/s4-02-01-01-47.wav	04Sad
/kaggle/input/ased-main/ASED_V1-main/03Happy/h3-05-02-01-21.wav	03Happy
/kaggle/input/ased-main/ASED_V1-main/01Neutral/n1-01-02-02-12.wav	01Neutral
/kaggle/input/ased-main/ASED_V1-main/02Fearful/f2-02-01-01-03.wav	02Fearful
/kaggle/input/ased-main/ASED_V1-main/02Fearful/f2-06-01-02-56.wav	02Fearful
/kaggle/input/ased-main/ASED_V1-main/02Fearful/f2-07-01-02-51.wav	02Fearful
/kaggle/input/ased-main/ASED_V1-main/04Sad/s4-02-01-02-02.wav	04Sad
/kaggle/input/ased-main/ASED_V1-main/03Happy/h3-05-02-01-05.wav	03Happy
/kaggle/input/ased-main/ASED_V1-main/04Sad/s4-01-01-01-09.wav	04Sad
/kaggle/input/ased-main/ASED_V1-main/04Sad/s4-05-02-02-57.wav	04Sad
/kaggle/input/ased-main/ASED_V1-main/01Neutral/n1-01-01-01-19.wav	01Neutral
/kaggle/input/ased-main/ASED_V1-main/05Angry/a5-01-02-02-14.wav	05Angry
/kaggle/input/ased-main/ASED_V1-main/02Fearful/f2-01-02-02-12.wav	02Fearful
/kaggle/input/ased-main/ASED_V1-main/01Neutral/n1-06-02-01-01.wav	01Neutral
/kaggle/input/ased-main/ASED_V1-main/05Angry/a5-04-02-02-10.wav	05Angry
/kaggle/input/ased-main/ASED_V1-main/04Sad/s4-02-01-01-11.wav	04Sad
/kaggle/input/ased-main/ASED_V1-main/02Fearful/f2-01-01-01-29.wav	02Fearful
/kaggle/input/ased-main/ASED_V1-main/05Angry/a5-06-01-02-52.wav	05Angry
/kaggle/input/ased-main/ASED_V1-main/01Neutral/n1-07-01-02-04.wav	01Neutral
/kaggle/input/ased-main/ASED_V1-main/02Fearful/f2-03-01-02-52.wav	02Fearful
/kaggle/input/ased-main/ASED_V1-main/05Angry/a5-02-02-01-19.wav	05Angry
/kaggle/input/ased-main/ASED_V1-main/01Neutral/n1-01-02-01-25.wav	01Neutral
/kaggle/input/ased-main/ASED_V1-main/01Neutral/n1-04-01-01-05.wav	01Neutral
/kaggle/input/ased-main/ASED_V1-main/01Neutral/n1-05-01-02-51.wav	01Neutral
/kaggle/input/ased-main/ASED_V1-main/01Neutral/n1-06-01-02-28.wav	01Neutral
/kaggle/input/ased-main/ASED_V1-main/02Fearful/f2-03-02-01-58.wav	02Fearful
/kaggle/input/ased-main/ASED_V1-main/04Sad/s4-05-01-02-20.wav	04Sad
/kaggle/input/ased-main/ASED_V1-main/04Sad/s4-05-02-01-01.wav	04Sad
/kaggle/input/ased-main/ASED_V1-main/03Happy/h3-03-02-02-51.wav	03Happy
/kaggle/input/ased-main/ASED_V1-main/03Happy/h3-07-02-02-30.wav	03Happy
/kaggle/input/ased-main/ASED_V1-main/02Fearful/f2-02-01-01-37.wav	02Fearful
/kaggle/input/ased-main/ASED_V1-main/03Happy/h3-03-01-02-64.wav	03Happy
/kaggle/input/ased-main/ASED_V1-main/01Neutral/n1-06-02-02-60.wav	01Neutral
/kaggle/input/ased-main/ASED_V1-main/03Happy/h3-03-01-01-05.wav	03Happy
/kaggle/input/ased-main/ASED_V1-main/01Neutral/n1-05-01-01-13.wav	01Neutral
/kaggle/input/ased-main/ASED_V1-main/04Sad/s4-03-01-02-41.wav	04Sad
/kaggle/input/ased-main/ASED_V1-main/04Sad/s4-06-02-02-57.wav	04Sad
/kaggle/input/ased-main/ASED_V1-main/04Sad/s4-04-02-02-59.wav	04Sad
/kaggle/input/ased-main/ASED_V1-main/01Neutral/n1-04-01-02-10.wav	01Neutral
/kaggle/input/ased-main/ASED_V1-main/03Happy/h3-02-02-02-30.wav	03Happy
/kaggle/input/ased-main/ASED_V1-main/05Angry/a5-01-01-02-12.wav	05Angry
/kaggle/input/ased-main/ASED_V1-main/01Neutral/n1-05-02-02-60.wav	01Neutral
/kaggle/input/ased-main/ASED_V1-main/04Sad/s4-02-02-02-41.wav	04Sad
/kaggle/input/ased-main/ASED_V1-main/02Fearful/f2-05-02-02-28.wav	02Fearful
/kaggle/input/ased-main/ASED_V1-main/04Sad/s4-03-01-01-13.wav	04Sad
/kaggle/input/ased-main/ASED_V1-main/01Neutral/n1-01-02-01-21.wav	01Neutral
/kaggle/input/ased-main/ASED_V1-main/02Fearful/f2-01-01-02-06.wav	02Fearful
/kaggle/input/ased-main/ASED_V1-main/04Sad/s4-05-02-02-56.wav	04Sad
/kaggle/input/ased-main/ASED_V1-main/02Fearful/f2-04-01-02-20.wav	02Fearful
/kaggle/input/ased-main/ASED_V1-main/04Sad/s4-07-02-01-48.wav	04Sad
/kaggle/input/ased-main/ASED_V1-main/02Fearful/f2-05-01-01-27.wav	02Fearful
/kaggle/input/ased-main/ASED_V1-main/02Fearful/f2-03-01-02-10.wav	02Fearful
/kaggle/input/ased-main/ASED_V1-main/02Fearful/f2-03-02-01-62.wav	02Fearful
/kaggle/input/ased-main/ASED_V1-main/04Sad/s4-05-01-01-29.wav	04Sad
/kaggle/input/ased-main/ASED_V1-main/04Sad/s4-05-01-02-10.wav	04Sad
/kaggle/input/ased-main/ASED_V1-main/05Angry/a5-02-02-02-38.wav	05Angry
/kaggle/input/ased-main/ASED_V1-main/02Fearful/f2-06-02-02-04.wav	02Fearful
/kaggle/input/ased-main/ASED_V1-main/04Sad/s4-03-02-01-62.wav	04Sad
/kaggle/input/ased-main/ASED_V1-main/01Neutral/n1-07-02-01-31.wav	01Neutral
/kaggle/input/ased-main/ASED_V1-main/05Angry/a5-04-01-02-63.wav	05Angry
/kaggle/input/ased-main/ASED_V1-main/01Neutral/n1-07-01-02-55.wav	01Neutral
/kaggle/input/ased-main/ASED_V1-main/01Neutral/n1-04-02-02-30.wav	01Neutral
/kaggle/input/ased-main/ASED_V1-main/03Happy/h3-03-01-02-54.wav	03Happy
/kaggle/input/ased-main/ASED_V1-main/02Fearful/f2-07-02-01-25.wav	02Fearful
/kaggle/input/ased-main/ASED_V1-main/04Sad/s4-06-01-02-06.wav	04Sad
/kaggle/input/ased-main/ASED_V1-main/01Neutral/n1-07-01-01-25.wav	01Neutral
/kaggle/input/ased-main/ASED_V1-main/04Sad/s4-01-01-01-01.wav	04Sad
/kaggle/input/ased-main/ASED_V1-main/04Sad/s4-07-01-02-51.wav	04Sad
/kaggle/input/ased-main/ASED_V1-main/05Angry/a5-02-02-02-46.wav	05Angry
/kaggle/input/ased-main/ASED_V1-main/05Angry/a5-07-02-01-25.wav	05Angry
/kaggle/input/ased-main/ASED_V1-main/04Sad/s4-05-02-01-23.wav	04Sad
/kaggle/input/ased-main/ASED_V1-main/03Happy/h3-05-01-02-06.wav	03Happy
/kaggle/input/ased-main/ASED_V1-main/03Happy/h3-01-02-02-39.wav	03Happy
/kaggle/input/ased-main/ASED_V1-main/03Happy/h3-01-02-02-41.wav	03Happy
/kaggle/input/ased-main/ASED_V1-main/05Angry/a5-04-01-02-04.wav	05Angry
/kaggle/input/ased-main/ASED_V1-main/01Neutral/n1-06-01-02-61.wav	01Neutral
/kaggle/input/ased-main/ASED_V1-main/05Angry/a5-02-02-01-13.wav	05Angry
/kaggle/input/ased-main/ASED_V1-main/03Happy/h3-01-01-02-02.wav	03Happy
/kaggle/input/ased-main/ASED_V1-main/04Sad/s4-02-01-02-39.wav	04Sad
/kaggle/input/ased-main/ASED_V1-main/02Fearful/f2-07-01-02-57.wav	02Fearful
/kaggle/input/ased-main/ASED_V1-main/05Angry/a5-01-02-01-03.wav	05Angry
/kaggle/input/ased-main/ASED_V1-main/05Angry/a5-04-01-02-26.wav	05Angry
/kaggle/input/ased-main/ASED_V1-main/03Happy/h3-04-01-02-53.wav	03Happy
/kaggle/input/ased-main/ASED_V1-main/05Angry/a5-05-02-02-06.wav	05Angry
/kaggle/input/ased-main/ASED_V1-main/01Neutral/n1-03-01-02-54.wav	01Neutral
/kaggle/input/ased-main/ASED_V1-main/03Happy/h3-04-02-01-01.wav	03Happy
/kaggle/input/ased-main/ASED_V1-main/01Neutral/n1-03-02-01-48.wav	01Neutral
/kaggle/input/ased-main/ASED_V1-main/02Fearful/f2-03-02-02-41.wav	02Fearful
/kaggle/input/ased-main/ASED_V1-main/05Angry/a5-06-01-02-57.wav	05Angry
/kaggle/input/ased-main/ASED_V1-main/02Fearful/f2-07-01-02-61.wav	02Fearful
/kaggle/input/ased-main/ASED_V1-main/02Fearful/f2-04-02-02-57.wav	02Fearful
/kaggle/input/ased-main/ASED_V1-main/02Fearful/f2-02-01-01-33.wav	02Fearful
/kaggle/input/ased-main/ASED_V1-main/04Sad/s4-01-01-01-13.wav	04Sad
/kaggle/input/ased-main/ASED_V1-main/02Fearful/f2-05-02-02-65.wav	02Fearful
/kaggle/input/ased-main/ASED_V1-main/01Neutral/n1-05-01-02-20.wav	01Neutral
/kaggle/input/ased-main/ASED_V1-main/05Angry/a5-05-02-02-52.wav	05Angry
/kaggle/input/ased-main/ASED_V1-main/03Happy/h3-03-01-02-61.wav	03Happy
/kaggle/input/ased-main/ASED_V1-main/03Happy/h3-01-01-02-30.wav	03Happy
/kaggle/input/ased-main/ASED_V1-main/01Neutral/n1-04-02-02-59.wav	01Neutral
/kaggle/input/ased-main/ASED_V1-main/04Sad/s4-06-02-02-52.wav	04Sad
/kaggle/input/ased-main/ASED_V1-main/02Fearful/f2-01-01-01-25.wav	02Fearful
/kaggle/input/ased-main/ASED_V1-main/05Angry/a5-05-01-02-65.wav	05Angry
/kaggle/input/ased-main/ASED_V1-main/01Neutral/n1-02-01-01-17.wav	01Neutral
/kaggle/input/ased-main/ASED_V1-main/05Angry/a5-03-02-02-28.wav	05Angry
/kaggle/input/ased-main/ASED_V1-main/01Neutral/n1-03-01-01-11.wav	01Neutral
/kaggle/input/ased-main/ASED_V1-main/03Happy/h3-02-01-01-09.wav	03Happy
/kaggle/input/ased-main/ASED_V1-main/01Neutral/n1-04-02-02-04.wav	01Neutral
/kaggle/input/ased-main/ASED_V1-main/01Neutral/n1-04-01-01-58.wav	01Neutral
/kaggle/input/ased-main/ASED_V1-main/01Neutral/n1-03-02-01-31.wav	01Neutral
/kaggle/input/ased-main/ASED_V1-main/02Fearful/f2-07-02-02-28.wav	02Fearful
/kaggle/input/ased-main/ASED_V1-main/01Neutral/n1-03-01-01-21.wav	01Neutral
/kaggle/input/ased-main/ASED_V1-main/05Angry/a5-03-02-02-61.wav	05Angry
/kaggle/input/ased-main/ASED_V1-main/01Neutral/n1-03-01-02-65.wav	01Neutral
/kaggle/input/ased-main/ASED_V1-main/05Angry/a5-03-01-02-59.wav	05Angry
/kaggle/input/ased-main/ASED_V1-main/04Sad/s4-04-01-02-55.wav	04Sad
/kaggle/input/ased-main/ASED_V1-main/05Angry/a5-03-02-02-41.wav	05Angry
/kaggle/input/ased-main/ASED_V1-main/04Sad/s4-06-02-02-56.wav	04Sad
/kaggle/input/ased-main/ASED_V1-main/05Angry/a5-07-01-02-10.wav	05Angry
/kaggle/input/ased-main/ASED_V1-main/05Angry/a5-06-01-02-60.wav	05Angry
/kaggle/input/ased-main/ASED_V1-main/02Fearful/f2-05-02-01-58.wav	02Fearful
/kaggle/input/ased-main/ASED_V1-main/04Sad/s4-02-01-02-32.wav	04Sad
/kaggle/input/ased-main/ASED_V1-main/02Fearful/f2-06-01-02-30.wav	02Fearful
/kaggle/input/ased-main/ASED_V1-main/05Angry/a5-07-01-01-21.wav	05Angry
/kaggle/input/ased-main/ASED_V1-main/02Fearful/f2-07-01-02-06.wav	02Fearful
/kaggle/input/ased-main/ASED_V1-main/01Neutral/n1-07-02-01-11.wav	01Neutral
/kaggle/input/ased-main/ASED_V1-main/01Neutral/n1-05-02-02-63.wav	01Neutral
/kaggle/input/ased-main/ASED_V1-main/02Fearful/f2-06-02-02-51.wav	02Fearful
/kaggle/input/ased-main/ASED_V1-main/01Neutral/n1-05-01-01-29.wav	01Neutral
/kaggle/input/ased-main/ASED_V1-main/05Angry/a5-05-02-01-48.wav	05Angry
/kaggle/input/ased-main/ASED_V1-main/02Fearful/f2-04-01-02-51.wav	02Fearful
/kaggle/input/ased-main/ASED_V1-main/03Happy/h3-03-02-02-20.wav	03Happy
/kaggle/input/ased-main/ASED_V1-main/02Fearful/f2-06-02-02-20.wav	02Fearful
/kaggle/input/ased-main/ASED_V1-main/05Angry/a5-04-02-02-06.wav	05Angry
/kaggle/input/ased-main/ASED_V1-main/05Angry/a5-01-02-02-26.wav	05Angry
/kaggle/input/ased-main/ASED_V1-main/01Neutral/n1-06-01-02-63.wav	01Neutral
/kaggle/input/ased-main/ASED_V1-main/01Neutral/n1-02-02-01-47.wav	01Neutral
/kaggle/input/ased-main/ASED_V1-main/04Sad/s4-04-02-01-13.wav	04Sad
/kaggle/input/ased-main/ASED_V1-main/02Fearful/f2-02-02-01-27.wav	02Fearful
/kaggle/input/ased-main/ASED_V1-main/01Neutral/n1-04-01-02-28.wav	01Neutral
/kaggle/input/ased-main/ASED_V1-main/01Neutral/n1-07-01-01-31.wav	01Neutral
/kaggle/input/ased-main/ASED_V1-main/03Happy/h3-03-02-02-39.wav	03Happy
/kaggle/input/ased-main/ASED_V1-main/01Neutral/n1-06-01-02-51.wav	01Neutral
/kaggle/input/ased-main/ASED_V1-main/03Happy/h3-07-01-02-51.wav	03Happy
/kaggle/input/ased-main/ASED_V1-main/04Sad/s4-05-01-02-56.wav	04Sad
/kaggle/input/ased-main/ASED_V1-main/05Angry/a5-07-01-01-48.wav	05Angry
/kaggle/input/ased-main/ASED_V1-main/02Fearful/f2-04-01-01-27.wav	02Fearful
/kaggle/input/ased-main/ASED_V1-main/02Fearful/f2-03-01-01-01.wav	02Fearful
/kaggle/input/ased-main/ASED_V1-main/05Angry/a5-06-02-02-30.wav	05Angry
/kaggle/input/ased-main/ASED_V1-main/02Fearful/f2-06-01-02-10.wav	02Fearful
/kaggle/input/ased-main/ASED_V1-main/01Neutral/n1-04-01-02-45.wav	01Neutral
/kaggle/input/ased-main/ASED_V1-main/01Neutral/n1-06-02-02-06.wav	01Neutral
/kaggle/input/ased-main/ASED_V1-main/05Angry/a5-02-01-02-32.wav	05Angry
/kaggle/input/ased-main/ASED_V1-main/01Neutral/n1-03-01-02-10.wav	01Neutral
/kaggle/input/ased-main/ASED_V1-main/03Happy/h3-07-02-01-31.wav	03Happy
/kaggle/input/ased-main/ASED_V1-main/02Fearful/f2-01-02-01-05.wav	02Fearful
/kaggle/input/ased-main/ASED_V1-main/05Angry/a5-05-01-02-63.wav	05Angry
/kaggle/input/ased-main/ASED_V1-main/02Fearful/f2-07-02-01-48.wav	02Fearful
/kaggle/input/ased-main/ASED_V1-main/02Fearful/f2-07-01-01-62.wav	02Fearful
/kaggle/input/ased-main/ASED_V1-main/05Angry/a5-03-01-02-45.wav	05Angry
/kaggle/input/ased-main/ASED_V1-main/03Happy/h3-04-01-01-25.wav	03Happy
/kaggle/input/ased-main/ASED_V1-main/05Angry/a5-07-02-01-05.wav	05Angry
/kaggle/input/ased-main/ASED_V1-main/01Neutral/n1-06-02-01-62.wav	01Neutral
/kaggle/input/ased-main/ASED_V1-main/02Fearful/f2-05-02-02-41.wav	02Fearful
/kaggle/input/ased-main/ASED_V1-main/05Angry/a5-02-01-02-41.wav	05Angry
/kaggle/input/ased-main/ASED_V1-main/02Fearful/f2-03-01-02-65.wav	02Fearful
/kaggle/input/ased-main/ASED_V1-main/04Sad/s4-02-02-02-24.wav	04Sad
/kaggle/input/ased-main/ASED_V1-main/05Angry/a5-04-01-02-51.wav	05Angry
/kaggle/input/ased-main/ASED_V1-main/04Sad/s4-06-01-02-28.wav	04Sad
/kaggle/input/ased-main/ASED_V1-main/03Happy/h3-06-02-01-23.wav	03Happy
/kaggle/input/ased-main/ASED_V1-main/05Angry/a5-04-02-01-21.wav	05Angry
/kaggle/input/ased-main/ASED_V1-main/04Sad/s4-04-01-02-64.wav	04Sad
/kaggle/input/ased-main/ASED_V1-main/01Neutral/n1-06-01-02-39.wav	01Neutral
/kaggle/input/ased-main/ASED_V1-main/01Neutral/n1-03-02-02-51.wav	01Neutral
/kaggle/input/ased-main/ASED_V1-main/01Neutral/n1-03-01-02-26.wav	01Neutral
/kaggle/input/ased-main/ASED_V1-main/05Angry/a5-02-02-02-26.wav	05Angry
/kaggle/input/ased-main/ASED_V1-main/04Sad/s4-07-02-02-52.wav	04Sad
/kaggle/input/ased-main/ASED_V1-main/02Fearful/f2-03-01-01-29.wav	02Fearful
/kaggle/input/ased-main/ASED_V1-main/04Sad/s4-06-02-02-45.wav	04Sad
/kaggle/input/ased-main/ASED_V1-main/04Sad/s4-04-01-02-39.wav	04Sad
/kaggle/input/ased-main/ASED_V1-main/01Neutral/n1-04-02-01-62.wav	01Neutral
/kaggle/input/ased-main/ASED_V1-main/02Fearful/f2-04-02-02-04.wav	02Fearful
/kaggle/input/ased-main/ASED_V1-main/04Sad/s4-03-01-02-61.wav	04Sad
/kaggle/input/ased-main/ASED_V1-main/05Angry/a5-06-02-02-50.wav	05Angry
/kaggle/input/ased-main/ASED_V1-main/04Sad/s4-07-02-01-05.wav	04Sad
/kaggle/input/ased-main/ASED_V1-main/02Fearful/f2-06-01-02-50.wav	02Fearful
/kaggle/input/ased-main/ASED_V1-main/02Fearful/f2-07-02-02-21.wav	02Fearful
/kaggle/input/ased-main/ASED_V1-main/01Neutral/n1-04-02-01-58.wav	01Neutral
/kaggle/input/ased-main/ASED_V1-main/03Happy/h3-05-01-01-29.wav	03Happy
/kaggle/input/ased-main/ASED_V1-main/01Neutral/n1-06-01-02-56.wav	01Neutral
/kaggle/input/ased-main/ASED_V1-main/03Happy/h3-07-01-02-45.wav	03Happy
/kaggle/input/ased-main/ASED_V1-main/04Sad/s4-07-02-02-61.wav	04Sad
/kaggle/input/ased-main/ASED_V1-main/01Neutral/n1-05-01-01-31.wav	01Neutral
/kaggle/input/ased-main/ASED_V1-main/03Happy/h3-07-01-01-13.wav	03Happy
/kaggle/input/ased-main/ASED_V1-main/04Sad/s4-05-02-02-45.wav	04Sad
/kaggle/input/ased-main/ASED_V1-main/05Angry/a5-04-01-02-28.wav	05Angry
/kaggle/input/ased-main/ASED_V1-main/03Happy/h3-02-01-01-33.wav	03Happy
/kaggle/input/ased-main/ASED_V1-main/01Neutral/n1-06-01-01-11.wav	01Neutral
/kaggle/input/ased-main/ASED_V1-main/03Happy/h3-01-02-02-06.wav	03Happy
/kaggle/input/ased-main/ASED_V1-main/02Fearful/f2-01-01-01-31.wav	02Fearful
/kaggle/input/ased-main/ASED_V1-main/04Sad/s4-05-01-02-06.wav	04Sad
/kaggle/input/ased-main/ASED_V1-main/03Happy/h3-02-01-01-15.wav	03Happy
/kaggle/input/ased-main/ASED_V1-main/04Sad/s4-05-02-01-21.wav	04Sad
/kaggle/input/ased-main/ASED_V1-main/02Fearful/f2-07-02-02-39.wav	02Fearful
/kaggle/input/ased-main/ASED_V1-main/01Neutral/n1-05-01-02-45.wav	01Neutral
/kaggle/input/ased-main/ASED_V1-main/02Fearful/f2-01-02-02-10.wav	02Fearful
/kaggle/input/ased-main/ASED_V1-main/01Neutral/n1-05-02-01-31.wav	01Neutral
/kaggle/input/ased-main/ASED_V1-main/02Fearful/f2-07-02-01-11.wav	02Fearful
/kaggle/input/ased-main/ASED_V1-main/04Sad/s4-06-01-02-65.wav	04Sad
/kaggle/input/ased-main/ASED_V1-main/05Angry/a5-03-02-02-65.wav	05Angry
/kaggle/input/ased-main/ASED_V1-main/03Happy/h3-07-02-02-64.wav	03Happy
/kaggle/input/ased-main/ASED_V1-main/05Angry/a5-05-02-02-56.wav	05Angry
/kaggle/input/ased-main/ASED_V1-main/02Fearful/f2-02-02-01-37.wav	02Fearful
/kaggle/input/ased-main/ASED_V1-main/02Fearful/f2-07-01-02-28.wav	02Fearful
/kaggle/input/ased-main/ASED_V1-main/03Happy/h3-05-02-01-48.wav	03Happy
/kaggle/input/ased-main/ASED_V1-main/05Angry/a5-02-01-02-12.wav	05Angry
/kaggle/input/ased-main/ASED_V1-main/01Neutral/n1-03-02-01-23.wav	01Neutral
/kaggle/input/ased-main/ASED_V1-main/01Neutral/n1-01-01-01-03.wav	01Neutral
/kaggle/input/ased-main/ASED_V1-main/02Fearful/f2-01-02-02-06.wav	02Fearful
/kaggle/input/ased-main/ASED_V1-main/01Neutral/n1-04-01-02-51.wav	01Neutral
/kaggle/input/ased-main/ASED_V1-main/02Fearful/f2-05-02-02-57.wav	02Fearful
/kaggle/input/ased-main/ASED_V1-main/03Happy/h3-02-02-01-19.wav	03Happy
/kaggle/input/ased-main/ASED_V1-main/05Angry/a5-07-02-02-63.wav	05Angry
/kaggle/input/ased-main/ASED_V1-main/04Sad/s4-02-02-01-29.wav	04Sad
/kaggle/input/ased-main/ASED_V1-main/03Happy/h3-05-01-02-39.wav	03Happy
/kaggle/input/ased-main/ASED_V1-main/02Fearful/f2-07-01-02-56.wav	02Fearful
/kaggle/input/ased-main/ASED_V1-main/05Angry/a5-03-02-02-52.wav	05Angry
/kaggle/input/ased-main/ASED_V1-main/01Neutral/n1-02-02-02-34.wav	01Neutral
/kaggle/input/ased-main/ASED_V1-main/05Angry/a5-02-01-01-19.wav	05Angry
/kaggle/input/ased-main/ASED_V1-main/01Neutral/n1-06-02-02-63.wav	01Neutral
/kaggle/input/ased-main/ASED_V1-main/05Angry/a5-07-02-02-26.wav	05Angry
/kaggle/input/ased-main/ASED_V1-main/03Happy/h3-02-01-01-05.wav	03Happy
/kaggle/input/ased-main/ASED_V1-main/05Angry/a5-07-02-02-45.wav	05Angry
/kaggle/input/ased-main/ASED_V1-main/03Happy/h3-03-02-02-54.wav	03Happy
/kaggle/input/ased-main/ASED_V1-main/02Fearful/f2-03-01-02-26.wav	02Fearful
/kaggle/input/ased-main/ASED_V1-main/03Happy/h3-01-02-01-43.wav	03Happy
/kaggle/input/ased-main/ASED_V1-main/03Happy/h3-05-02-02-20.wav	03Happy
/kaggle/input/ased-main/ASED_V1-main/03Happy/h3-01-01-02-18.wav	03Happy
/kaggle/input/ased-main/ASED_V1-main/04Sad/s4-03-02-02-59.wav	04Sad
/kaggle/input/ased-main/ASED_V1-main/02Fearful/f2-06-02-01-21.wav	02Fearful
/kaggle/input/ased-main/ASED_V1-main/03Happy/h3-06-02-02-41.wav	03Happy
/kaggle/input/ased-main/ASED_V1-main/05Angry/a5-04-02-02-52.wav	05Angry
/kaggle/input/ased-main/ASED_V1-main/03Happy/h3-03-02-01-48.wav	03Happy
/kaggle/input/ased-main/ASED_V1-main/03Happy/h3-03-02-02-55.wav	03Happy
/kaggle/input/ased-main/ASED_V1-main/02Fearful/f2-04-02-02-65.wav	02Fearful
/kaggle/input/ased-main/ASED_V1-main/03Happy/h3-03-02-02-26.wav	03Happy
/kaggle/input/ased-main/ASED_V1-main/04Sad/s4-03-01-01-29.wav	04Sad
/kaggle/input/ased-main/ASED_V1-main/05Angry/a5-04-02-01-58.wav	05Angry
/kaggle/input/ased-main/ASED_V1-main/01Neutral/n1-07-01-02-45.wav	01Neutral
/kaggle/input/ased-main/ASED_V1-main/05Angry/a5-05-02-01-27.wav	05Angry
/kaggle/input/ased-main/ASED_V1-main/01Neutral/n1-05-02-02-04.wav	01Neutral
/kaggle/input/ased-main/ASED_V1-main/03Happy/h3-07-02-01-48.wav	03Happy
/kaggle/input/ased-main/ASED_V1-main/02Fearful/f2-04-01-02-39.wav	02Fearful
/kaggle/input/ased-main/ASED_V1-main/05Angry/a5-05-01-02-56.wav	05Angry
/kaggle/input/ased-main/ASED_V1-main/01Neutral/n1-03-02-02-52.wav	01Neutral
/kaggle/input/ased-main/ASED_V1-main/01Neutral/n1-06-02-02-04.wav	01Neutral
/kaggle/input/ased-main/ASED_V1-main/04Sad/s4-06-02-02-06.wav	04Sad
/kaggle/input/ased-main/ASED_V1-main/02Fearful/f2-04-02-02-60.wav	02Fearful
/kaggle/input/ased-main/ASED_V1-main/01Neutral/n1-05-02-01-11.wav	01Neutral
/kaggle/input/ased-main/ASED_V1-main/02Fearful/f2-05-01-02-60.wav	02Fearful
/kaggle/input/ased-main/ASED_V1-main/04Sad/s4-05-01-02-53.wav	04Sad
/kaggle/input/ased-main/ASED_V1-main/01Neutral/n1-06-02-02-45.wav	01Neutral
/kaggle/input/ased-main/ASED_V1-main/05Angry/a5-05-02-02-65.wav	05Angry
/kaggle/input/ased-main/ASED_V1-main/05Angry/a5-05-02-02-41.wav	05Angry
/kaggle/input/ased-main/ASED_V1-main/04Sad/s4-06-02-02-28.wav	04Sad
/kaggle/input/ased-main/ASED_V1-main/05Angry/a5-06-02-01-58.wav	05Angry
/kaggle/input/ased-main/ASED_V1-main/03Happy/h3-03-01-02-50.wav	03Happy
/kaggle/input/ased-main/ASED_V1-main/01Neutral/n1-05-01-02-59.wav	01Neutral
/kaggle/input/ased-main/ASED_V1-main/03Happy/h3-04-01-02-55.wav	03Happy
/kaggle/input/ased-main/ASED_V1-main/02Fearful/f2-04-01-02-53.wav	02Fearful
/kaggle/input/ased-main/ASED_V1-main/05Angry/a5-03-01-01-62.wav	05Angry
/kaggle/input/ased-main/ASED_V1-main/04Sad/s4-07-01-01-05.wav	04Sad
/kaggle/input/ased-main/ASED_V1-main/01Neutral/n1-07-01-02-63.wav	01Neutral
/kaggle/input/ased-main/ASED_V1-main/05Angry/a5-04-02-02-57.wav	05Angry
/kaggle/input/ased-main/ASED_V1-main/04Sad/s4-06-02-02-20.wav	04Sad
/kaggle/input/ased-main/ASED_V1-main/03Happy/h3-03-02-01-11.wav	03Happy
/kaggle/input/ased-main/ASED_V1-main/03Happy/h3-06-01-01-62.wav	03Happy
/kaggle/input/ased-main/ASED_V1-main/03Happy/h3-01-02-01-05.wav	03Happy
/kaggle/input/ased-main/ASED_V1-main/01Neutral/n1-04-02-02-56.wav	01Neutral
/kaggle/input/ased-main/ASED_V1-main/04Sad/s4-02-01-01-13.wav	04Sad
/kaggle/input/ased-main/ASED_V1-main/05Angry/a5-02-01-01-47.wav	05Angry
/kaggle/input/ased-main/ASED_V1-main/04Sad/s4-03-01-01-62.wav	04Sad
/kaggle/input/ased-main/ASED_V1-main/03Happy/h3-03-01-02-10.wav	03Happy
/kaggle/input/ased-main/ASED_V1-main/05Angry/a5-01-01-02-28.wav	05Angry
/kaggle/input/ased-main/ASED_V1-main/04Sad/s4-03-01-01-48.wav	04Sad
/kaggle/input/ased-main/ASED_V1-main/02Fearful/f2-07-02-02-51.wav	02Fearful
/kaggle/input/ased-main/ASED_V1-main/02Fearful/f2-04-02-02-30.wav	02Fearful
/kaggle/input/ased-main/ASED_V1-main/01Neutral/n1-05-02-02-65.wav	01Neutral
/kaggle/input/ased-main/ASED_V1-main/05Angry/a5-03-01-02-57.wav	05Angry
/kaggle/input/ased-main/ASED_V1-main/04Sad/s4-03-02-01-25.wav	04Sad
/kaggle/input/ased-main/ASED_V1-main/01Neutral/n1-06-02-02-51.wav	01Neutral
/kaggle/input/ased-main/ASED_V1-main/02Fearful/f2-07-01-02-64.wav	02Fearful
/kaggle/input/ased-main/ASED_V1-main/01Neutral/n1-01-01-02-04.wav	01Neutral
/kaggle/input/ased-main/ASED_V1-main/03Happy/h3-04-02-02-53.wav	03Happy
/kaggle/input/ased-main/ASED_V1-main/04Sad/s4-07-02-01-25.wav	04Sad
/kaggle/input/ased-main/ASED_V1-main/05Angry/a5-05-01-01-21.wav	05Angry
/kaggle/input/ased-main/ASED_V1-main/01Neutral/n1-05-02-01-62.wav	01Neutral
/kaggle/input/ased-main/ASED_V1-main/05Angry/a5-03-01-01-13.wav	05Angry
/kaggle/input/ased-main/ASED_V1-main/04Sad/s4-07-02-01-29.wav	04Sad
/kaggle/input/ased-main/ASED_V1-main/01Neutral/n1-02-02-02-22.wav	01Neutral
/kaggle/input/ased-main/ASED_V1-main/05Angry/a5-05-01-02-45.wav	05Angry
/kaggle/input/ased-main/ASED_V1-main/04Sad/s4-05-02-02-41.wav	04Sad
/kaggle/input/ased-main/ASED_V1-main/03Happy/h3-06-01-02-39.wav	03Happy
/kaggle/input/ased-main/ASED_V1-main/05Angry/a5-07-02-02-61.wav	05Angry
/kaggle/input/ased-main/ASED_V1-main/04Sad/s4-05-02-02-04.wav	04Sad
/kaggle/input/ased-main/ASED_V1-main/05Angry/a5-07-02-01-27.wav	05Angry
/kaggle/input/ased-main/ASED_V1-main/03Happy/h3-06-02-02-65.wav	03Happy
/kaggle/input/ased-main/ASED_V1-main/02Fearful/f2-04-01-01-31.wav	02Fearful
/kaggle/input/ased-main/ASED_V1-main/05Angry/a5-04-02-02-04.wav	05Angry
/kaggle/input/ased-main/ASED_V1-main/02Fearful/f2-03-01-02-63.wav	02Fearful
/kaggle/input/ased-main/ASED_V1-main/03Happy/h3-06-01-02-06.wav	03Happy
/kaggle/input/ased-main/ASED_V1-main/02Fearful/f2-01-01-02-44.wav	02Fearful
/kaggle/input/ased-main/ASED_V1-main/05Angry/a5-07-02-01-58.wav	05Angry
/kaggle/input/ased-main/ASED_V1-main/01Neutral/n1-04-01-02-60.wav	01Neutral
/kaggle/input/ased-main/ASED_V1-main/01Neutral/n1-01-02-02-08.wav	01Neutral
/kaggle/input/ased-main/ASED_V1-main/04Sad/s4-05-02-02-54.wav	04Sad
/kaggle/input/ased-main/ASED_V1-main/02Fearful/f2-07-02-01-58.wav	02Fearful
/kaggle/input/ased-main/ASED_V1-main/01Neutral/n1-04-02-02-28.wav	01Neutral
/kaggle/input/ased-main/ASED_V1-main/05Angry/a5-03-01-01-27.wav	05Angry
/kaggle/input/ased-main/ASED_V1-main/02Fearful/f2-02-02-02-18.wav	02Fearful
/kaggle/input/ased-main/ASED_V1-main/05Angry/a5-03-01-02-55.wav	05Angry
/kaggle/input/ased-main/ASED_V1-main/05Angry/a5-07-02-02-06.wav	05Angry
/kaggle/input/ased-main/ASED_V1-main/02Fearful/f2-02-02-01-19.wav	02Fearful
/kaggle/input/ased-main/ASED_V1-main/02Fearful/f2-07-01-01-23.wav	02Fearful
/kaggle/input/ased-main/ASED_V1-main/04Sad/s4-06-02-01-27.wav	04Sad
/kaggle/input/ased-main/ASED_V1-main/04Sad/s4-04-02-01-58.wav	04Sad
/kaggle/input/ased-main/ASED_V1-main/02Fearful/f2-04-02-01-23.wav	02Fearful
/kaggle/input/ased-main/ASED_V1-main/02Fearful/f2-05-01-02-59.wav	02Fearful
/kaggle/input/ased-main/ASED_V1-main/03Happy/h3-04-02-01-13.wav	03Happy
/kaggle/input/ased-main/ASED_V1-main/03Happy/h3-07-02-02-28.wav	03Happy
/kaggle/input/ased-main/ASED_V1-main/02Fearful/f2-02-02-01-17.wav	02Fearful
/kaggle/input/ased-main/ASED_V1-main/05Angry/a5-02-02-01-05.wav	05Angry
/kaggle/input/ased-main/ASED_V1-main/02Fearful/f2-03-01-01-23.wav	02Fearful
/kaggle/input/ased-main/ASED_V1-main/03Happy/h3-03-01-02-45.wav	03Happy
/kaggle/input/ased-main/ASED_V1-main/01Neutral/n1-06-02-01-23.wav	01Neutral
/kaggle/input/ased-main/ASED_V1-main/03Happy/h3-05-01-01-11.wav	03Happy
/kaggle/input/ased-main/ASED_V1-main/05Angry/a5-02-02-02-02.wav	05Angry
/kaggle/input/ased-main/ASED_V1-main/01Neutral/n1-01-02-01-15.wav	01Neutral
/kaggle/input/ased-main/ASED_V1-main/05Angry/a5-04-01-02-59.wav	05Angry
/kaggle/input/ased-main/ASED_V1-main/01Neutral/n1-05-01-02-57.wav	01Neutral
/kaggle/input/ased-main/ASED_V1-main/01Neutral/n1-04-02-02-64.wav	01Neutral
/kaggle/input/ased-main/ASED_V1-main/04Sad/s4-04-01-01-01.wav	04Sad
/kaggle/input/ased-main/ASED_V1-main/05Angry/a5-02-02-01-25.wav	05Angry
/kaggle/input/ased-main/ASED_V1-main/04Sad/s4-05-01-02-26.wav	04Sad
/kaggle/input/ased-main/ASED_V1-main/02Fearful/f2-07-02-02-52.wav	02Fearful
/kaggle/input/ased-main/ASED_V1-main/03Happy/h3-03-02-02-65.wav	03Happy
/kaggle/input/ased-main/ASED_V1-main/02Fearful/f2-01-02-01-43.wav	02Fearful
/kaggle/input/ased-main/ASED_V1-main/01Neutral/n1-05-02-02-54.wav	01Neutral
/kaggle/input/ased-main/ASED_V1-main/04Sad/s4-05-02-02-65.wav	04Sad
/kaggle/input/ased-main/ASED_V1-main/01Neutral/n1-06-02-02-59.wav	01Neutral
/kaggle/input/ased-main/ASED_V1-main/04Sad/s4-07-02-02-06.wav	04Sad
/kaggle/input/ased-main/ASED_V1-main/05Angry/a5-06-01-02-28.wav	05Angry
/kaggle/input/ased-main/ASED_V1-main/02Fearful/f2-01-01-02-04.wav	02Fearful
/kaggle/input/ased-main/ASED_V1-main/03Happy/h3-07-01-01-23.wav	03Happy
/kaggle/input/ased-main/ASED_V1-main/05Angry/a5-07-01-01-05.wav	05Angry
/kaggle/input/ased-main/ASED_V1-main/04Sad/s4-03-01-01-05.wav	04Sad
/kaggle/input/ased-main/ASED_V1-main/02Fearful/f2-07-01-02-60.wav	02Fearful
/kaggle/input/ased-main/ASED_V1-main/03Happy/h3-07-02-02-61.wav	03Happy
/kaggle/input/ased-main/ASED_V1-main/03Happy/h3-07-01-02-04.wav	03Happy
/kaggle/input/ased-main/ASED_V1-main/01Neutral/n1-07-02-02-50.wav	01Neutral
/kaggle/input/ased-main/ASED_V1-main/02Fearful/f2-04-01-02-06.wav	02Fearful
/kaggle/input/ased-main/ASED_V1-main/02Fearful/f2-04-02-02-55.wav	02Fearful
/kaggle/input/ased-main/ASED_V1-main/02Fearful/f2-06-01-02-53.wav	02Fearful
/kaggle/input/ased-main/ASED_V1-main/02Fearful/f2-02-02-02-04.wav	02Fearful
/kaggle/input/ased-main/ASED_V1-main/01Neutral/n1-02-01-02-38.wav	01Neutral
/kaggle/input/ased-main/ASED_V1-main/01Neutral/n1-07-01-01-62.wav	01Neutral
/kaggle/input/ased-main/ASED_V1-main/03Happy/h3-02-02-02-28.wav	03Happy
/kaggle/input/ased-main/ASED_V1-main/04Sad/s4-03-01-02-45.wav	04Sad
/kaggle/input/ased-main/ASED_V1-main/01Neutral/n1-01-02-01-05.wav	01Neutral
/kaggle/input/ased-main/ASED_V1-main/04Sad/s4-03-02-02-04.wav	04Sad
/kaggle/input/ased-main/ASED_V1-main/05Angry/a5-07-02-02-54.wav	05Angry
/kaggle/input/ased-main/ASED_V1-main/02Fearful/f2-04-01-02-45.wav	02Fearful
/kaggle/input/ased-main/ASED_V1-main/04Sad/s4-07-02-01-13.wav	04Sad
/kaggle/input/ased-main/ASED_V1-main/04Sad/s4-04-01-02-50.wav	04Sad
/kaggle/input/ased-main/ASED_V1-main/05Angry/a5-03-02-02-06.wav	05Angry
/kaggle/input/ased-main/ASED_V1-main/02Fearful/f2-03-01-01-21.wav	02Fearful
/kaggle/input/ased-main/ASED_V1-main/04Sad/s4-06-01-02-61.wav	04Sad
/kaggle/input/ased-main/ASED_V1-main/01Neutral/n1-05-02-01-23.wav	01Neutral
/kaggle/input/ased-main/ASED_V1-main/05Angry/a5-02-01-01-01.wav	05Angry
/kaggle/input/ased-main/ASED_V1-main/04Sad/s4-06-02-01-58.wav	04Sad
/kaggle/input/ased-main/ASED_V1-main/01Neutral/n1-04-01-01-27.wav	01Neutral
/kaggle/input/ased-main/ASED_V1-main/05Angry/a5-01-02-01-27.wav	05Angry
/kaggle/input/ased-main/ASED_V1-main/04Sad/s4-02-02-01-27.wav	04Sad
/kaggle/input/ased-main/ASED_V1-main/02Fearful/f2-03-01-02-28.wav	02Fearful
/kaggle/input/ased-main/ASED_V1-main/02Fearful/f2-02-02-02-36.wav	02Fearful
/kaggle/input/ased-main/ASED_V1-main/03Happy/h3-05-02-02-26.wav	03Happy
/kaggle/input/ased-main/ASED_V1-main/02Fearful/f2-03-02-02-53.wav	02Fearful
/kaggle/input/ased-main/ASED_V1-main/03Happy/h3-02-01-02-06.wav	03Happy
/kaggle/input/ased-main/ASED_V1-main/05Angry/a5-06-01-02-41.wav	05Angry
/kaggle/input/ased-main/ASED_V1-main/01Neutral/n1-05-02-01-21.wav	01Neutral
/kaggle/input/ased-main/ASED_V1-main/04Sad/s4-02-01-02-28.wav	04Sad
/kaggle/input/ased-main/ASED_V1-main/01Neutral/n1-03-01-02-57.wav	01Neutral
/kaggle/input/ased-main/ASED_V1-main/01Neutral/n1-06-01-02-45.wav	01Neutral
/kaggle/input/ased-main/ASED_V1-main/05Angry/a5-01-02-01-05.wav	05Angry
/kaggle/input/ased-main/ASED_V1-main/03Happy/h3-07-02-01-13.wav	03Happy
/kaggle/input/ased-main/ASED_V1-main/01Neutral/n1-07-01-01-11.wav	01Neutral
/kaggle/input/ased-main/ASED_V1-main/04Sad/s4-04-01-02-10.wav	04Sad
/kaggle/input/ased-main/ASED_V1-main/05Angry/a5-05-02-02-28.wav	05Angry
/kaggle/input/ased-main/ASED_V1-main/04Sad/s4-01-01-01-03.wav	04Sad
/kaggle/input/ased-main/ASED_V1-main/02Fearful/f2-04-02-02-06.wav	02Fearful
/kaggle/input/ased-main/ASED_V1-main/01Neutral/n1-02-01-02-32.wav	01Neutral
/kaggle/input/ased-main/ASED_V1-main/01Neutral/n1-04-01-02-53.wav	01Neutral
/kaggle/input/ased-main/ASED_V1-main/04Sad/s4-06-01-02-41.wav	04Sad
/kaggle/input/ased-main/ASED_V1-main/02Fearful/f2-06-01-01-05.wav	02Fearful
/kaggle/input/ased-main/ASED_V1-main/02Fearful/f2-04-02-02-45.wav	02Fearful
/kaggle/input/ased-main/ASED_V1-main/03Happy/h3-02-01-02-32.wav	03Happy
/kaggle/input/ased-main/ASED_V1-main/05Angry/a5-03-02-02-30.wav	05Angry
/kaggle/input/ased-main/ASED_V1-main/02Fearful/f2-02-02-01-15.wav	02Fearful
/kaggle/input/ased-main/ASED_V1-main/02Fearful/f2-05-01-02-61.wav	02Fearful
/kaggle/input/ased-main/ASED_V1-main/05Angry/a5-01-01-01-13.wav	05Angry
/kaggle/input/ased-main/ASED_V1-main/02Fearful/f2-07-01-02-30.wav	02Fearful
/kaggle/input/ased-main/ASED_V1-main/05Angry/a5-06-01-02-50.wav	05Angry
/kaggle/input/ased-main/ASED_V1-main/02Fearful/f2-06-01-01-27.wav	02Fearful
/kaggle/input/ased-main/ASED_V1-main/03Happy/h3-03-02-01-05.wav	03Happy
/kaggle/input/ased-main/ASED_V1-main/05Angry/a5-07-01-02-59.wav	05Angry
/kaggle/input/ased-main/ASED_V1-main/04Sad/s4-07-02-02-57.wav	04Sad
/kaggle/input/ased-main/ASED_V1-main/02Fearful/f2-07-02-02-63.wav	02Fearful
/kaggle/input/ased-main/ASED_V1-main/01Neutral/n1-06-01-02-20.wav	01Neutral
/kaggle/input/ased-main/ASED_V1-main/05Angry/a5-07-01-01-27.wav	05Angry
/kaggle/input/ased-main/ASED_V1-main/05Angry/a5-04-02-02-26.wav	05Angry
/kaggle/input/ased-main/ASED_V1-main/01Neutral/n1-07-02-02-64.wav	01Neutral
/kaggle/input/ased-main/ASED_V1-main/05Angry/a5-07-01-02-54.wav	05Angry
/kaggle/input/ased-main/ASED_V1-main/02Fearful/f2-05-01-02-64.wav	02Fearful
/kaggle/input/ased-main/ASED_V1-main/01Neutral/n1-01-02-02-06.wav	01Neutral
/kaggle/input/ased-main/ASED_V1-main/03Happy/h3-01-01-01-15.wav	03Happy
/kaggle/input/ased-main/ASED_V1-main/02Fearful/f2-02-01-01-21.wav	02Fearful
/kaggle/input/ased-main/ASED_V1-main/05Angry/a5-02-01-02-18.wav	05Angry
/kaggle/input/ased-main/ASED_V1-main/01Neutral/n1-02-02-01-07.wav	01Neutral
/kaggle/input/ased-main/ASED_V1-main/02Fearful/f2-06-02-01-29.wav	02Fearful
/kaggle/input/ased-main/ASED_V1-main/03Happy/h3-07-01-01-29.wav	03Happy
/kaggle/input/ased-main/ASED_V1-main/04Sad/s4-07-01-01-23.wav	04Sad
/kaggle/input/ased-main/ASED_V1-main/04Sad/s4-05-02-01-58.wav	04Sad
/kaggle/input/ased-main/ASED_V1-main/04Sad/s4-04-01-02-45.wav	04Sad
/kaggle/input/ased-main/ASED_V1-main/01Neutral/n1-06-01-01-58.wav	01Neutral
/kaggle/input/ased-main/ASED_V1-main/02Fearful/f2-04-01-01-13.wav	02Fearful
/kaggle/input/ased-main/ASED_V1-main/04Sad/s4-07-02-02-45.wav	04Sad
/kaggle/input/ased-main/ASED_V1-main/03Happy/h3-01-01-01-43.wav	03Happy
/kaggle/input/ased-main/ASED_V1-main/02Fearful/f2-02-01-01-17.wav	02Fearful
/kaggle/input/ased-main/ASED_V1-main/05Angry/a5-02-01-01-37.wav	05Angry
/kaggle/input/ased-main/ASED_V1-main/05Angry/a5-02-02-02-30.wav	05Angry
/kaggle/input/ased-main/ASED_V1-main/03Happy/h3-04-02-01-05.wav	03Happy
/kaggle/input/ased-main/ASED_V1-main/02Fearful/f2-02-01-01-47.wav	02Fearful
/kaggle/input/ased-main/ASED_V1-main/04Sad/s4-03-01-02-60.wav	04Sad
/kaggle/input/ased-main/ASED_V1-main/04Sad/s4-01-01-02-14.wav	04Sad
/kaggle/input/ased-main/ASED_V1-main/05Angry/a5-05-02-02-50.wav	05Angry
/kaggle/working//train_aug_0_0.wav	03Happy
/kaggle/working//train_aug_0_1.wav	03Happy
/kaggle/working//train_aug_0_2.wav	03Happy
/kaggle/working//train_aug_0_3.wav	03Happy
/kaggle/working//train_aug_1_0.wav	04Sad
/kaggle/working//train_aug_1_1.wav	04Sad
/kaggle/working//train_aug_1_2.wav	04Sad
/kaggle/working//train_aug_1_3.wav	04Sad
/kaggle/working//train_aug_2_0.wav	03Happy
/kaggle/working//train_aug_2_1.wav	03Happy
/kaggle/working//train_aug_2_2.wav	03Happy
/kaggle/working//train_aug_2_3.wav	03Happy
/kaggle/working//train_aug_3_0.wav	01Neutral
/kaggle/working//train_aug_3_1.wav	01Neutral
/kaggle/working//train_aug_3_2.wav	01Neutral
/kaggle/working//train_aug_3_3.wav	01Neutral
/kaggle/working//train_aug_4_0.wav	04Sad
/kaggle/working//train_aug_4_1.wav	04Sad
/kaggle/working//train_aug_4_2.wav	04Sad
/kaggle/working//train_aug_4_3.wav	04Sad
/kaggle/working//train_aug_5_0.wav	03Happy
/kaggle/working//train_aug_5_1.wav	03Happy
/kaggle/working//train_aug_5_2.wav	03Happy
/kaggle/working//train_aug_5_3.wav	03Happy
/kaggle/working//train_aug_6_0.wav	04Sad
/kaggle/working//train_aug_6_1.wav	04Sad
/kaggle/working//train_aug_6_2.wav	04Sad
/kaggle/working//train_aug_6_3.wav	04Sad
/kaggle/working//train_aug_7_0.wav	01Neutral
/kaggle/working//train_aug_7_1.wav	01Neutral
/kaggle/working//train_aug_7_2.wav	01Neutral
/kaggle/working//train_aug_7_3.wav	01Neutral
/kaggle/working//train_aug_8_0.wav	03Happy
/kaggle/working//train_aug_8_1.wav	03Happy
/kaggle/working//train_aug_8_2.wav	03Happy
/kaggle/working//train_aug_8_3.wav	03Happy
/kaggle/working//train_aug_9_0.wav	03Happy
/kaggle/working//train_aug_9_1.wav	03Happy
/kaggle/working//train_aug_9_2.wav	03Happy
/kaggle/working//train_aug_9_3.wav	03Happy
/kaggle/working//train_aug_10_0.wav	04Sad
/kaggle/working//train_aug_10_1.wav	04Sad
/kaggle/working//train_aug_10_2.wav	04Sad
/kaggle/working//train_aug_10_3.wav	04Sad
/kaggle/working//train_aug_11_0.wav	05Angry
/kaggle/working//train_aug_11_1.wav	05Angry
/kaggle/working//train_aug_11_2.wav	05Angry
/kaggle/working//train_aug_11_3.wav	05Angry
/kaggle/working//train_aug_12_0.wav	05Angry
/kaggle/working//train_aug_12_1.wav	05Angry
/kaggle/working//train_aug_12_2.wav	05Angry
/kaggle/working//train_aug_12_3.wav	05Angry
/kaggle/working//train_aug_13_0.wav	01Neutral
/kaggle/working//train_aug_13_1.wav	01Neutral
/kaggle/working//train_aug_13_2.wav	01Neutral
/kaggle/working//train_aug_13_3.wav	01Neutral
/kaggle/working//train_aug_14_0.wav	05Angry
/kaggle/working//train_aug_14_1.wav	05Angry
/kaggle/working//train_aug_14_2.wav	05Angry
/kaggle/working//train_aug_14_3.wav	05Angry
/kaggle/working//train_aug_15_0.wav	04Sad
/kaggle/working//train_aug_15_1.wav	04Sad
/kaggle/working//train_aug_15_2.wav	04Sad
/kaggle/working//train_aug_15_3.wav	04Sad
/kaggle/working//train_aug_16_0.wav	02Fearful
/kaggle/working//train_aug_16_1.wav	02Fearful
/kaggle/working//train_aug_16_2.wav	02Fearful
/kaggle/working//train_aug_16_3.wav	02Fearful
/kaggle/working//train_aug_17_0.wav	02Fearful
/kaggle/working//train_aug_17_1.wav	02Fearful
/kaggle/working//train_aug_17_2.wav	02Fearful
/kaggle/working//train_aug_17_3.wav	02Fearful
/kaggle/working//train_aug_18_0.wav	05Angry
/kaggle/working//train_aug_18_1.wav	05Angry
/kaggle/working//train_aug_18_2.wav	05Angry
/kaggle/working//train_aug_18_3.wav	05Angry
/kaggle/working//train_aug_19_0.wav	02Fearful
/kaggle/working//train_aug_19_1.wav	02Fearful
/kaggle/working//train_aug_19_2.wav	02Fearful
/kaggle/working//train_aug_19_3.wav	02Fearful
/kaggle/working//train_aug_20_0.wav	03Happy
/kaggle/working//train_aug_20_1.wav	03Happy
/kaggle/working//train_aug_20_2.wav	03Happy
/kaggle/working//train_aug_20_3.wav	03Happy
/kaggle/working//train_aug_21_0.wav	04Sad
/kaggle/working//train_aug_21_1.wav	04Sad
/kaggle/working//train_aug_21_2.wav	04Sad
/kaggle/working//train_aug_21_3.wav	04Sad
/kaggle/working//train_aug_22_0.wav	04Sad
/kaggle/working//train_aug_22_1.wav	04Sad
/kaggle/working//train_aug_22_2.wav	04Sad
/kaggle/working//train_aug_22_3.wav	04Sad
/kaggle/working//train_aug_23_0.wav	02Fearful
/kaggle/working//train_aug_23_1.wav	02Fearful
/kaggle/working//train_aug_23_2.wav	02Fearful
/kaggle/working//train_aug_23_3.wav	02Fearful
/kaggle/working//train_aug_24_0.wav	05Angry
/kaggle/working//train_aug_24_1.wav	05Angry
/kaggle/working//train_aug_24_2.wav	05Angry
/kaggle/working//train_aug_24_3.wav	05Angry
/kaggle/working//train_aug_25_0.wav	05Angry
/kaggle/working//train_aug_25_1.wav	05Angry
/kaggle/working//train_aug_25_2.wav	05Angry
/kaggle/working//train_aug_25_3.wav	05Angry
/kaggle/working//train_aug_26_0.wav	03Happy
/kaggle/working//train_aug_26_1.wav	03Happy
/kaggle/working//train_aug_26_2.wav	03Happy
/kaggle/working//train_aug_26_3.wav	03Happy
/kaggle/working//train_aug_27_0.wav	02Fearful
/kaggle/working//train_aug_27_1.wav	02Fearful
/kaggle/working//train_aug_27_2.wav	02Fearful
/kaggle/working//train_aug_27_3.wav	02Fearful
/kaggle/working//train_aug_28_0.wav	01Neutral
/kaggle/working//train_aug_28_1.wav	01Neutral
/kaggle/working//train_aug_28_2.wav	01Neutral
/kaggle/working//train_aug_28_3.wav	01Neutral
/kaggle/working//train_aug_29_0.wav	05Angry
/kaggle/working//train_aug_29_1.wav	05Angry
/kaggle/working//train_aug_29_2.wav	05Angry
/kaggle/working//train_aug_29_3.wav	05Angry
/kaggle/working//train_aug_30_0.wav	01Neutral
/kaggle/working//train_aug_30_1.wav	01Neutral
/kaggle/working//train_aug_30_2.wav	01Neutral
/kaggle/working//train_aug_30_3.wav	01Neutral
/kaggle/working//train_aug_31_0.wav	01Neutral
/kaggle/working//train_aug_31_1.wav	01Neutral
/kaggle/working//train_aug_31_2.wav	01Neutral
/kaggle/working//train_aug_31_3.wav	01Neutral
/kaggle/working//train_aug_32_0.wav	03Happy
/kaggle/working//train_aug_32_1.wav	03Happy
/kaggle/working//train_aug_32_2.wav	03Happy
/kaggle/working//train_aug_32_3.wav	03Happy
/kaggle/working//train_aug_33_0.wav	05Angry
/kaggle/working//train_aug_33_1.wav	05Angry
/kaggle/working//train_aug_33_2.wav	05Angry
/kaggle/working//train_aug_33_3.wav	05Angry
/kaggle/working//train_aug_34_0.wav	01Neutral
/kaggle/working//train_aug_34_1.wav	01Neutral
/kaggle/working//train_aug_34_2.wav	01Neutral
/kaggle/working//train_aug_34_3.wav	01Neutral
/kaggle/working//train_aug_35_0.wav	02Fearful
/kaggle/working//train_aug_35_1.wav	02Fearful
/kaggle/working//train_aug_35_2.wav	02Fearful
/kaggle/working//train_aug_35_3.wav	02Fearful
/kaggle/working//train_aug_36_0.wav	01Neutral
/kaggle/working//train_aug_36_1.wav	01Neutral
/kaggle/working//train_aug_36_2.wav	01Neutral
/kaggle/working//train_aug_36_3.wav	01Neutral
/kaggle/working//train_aug_37_0.wav	04Sad
/kaggle/working//train_aug_37_1.wav	04Sad
/kaggle/working//train_aug_37_2.wav	04Sad
/kaggle/working//train_aug_37_3.wav	04Sad
/kaggle/working//train_aug_38_0.wav	01Neutral
/kaggle/working//train_aug_38_1.wav	01Neutral
/kaggle/working//train_aug_38_2.wav	01Neutral
/kaggle/working//train_aug_38_3.wav	01Neutral
/kaggle/working//train_aug_39_0.wav	01Neutral
/kaggle/working//train_aug_39_1.wav	01Neutral
/kaggle/working//train_aug_39_2.wav	01Neutral
/kaggle/working//train_aug_39_3.wav	01Neutral
/kaggle/working//train_aug_40_0.wav	01Neutral
/kaggle/working//train_aug_40_1.wav	01Neutral
/kaggle/working//train_aug_40_2.wav	01Neutral
/kaggle/working//train_aug_40_3.wav	01Neutral
/kaggle/working//train_aug_41_0.wav	02Fearful
/kaggle/working//train_aug_41_1.wav	02Fearful
/kaggle/working//train_aug_41_2.wav	02Fearful
/kaggle/working//train_aug_41_3.wav	02Fearful
/kaggle/working//train_aug_42_0.wav	01Neutral
/kaggle/working//train_aug_42_1.wav	01Neutral
/kaggle/working//train_aug_42_2.wav	01Neutral
/kaggle/working//train_aug_42_3.wav	01Neutral
/kaggle/working//train_aug_43_0.wav	05Angry
/kaggle/working//train_aug_43_1.wav	05Angry
/kaggle/working//train_aug_43_2.wav	05Angry
/kaggle/working//train_aug_43_3.wav	05Angry
/kaggle/working//train_aug_44_0.wav	02Fearful
/kaggle/working//train_aug_44_1.wav	02Fearful
/kaggle/working//train_aug_44_2.wav	02Fearful
/kaggle/working//train_aug_44_3.wav	02Fearful
/kaggle/working//train_aug_45_0.wav	01Neutral
/kaggle/working//train_aug_45_1.wav	01Neutral
/kaggle/working//train_aug_45_2.wav	01Neutral
/kaggle/working//train_aug_45_3.wav	01Neutral
/kaggle/working//train_aug_46_0.wav	01Neutral
/kaggle/working//train_aug_46_1.wav	01Neutral
/kaggle/working//train_aug_46_2.wav	01Neutral
/kaggle/working//train_aug_46_3.wav	01Neutral
/kaggle/working//train_aug_47_0.wav	04Sad
/kaggle/working//train_aug_47_1.wav	04Sad
/kaggle/working//train_aug_47_2.wav	04Sad
/kaggle/working//train_aug_47_3.wav	04Sad
/kaggle/working//train_aug_48_0.wav	02Fearful
/kaggle/working//train_aug_48_1.wav	02Fearful
/kaggle/working//train_aug_48_2.wav	02Fearful
/kaggle/working//train_aug_48_3.wav	02Fearful
/kaggle/working//train_aug_49_0.wav	02Fearful
/kaggle/working//train_aug_49_1.wav	02Fearful
/kaggle/working//train_aug_49_2.wav	02Fearful
/kaggle/working//train_aug_49_3.wav	02Fearful
/kaggle/working//train_aug_50_0.wav	03Happy
/kaggle/working//train_aug_50_1.wav	03Happy
/kaggle/working//train_aug_50_2.wav	03Happy
/kaggle/working//train_aug_50_3.wav	03Happy
/kaggle/working//train_aug_51_0.wav	05Angry
/kaggle/working//train_aug_51_1.wav	05Angry
/kaggle/working//train_aug_51_2.wav	05Angry
/kaggle/working//train_aug_51_3.wav	05Angry
/kaggle/working//train_aug_52_0.wav	04Sad
/kaggle/working//train_aug_52_1.wav	04Sad
/kaggle/working//train_aug_52_2.wav	04Sad
/kaggle/working//train_aug_52_3.wav	04Sad
/kaggle/working//train_aug_53_0.wav	03Happy
/kaggle/working//train_aug_53_1.wav	03Happy
/kaggle/working//train_aug_53_2.wav	03Happy
/kaggle/working//train_aug_53_3.wav	03Happy
/kaggle/working//train_aug_54_0.wav	05Angry
/kaggle/working//train_aug_54_1.wav	05Angry
/kaggle/working//train_aug_54_2.wav	05Angry
/kaggle/working//train_aug_54_3.wav	05Angry
/kaggle/working//train_aug_55_0.wav	03Happy
/kaggle/working//train_aug_55_1.wav	03Happy
/kaggle/working//train_aug_55_2.wav	03Happy
/kaggle/working//train_aug_55_3.wav	03Happy
/kaggle/working//train_aug_56_0.wav	01Neutral
/kaggle/working//train_aug_56_1.wav	01Neutral
/kaggle/working//train_aug_56_2.wav	01Neutral
/kaggle/working//train_aug_56_3.wav	01Neutral
/kaggle/working//train_aug_57_0.wav	01Neutral
/kaggle/working//train_aug_57_1.wav	01Neutral
/kaggle/working//train_aug_57_2.wav	01Neutral
/kaggle/working//train_aug_57_3.wav	01Neutral
/kaggle/working//train_aug_58_0.wav	04Sad
/kaggle/working//train_aug_58_1.wav	04Sad
/kaggle/working//train_aug_58_2.wav	04Sad
/kaggle/working//train_aug_58_3.wav	04Sad
/kaggle/working//train_aug_59_0.wav	05Angry
/kaggle/working//train_aug_59_1.wav	05Angry
/kaggle/working//train_aug_59_2.wav	05Angry
/kaggle/working//train_aug_59_3.wav	05Angry
/kaggle/working//train_aug_60_0.wav	05Angry
/kaggle/working//train_aug_60_1.wav	05Angry
/kaggle/working//train_aug_60_2.wav	05Angry
/kaggle/working//train_aug_60_3.wav	05Angry
/kaggle/working//train_aug_61_0.wav	05Angry
/kaggle/working//train_aug_61_1.wav	05Angry
/kaggle/working//train_aug_61_2.wav	05Angry
/kaggle/working//train_aug_61_3.wav	05Angry
/kaggle/working//train_aug_62_0.wav	03Happy
/kaggle/working//train_aug_62_1.wav	03Happy
/kaggle/working//train_aug_62_2.wav	03Happy
/kaggle/working//train_aug_62_3.wav	03Happy
/kaggle/working//train_aug_63_0.wav	05Angry
/kaggle/working//train_aug_63_1.wav	05Angry
/kaggle/working//train_aug_63_2.wav	05Angry
/kaggle/working//train_aug_63_3.wav	05Angry
/kaggle/working//train_aug_64_0.wav	05Angry
/kaggle/working//train_aug_64_1.wav	05Angry
/kaggle/working//train_aug_64_2.wav	05Angry
/kaggle/working//train_aug_64_3.wav	05Angry
/kaggle/working//train_aug_65_0.wav	04Sad
/kaggle/working//train_aug_65_1.wav	04Sad
/kaggle/working//train_aug_65_2.wav	04Sad
/kaggle/working//train_aug_65_3.wav	04Sad
/kaggle/working//train_aug_66_0.wav	03Happy
/kaggle/working//train_aug_66_1.wav	03Happy
/kaggle/working//train_aug_66_2.wav	03Happy
/kaggle/working//train_aug_66_3.wav	03Happy
/kaggle/working//train_aug_67_0.wav	05Angry
/kaggle/working//train_aug_67_1.wav	05Angry
/kaggle/working//train_aug_67_2.wav	05Angry
/kaggle/working//train_aug_67_3.wav	05Angry
/kaggle/working//train_aug_68_0.wav	01Neutral
/kaggle/working//train_aug_68_1.wav	01Neutral
/kaggle/working//train_aug_68_2.wav	01Neutral
/kaggle/working//train_aug_68_3.wav	01Neutral
/kaggle/working//train_aug_69_0.wav	04Sad
/kaggle/working//train_aug_69_1.wav	04Sad
/kaggle/working//train_aug_69_2.wav	04Sad
/kaggle/working//train_aug_69_3.wav	04Sad
/kaggle/working//train_aug_70_0.wav	05Angry
/kaggle/working//train_aug_70_1.wav	05Angry
/kaggle/working//train_aug_70_2.wav	05Angry
/kaggle/working//train_aug_70_3.wav	05Angry
/kaggle/working//train_aug_71_0.wav	05Angry
/kaggle/working//train_aug_71_1.wav	05Angry
/kaggle/working//train_aug_71_2.wav	05Angry
/kaggle/working//train_aug_71_3.wav	05Angry
/kaggle/working//train_aug_72_0.wav	02Fearful
/kaggle/working//train_aug_72_1.wav	02Fearful
/kaggle/working//train_aug_72_2.wav	02Fearful
/kaggle/working//train_aug_72_3.wav	02Fearful
/kaggle/working//train_aug_73_0.wav	04Sad
/kaggle/working//train_aug_73_1.wav	04Sad
/kaggle/working//train_aug_73_2.wav	04Sad
/kaggle/working//train_aug_73_3.wav	04Sad
/kaggle/working//train_aug_74_0.wav	01Neutral
/kaggle/working//train_aug_74_1.wav	01Neutral
/kaggle/working//train_aug_74_2.wav	01Neutral
/kaggle/working//train_aug_74_3.wav	01Neutral
/kaggle/working//train_aug_75_0.wav	02Fearful
/kaggle/working//train_aug_75_1.wav	02Fearful
/kaggle/working//train_aug_75_2.wav	02Fearful
/kaggle/working//train_aug_75_3.wav	02Fearful
/kaggle/working//train_aug_76_0.wav	04Sad
/kaggle/working//train_aug_76_1.wav	04Sad
/kaggle/working//train_aug_76_2.wav	04Sad
/kaggle/working//train_aug_76_3.wav	04Sad
/kaggle/working//train_aug_77_0.wav	01Neutral
/kaggle/working//train_aug_77_1.wav	01Neutral
/kaggle/working//train_aug_77_2.wav	01Neutral
/kaggle/working//train_aug_77_3.wav	01Neutral
/kaggle/working//train_aug_78_0.wav	02Fearful
/kaggle/working//train_aug_78_1.wav	02Fearful
/kaggle/working//train_aug_78_2.wav	02Fearful
/kaggle/working//train_aug_78_3.wav	02Fearful
/kaggle/working//train_aug_79_0.wav	03Happy
/kaggle/working//train_aug_79_1.wav	03Happy
/kaggle/working//train_aug_79_2.wav	03Happy
/kaggle/working//train_aug_79_3.wav	03Happy
/kaggle/working//train_aug_80_0.wav	01Neutral
/kaggle/working//train_aug_80_1.wav	01Neutral
/kaggle/working//train_aug_80_2.wav	01Neutral
/kaggle/working//train_aug_80_3.wav	01Neutral
/kaggle/working//train_aug_81_0.wav	02Fearful
/kaggle/working//train_aug_81_1.wav	02Fearful
/kaggle/working//train_aug_81_2.wav	02Fearful
/kaggle/working//train_aug_81_3.wav	02Fearful
/kaggle/working//train_aug_82_0.wav	01Neutral
/kaggle/working//train_aug_82_1.wav	01Neutral
/kaggle/working//train_aug_82_2.wav	01Neutral
/kaggle/working//train_aug_82_3.wav	01Neutral
/kaggle/working//train_aug_83_0.wav	04Sad
/kaggle/working//train_aug_83_1.wav	04Sad
/kaggle/working//train_aug_83_2.wav	04Sad
/kaggle/working//train_aug_83_3.wav	04Sad
/kaggle/working//train_aug_84_0.wav	05Angry
/kaggle/working//train_aug_84_1.wav	05Angry
/kaggle/working//train_aug_84_2.wav	05Angry
/kaggle/working//train_aug_84_3.wav	05Angry
/kaggle/working//train_aug_85_0.wav	05Angry
/kaggle/working//train_aug_85_1.wav	05Angry
/kaggle/working//train_aug_85_2.wav	05Angry
/kaggle/working//train_aug_85_3.wav	05Angry
/kaggle/working//train_aug_86_0.wav	02Fearful
/kaggle/working//train_aug_86_1.wav	02Fearful
/kaggle/working//train_aug_86_2.wav	02Fearful
/kaggle/working//train_aug_86_3.wav	02Fearful
/kaggle/working//train_aug_87_0.wav	03Happy
/kaggle/working//train_aug_87_1.wav	03Happy
/kaggle/working//train_aug_87_2.wav	03Happy
/kaggle/working//train_aug_87_3.wav	03Happy
/kaggle/working//train_aug_88_0.wav	01Neutral
/kaggle/working//train_aug_88_1.wav	01Neutral
/kaggle/working//train_aug_88_2.wav	01Neutral
/kaggle/working//train_aug_88_3.wav	01Neutral
/kaggle/working//train_aug_89_0.wav	02Fearful
/kaggle/working//train_aug_89_1.wav	02Fearful
/kaggle/working//train_aug_89_2.wav	02Fearful
/kaggle/working//train_aug_89_3.wav	02Fearful
/kaggle/working//train_aug_90_0.wav	01Neutral
/kaggle/working//train_aug_90_1.wav	01Neutral
/kaggle/working//train_aug_90_2.wav	01Neutral
/kaggle/working//train_aug_90_3.wav	01Neutral
/kaggle/working//train_aug_91_0.wav	04Sad
/kaggle/working//train_aug_91_1.wav	04Sad
/kaggle/working//train_aug_91_2.wav	04Sad
/kaggle/working//train_aug_91_3.wav	04Sad
/kaggle/working//train_aug_92_0.wav	01Neutral
/kaggle/working//train_aug_92_1.wav	01Neutral
/kaggle/working//train_aug_92_2.wav	01Neutral
/kaggle/working//train_aug_92_3.wav	01Neutral
/kaggle/working//train_aug_93_0.wav	03Happy
/kaggle/working//train_aug_93_1.wav	03Happy
/kaggle/working//train_aug_93_2.wav	03Happy
/kaggle/working//train_aug_93_3.wav	03Happy
/kaggle/working//train_aug_94_0.wav	01Neutral
/kaggle/working//train_aug_94_1.wav	01Neutral
/kaggle/working//train_aug_94_2.wav	01Neutral
/kaggle/working//train_aug_94_3.wav	01Neutral
/kaggle/working//train_aug_95_0.wav	05Angry
/kaggle/working//train_aug_95_1.wav	05Angry
/kaggle/working//train_aug_95_2.wav	05Angry
/kaggle/working//train_aug_95_3.wav	05Angry
/kaggle/working//train_aug_96_0.wav	01Neutral
/kaggle/working//train_aug_96_1.wav	01Neutral
/kaggle/working//train_aug_96_2.wav	01Neutral
/kaggle/working//train_aug_96_3.wav	01Neutral
/kaggle/working//train_aug_97_0.wav	04Sad
/kaggle/working//train_aug_97_1.wav	04Sad
/kaggle/working//train_aug_97_2.wav	04Sad
/kaggle/working//train_aug_97_3.wav	04Sad
/kaggle/working//train_aug_98_0.wav	04Sad
/kaggle/working//train_aug_98_1.wav	04Sad
/kaggle/working//train_aug_98_2.wav	04Sad
/kaggle/working//train_aug_98_3.wav	04Sad
/kaggle/working//train_aug_99_0.wav	03Happy
/kaggle/working//train_aug_99_1.wav	03Happy
/kaggle/working//train_aug_99_2.wav	03Happy
/kaggle/working//train_aug_99_3.wav	03Happy
/kaggle/working//train_aug_100_0.wav	01Neutral
/kaggle/working//train_aug_100_1.wav	01Neutral
/kaggle/working//train_aug_100_2.wav	01Neutral
/kaggle/working//train_aug_100_3.wav	01Neutral
/kaggle/working//train_aug_101_0.wav	02Fearful
/kaggle/working//train_aug_101_1.wav	02Fearful
/kaggle/working//train_aug_101_2.wav	02Fearful
/kaggle/working//train_aug_101_3.wav	02Fearful
/kaggle/working//train_aug_102_0.wav	04Sad
/kaggle/working//train_aug_102_1.wav	04Sad
/kaggle/working//train_aug_102_2.wav	04Sad
/kaggle/working//train_aug_102_3.wav	04Sad
/kaggle/working//train_aug_103_0.wav	05Angry
/kaggle/working//train_aug_103_1.wav	05Angry
/kaggle/working//train_aug_103_2.wav	05Angry
/kaggle/working//train_aug_103_3.wav	05Angry
/kaggle/working//train_aug_104_0.wav	04Sad
/kaggle/working//train_aug_104_1.wav	04Sad
/kaggle/working//train_aug_104_2.wav	04Sad
/kaggle/working//train_aug_104_3.wav	04Sad
/kaggle/working//train_aug_105_0.wav	02Fearful
/kaggle/working//train_aug_105_1.wav	02Fearful
/kaggle/working//train_aug_105_2.wav	02Fearful
/kaggle/working//train_aug_105_3.wav	02Fearful
/kaggle/working//train_aug_106_0.wav	03Happy
/kaggle/working//train_aug_106_1.wav	03Happy
/kaggle/working//train_aug_106_2.wav	03Happy
/kaggle/working//train_aug_106_3.wav	03Happy
/kaggle/working//train_aug_107_0.wav	05Angry
/kaggle/working//train_aug_107_1.wav	05Angry
/kaggle/working//train_aug_107_2.wav	05Angry
/kaggle/working//train_aug_107_3.wav	05Angry
/kaggle/working//train_aug_108_0.wav	05Angry
/kaggle/working//train_aug_108_1.wav	05Angry
/kaggle/working//train_aug_108_2.wav	05Angry
/kaggle/working//train_aug_108_3.wav	05Angry
/kaggle/working//train_aug_109_0.wav	01Neutral
/kaggle/working//train_aug_109_1.wav	01Neutral
/kaggle/working//train_aug_109_2.wav	01Neutral
/kaggle/working//train_aug_109_3.wav	01Neutral
/kaggle/working//train_aug_110_0.wav	03Happy
/kaggle/working//train_aug_110_1.wav	03Happy
/kaggle/working//train_aug_110_2.wav	03Happy
/kaggle/working//train_aug_110_3.wav	03Happy
/kaggle/working//train_aug_111_0.wav	05Angry
/kaggle/working//train_aug_111_1.wav	05Angry
/kaggle/working//train_aug_111_2.wav	05Angry
/kaggle/working//train_aug_111_3.wav	05Angry
/kaggle/working//train_aug_112_0.wav	01Neutral
/kaggle/working//train_aug_112_1.wav	01Neutral
/kaggle/working//train_aug_112_2.wav	01Neutral
/kaggle/working//train_aug_112_3.wav	01Neutral
/kaggle/working//train_aug_113_0.wav	04Sad
/kaggle/working//train_aug_113_1.wav	04Sad
/kaggle/working//train_aug_113_2.wav	04Sad
/kaggle/working//train_aug_113_3.wav	04Sad
/kaggle/working//train_aug_114_0.wav	04Sad
/kaggle/working//train_aug_114_1.wav	04Sad
/kaggle/working//train_aug_114_2.wav	04Sad
/kaggle/working//train_aug_114_3.wav	04Sad
/kaggle/working//train_aug_115_0.wav	04Sad
/kaggle/working//train_aug_115_1.wav	04Sad
/kaggle/working//train_aug_115_2.wav	04Sad
/kaggle/working//train_aug_115_3.wav	04Sad
/kaggle/working//train_aug_116_0.wav	01Neutral
/kaggle/working//train_aug_116_1.wav	01Neutral
/kaggle/working//train_aug_116_2.wav	01Neutral
/kaggle/working//train_aug_116_3.wav	01Neutral
/kaggle/working//train_aug_117_0.wav	04Sad
/kaggle/working//train_aug_117_1.wav	04Sad
/kaggle/working//train_aug_117_2.wav	04Sad
/kaggle/working//train_aug_117_3.wav	04Sad
/kaggle/working//train_aug_118_0.wav	01Neutral
/kaggle/working//train_aug_118_1.wav	01Neutral
/kaggle/working//train_aug_118_2.wav	01Neutral
/kaggle/working//train_aug_118_3.wav	01Neutral
/kaggle/working//train_aug_119_0.wav	05Angry
/kaggle/working//train_aug_119_1.wav	05Angry
/kaggle/working//train_aug_119_2.wav	05Angry
/kaggle/working//train_aug_119_3.wav	05Angry
/kaggle/working//train_aug_120_0.wav	04Sad
/kaggle/working//train_aug_120_1.wav	04Sad
/kaggle/working//train_aug_120_2.wav	04Sad
/kaggle/working//train_aug_120_3.wav	04Sad
/kaggle/working//train_aug_121_0.wav	02Fearful
/kaggle/working//train_aug_121_1.wav	02Fearful
/kaggle/working//train_aug_121_2.wav	02Fearful
/kaggle/working//train_aug_121_3.wav	02Fearful
/kaggle/working//train_aug_122_0.wav	04Sad
/kaggle/working//train_aug_122_1.wav	04Sad
/kaggle/working//train_aug_122_2.wav	04Sad
/kaggle/working//train_aug_122_3.wav	04Sad
/kaggle/working//train_aug_123_0.wav	04Sad
/kaggle/working//train_aug_123_1.wav	04Sad
/kaggle/working//train_aug_123_2.wav	04Sad
/kaggle/working//train_aug_123_3.wav	04Sad
/kaggle/working//train_aug_124_0.wav	01Neutral
/kaggle/working//train_aug_124_1.wav	01Neutral
/kaggle/working//train_aug_124_2.wav	01Neutral
/kaggle/working//train_aug_124_3.wav	01Neutral
/kaggle/working//train_aug_125_0.wav	02Fearful
/kaggle/working//train_aug_125_1.wav	02Fearful
/kaggle/working//train_aug_125_2.wav	02Fearful
/kaggle/working//train_aug_125_3.wav	02Fearful
/kaggle/working//train_aug_126_0.wav	05Angry
/kaggle/working//train_aug_126_1.wav	05Angry
/kaggle/working//train_aug_126_2.wav	05Angry
/kaggle/working//train_aug_126_3.wav	05Angry
/kaggle/working//train_aug_127_0.wav	03Happy
/kaggle/working//train_aug_127_1.wav	03Happy
/kaggle/working//train_aug_127_2.wav	03Happy
/kaggle/working//train_aug_127_3.wav	03Happy
/kaggle/working//train_aug_128_0.wav	05Angry
/kaggle/working//train_aug_128_1.wav	05Angry
/kaggle/working//train_aug_128_2.wav	05Angry
/kaggle/working//train_aug_128_3.wav	05Angry
/kaggle/working//train_aug_129_0.wav	04Sad
/kaggle/working//train_aug_129_1.wav	04Sad
/kaggle/working//train_aug_129_2.wav	04Sad
/kaggle/working//train_aug_129_3.wav	04Sad
/kaggle/working//train_aug_130_0.wav	03Happy
/kaggle/working//train_aug_130_1.wav	03Happy
/kaggle/working//train_aug_130_2.wav	03Happy
/kaggle/working//train_aug_130_3.wav	03Happy
/kaggle/working//train_aug_131_0.wav	03Happy
/kaggle/working//train_aug_131_1.wav	03Happy
/kaggle/working//train_aug_131_2.wav	03Happy
/kaggle/working//train_aug_131_3.wav	03Happy
/kaggle/working//train_aug_132_0.wav	02Fearful
/kaggle/working//train_aug_132_1.wav	02Fearful
/kaggle/working//train_aug_132_2.wav	02Fearful
/kaggle/working//train_aug_132_3.wav	02Fearful
/kaggle/working//train_aug_133_0.wav	02Fearful
/kaggle/working//train_aug_133_1.wav	02Fearful
/kaggle/working//train_aug_133_2.wav	02Fearful
/kaggle/working//train_aug_133_3.wav	02Fearful
/kaggle/working//train_aug_134_0.wav	03Happy
/kaggle/working//train_aug_134_1.wav	03Happy
/kaggle/working//train_aug_134_2.wav	03Happy
/kaggle/working//train_aug_134_3.wav	03Happy
/kaggle/working//train_aug_135_0.wav	01Neutral
/kaggle/working//train_aug_135_1.wav	01Neutral
/kaggle/working//train_aug_135_2.wav	01Neutral
/kaggle/working//train_aug_135_3.wav	01Neutral
/kaggle/working//train_aug_136_0.wav	05Angry
/kaggle/working//train_aug_136_1.wav	05Angry
/kaggle/working//train_aug_136_2.wav	05Angry
/kaggle/working//train_aug_136_3.wav	05Angry
/kaggle/working//train_aug_137_0.wav	04Sad
/kaggle/working//train_aug_137_1.wav	04Sad
/kaggle/working//train_aug_137_2.wav	04Sad
/kaggle/working//train_aug_137_3.wav	04Sad
/kaggle/working//train_aug_138_0.wav	01Neutral
/kaggle/working//train_aug_138_1.wav	01Neutral
/kaggle/working//train_aug_138_2.wav	01Neutral
/kaggle/working//train_aug_138_3.wav	01Neutral
/kaggle/working//train_aug_139_0.wav	05Angry
/kaggle/working//train_aug_139_1.wav	05Angry
/kaggle/working//train_aug_139_2.wav	05Angry
/kaggle/working//train_aug_139_3.wav	05Angry
/kaggle/working//train_aug_140_0.wav	01Neutral
/kaggle/working//train_aug_140_1.wav	01Neutral
/kaggle/working//train_aug_140_2.wav	01Neutral
/kaggle/working//train_aug_140_3.wav	01Neutral
/kaggle/working//train_aug_141_0.wav	02Fearful
/kaggle/working//train_aug_141_1.wav	02Fearful
/kaggle/working//train_aug_141_2.wav	02Fearful
/kaggle/working//train_aug_141_3.wav	02Fearful
/kaggle/working//train_aug_142_0.wav	03Happy
/kaggle/working//train_aug_142_1.wav	03Happy
/kaggle/working//train_aug_142_2.wav	03Happy
/kaggle/working//train_aug_142_3.wav	03Happy
/kaggle/working//train_aug_143_0.wav	03Happy
/kaggle/working//train_aug_143_1.wav	03Happy
/kaggle/working//train_aug_143_2.wav	03Happy
/kaggle/working//train_aug_143_3.wav	03Happy
/kaggle/working//train_aug_144_0.wav	02Fearful
/kaggle/working//train_aug_144_1.wav	02Fearful
/kaggle/working//train_aug_144_2.wav	02Fearful
/kaggle/working//train_aug_144_3.wav	02Fearful
/kaggle/working//train_aug_145_0.wav	03Happy
/kaggle/working//train_aug_145_1.wav	03Happy
/kaggle/working//train_aug_145_2.wav	03Happy
/kaggle/working//train_aug_145_3.wav	03Happy
/kaggle/working//train_aug_146_0.wav	05Angry
/kaggle/working//train_aug_146_1.wav	05Angry
/kaggle/working//train_aug_146_2.wav	05Angry
/kaggle/working//train_aug_146_3.wav	05Angry
/kaggle/working//train_aug_147_0.wav	04Sad
/kaggle/working//train_aug_147_1.wav	04Sad
/kaggle/working//train_aug_147_2.wav	04Sad
/kaggle/working//train_aug_147_3.wav	04Sad
/kaggle/working//train_aug_148_0.wav	02Fearful
/kaggle/working//train_aug_148_1.wav	02Fearful
/kaggle/working//train_aug_148_2.wav	02Fearful
/kaggle/working//train_aug_148_3.wav	02Fearful
/kaggle/working//train_aug_149_0.wav	04Sad
/kaggle/working//train_aug_149_1.wav	04Sad
/kaggle/working//train_aug_149_2.wav	04Sad
/kaggle/working//train_aug_149_3.wav	04Sad
/kaggle/working//train_aug_150_0.wav	03Happy
/kaggle/working//train_aug_150_1.wav	03Happy
/kaggle/working//train_aug_150_2.wav	03Happy
/kaggle/working//train_aug_150_3.wav	03Happy
/kaggle/working//train_aug_151_0.wav	03Happy
/kaggle/working//train_aug_151_1.wav	03Happy
/kaggle/working//train_aug_151_2.wav	03Happy
/kaggle/working//train_aug_151_3.wav	03Happy
/kaggle/working//train_aug_152_0.wav	01Neutral
/kaggle/working//train_aug_152_1.wav	01Neutral
/kaggle/working//train_aug_152_2.wav	01Neutral
/kaggle/working//train_aug_152_3.wav	01Neutral
/kaggle/working//train_aug_153_0.wav	03Happy
/kaggle/working//train_aug_153_1.wav	03Happy
/kaggle/working//train_aug_153_2.wav	03Happy
/kaggle/working//train_aug_153_3.wav	03Happy
/kaggle/working//train_aug_154_0.wav	03Happy
/kaggle/working//train_aug_154_1.wav	03Happy
/kaggle/working//train_aug_154_2.wav	03Happy
/kaggle/working//train_aug_154_3.wav	03Happy
/kaggle/working//train_aug_155_0.wav	03Happy
/kaggle/working//train_aug_155_1.wav	03Happy
/kaggle/working//train_aug_155_2.wav	03Happy
/kaggle/working//train_aug_155_3.wav	03Happy
/kaggle/working//train_aug_156_0.wav	05Angry
/kaggle/working//train_aug_156_1.wav	05Angry
/kaggle/working//train_aug_156_2.wav	05Angry
/kaggle/working//train_aug_156_3.wav	05Angry
/kaggle/working//train_aug_157_0.wav	01Neutral
/kaggle/working//train_aug_157_1.wav	01Neutral
/kaggle/working//train_aug_157_2.wav	01Neutral
/kaggle/working//train_aug_157_3.wav	01Neutral
/kaggle/working//train_aug_158_0.wav	04Sad
/kaggle/working//train_aug_158_1.wav	04Sad
/kaggle/working//train_aug_158_2.wav	04Sad
/kaggle/working//train_aug_158_3.wav	04Sad
/kaggle/working//train_aug_159_0.wav	04Sad
/kaggle/working//train_aug_159_1.wav	04Sad
/kaggle/working//train_aug_159_2.wav	04Sad
/kaggle/working//train_aug_159_3.wav	04Sad
/kaggle/working//train_aug_160_0.wav	02Fearful
/kaggle/working//train_aug_160_1.wav	02Fearful
/kaggle/working//train_aug_160_2.wav	02Fearful
/kaggle/working//train_aug_160_3.wav	02Fearful
/kaggle/working//train_aug_161_0.wav	05Angry
/kaggle/working//train_aug_161_1.wav	05Angry
/kaggle/working//train_aug_161_2.wav	05Angry
/kaggle/working//train_aug_161_3.wav	05Angry
/kaggle/working//train_aug_162_0.wav	01Neutral
/kaggle/working//train_aug_162_1.wav	01Neutral
/kaggle/working//train_aug_162_2.wav	01Neutral
/kaggle/working//train_aug_162_3.wav	01Neutral
/kaggle/working//train_aug_163_0.wav	04Sad
/kaggle/working//train_aug_163_1.wav	04Sad
/kaggle/working//train_aug_163_2.wav	04Sad
/kaggle/working//train_aug_163_3.wav	04Sad
/kaggle/working//train_aug_164_0.wav	01Neutral
/kaggle/working//train_aug_164_1.wav	01Neutral
/kaggle/working//train_aug_164_2.wav	01Neutral
/kaggle/working//train_aug_164_3.wav	01Neutral
/kaggle/working//train_aug_165_0.wav	03Happy
/kaggle/working//train_aug_165_1.wav	03Happy
/kaggle/working//train_aug_165_2.wav	03Happy
/kaggle/working//train_aug_165_3.wav	03Happy
/kaggle/working//train_aug_166_0.wav	05Angry
/kaggle/working//train_aug_166_1.wav	05Angry
/kaggle/working//train_aug_166_2.wav	05Angry
/kaggle/working//train_aug_166_3.wav	05Angry
/kaggle/working//train_aug_167_0.wav	04Sad
/kaggle/working//train_aug_167_1.wav	04Sad
/kaggle/working//train_aug_167_2.wav	04Sad
/kaggle/working//train_aug_167_3.wav	04Sad
/kaggle/working//train_aug_168_0.wav	04Sad
/kaggle/working//train_aug_168_1.wav	04Sad
/kaggle/working//train_aug_168_2.wav	04Sad
/kaggle/working//train_aug_168_3.wav	04Sad
/kaggle/working//train_aug_169_0.wav	02Fearful
/kaggle/working//train_aug_169_1.wav	02Fearful
/kaggle/working//train_aug_169_2.wav	02Fearful
/kaggle/working//train_aug_169_3.wav	02Fearful
/kaggle/working//train_aug_170_0.wav	05Angry
/kaggle/working//train_aug_170_1.wav	05Angry
/kaggle/working//train_aug_170_2.wav	05Angry
/kaggle/working//train_aug_170_3.wav	05Angry
/kaggle/working//train_aug_171_0.wav	01Neutral
/kaggle/working//train_aug_171_1.wav	01Neutral
/kaggle/working//train_aug_171_2.wav	01Neutral
/kaggle/working//train_aug_171_3.wav	01Neutral
/kaggle/working//train_aug_172_0.wav	02Fearful
/kaggle/working//train_aug_172_1.wav	02Fearful
/kaggle/working//train_aug_172_2.wav	02Fearful
/kaggle/working//train_aug_172_3.wav	02Fearful
/kaggle/working//train_aug_173_0.wav	02Fearful
/kaggle/working//train_aug_173_1.wav	02Fearful
/kaggle/working//train_aug_173_2.wav	02Fearful
/kaggle/working//train_aug_173_3.wav	02Fearful
/kaggle/working//train_aug_174_0.wav	04Sad
/kaggle/working//train_aug_174_1.wav	04Sad
/kaggle/working//train_aug_174_2.wav	04Sad
/kaggle/working//train_aug_174_3.wav	04Sad
/kaggle/working//train_aug_175_0.wav	02Fearful
/kaggle/working//train_aug_175_1.wav	02Fearful
/kaggle/working//train_aug_175_2.wav	02Fearful
/kaggle/working//train_aug_175_3.wav	02Fearful
/kaggle/working//train_aug_176_0.wav	03Happy
/kaggle/working//train_aug_176_1.wav	03Happy
/kaggle/working//train_aug_176_2.wav	03Happy
/kaggle/working//train_aug_176_3.wav	03Happy
/kaggle/working//train_aug_177_0.wav	02Fearful
/kaggle/working//train_aug_177_1.wav	02Fearful
/kaggle/working//train_aug_177_2.wav	02Fearful
/kaggle/working//train_aug_177_3.wav	02Fearful
/kaggle/working//train_aug_178_0.wav	03Happy
/kaggle/working//train_aug_178_1.wav	03Happy
/kaggle/working//train_aug_178_2.wav	03Happy
/kaggle/working//train_aug_178_3.wav	03Happy
/kaggle/working//train_aug_179_0.wav	02Fearful
/kaggle/working//train_aug_179_1.wav	02Fearful
/kaggle/working//train_aug_179_2.wav	02Fearful
/kaggle/working//train_aug_179_3.wav	02Fearful
/kaggle/working//train_aug_180_0.wav	01Neutral
/kaggle/working//train_aug_180_1.wav	01Neutral
/kaggle/working//train_aug_180_2.wav	01Neutral
/kaggle/working//train_aug_180_3.wav	01Neutral
/kaggle/working//train_aug_181_0.wav	04Sad
/kaggle/working//train_aug_181_1.wav	04Sad
/kaggle/working//train_aug_181_2.wav	04Sad
/kaggle/working//train_aug_181_3.wav	04Sad
/kaggle/working//train_aug_182_0.wav	01Neutral
/kaggle/working//train_aug_182_1.wav	01Neutral
/kaggle/working//train_aug_182_2.wav	01Neutral
/kaggle/working//train_aug_182_3.wav	01Neutral
/kaggle/working//train_aug_183_0.wav	01Neutral
/kaggle/working//train_aug_183_1.wav	01Neutral
/kaggle/working//train_aug_183_2.wav	01Neutral
/kaggle/working//train_aug_183_3.wav	01Neutral
/kaggle/working//train_aug_184_0.wav	01Neutral
/kaggle/working//train_aug_184_1.wav	01Neutral
/kaggle/working//train_aug_184_2.wav	01Neutral
/kaggle/working//train_aug_184_3.wav	01Neutral
/kaggle/working//train_aug_185_0.wav	02Fearful
/kaggle/working//train_aug_185_1.wav	02Fearful
/kaggle/working//train_aug_185_2.wav	02Fearful
/kaggle/working//train_aug_185_3.wav	02Fearful
/kaggle/working//train_aug_186_0.wav	05Angry
/kaggle/working//train_aug_186_1.wav	05Angry
/kaggle/working//train_aug_186_2.wav	05Angry
/kaggle/working//train_aug_186_3.wav	05Angry
/kaggle/working//train_aug_187_0.wav	05Angry
/kaggle/working//train_aug_187_1.wav	05Angry
/kaggle/working//train_aug_187_2.wav	05Angry
/kaggle/working//train_aug_187_3.wav	05Angry
/kaggle/working//train_aug_188_0.wav	05Angry
/kaggle/working//train_aug_188_1.wav	05Angry
/kaggle/working//train_aug_188_2.wav	05Angry
/kaggle/working//train_aug_188_3.wav	05Angry
/kaggle/working//train_aug_189_0.wav	02Fearful
/kaggle/working//train_aug_189_1.wav	02Fearful
/kaggle/working//train_aug_189_2.wav	02Fearful
/kaggle/working//train_aug_189_3.wav	02Fearful
/kaggle/working//train_aug_190_0.wav	03Happy
/kaggle/working//train_aug_190_1.wav	03Happy
/kaggle/working//train_aug_190_2.wav	03Happy
/kaggle/working//train_aug_190_3.wav	03Happy
/kaggle/working//train_aug_191_0.wav	03Happy
/kaggle/working//train_aug_191_1.wav	03Happy
/kaggle/working//train_aug_191_2.wav	03Happy
/kaggle/working//train_aug_191_3.wav	03Happy
/kaggle/working//train_aug_192_0.wav	02Fearful
/kaggle/working//train_aug_192_1.wav	02Fearful
/kaggle/working//train_aug_192_2.wav	02Fearful
/kaggle/working//train_aug_192_3.wav	02Fearful
/kaggle/working//train_aug_193_0.wav	02Fearful
/kaggle/working//train_aug_193_1.wav	02Fearful
/kaggle/working//train_aug_193_2.wav	02Fearful
/kaggle/working//train_aug_193_3.wav	02Fearful
/kaggle/working//train_aug_194_0.wav	05Angry
/kaggle/working//train_aug_194_1.wav	05Angry
/kaggle/working//train_aug_194_2.wav	05Angry
/kaggle/working//train_aug_194_3.wav	05Angry
/kaggle/working//train_aug_195_0.wav	01Neutral
/kaggle/working//train_aug_195_1.wav	01Neutral
/kaggle/working//train_aug_195_2.wav	01Neutral
/kaggle/working//train_aug_195_3.wav	01Neutral
/kaggle/working//train_aug_196_0.wav	05Angry
/kaggle/working//train_aug_196_1.wav	05Angry
/kaggle/working//train_aug_196_2.wav	05Angry
/kaggle/working//train_aug_196_3.wav	05Angry
/kaggle/working//train_aug_197_0.wav	02Fearful
/kaggle/working//train_aug_197_1.wav	02Fearful
/kaggle/working//train_aug_197_2.wav	02Fearful
/kaggle/working//train_aug_197_3.wav	02Fearful
/kaggle/working//train_aug_198_0.wav	02Fearful
/kaggle/working//train_aug_198_1.wav	02Fearful
/kaggle/working//train_aug_198_2.wav	02Fearful
/kaggle/working//train_aug_198_3.wav	02Fearful
/kaggle/working//train_aug_199_0.wav	04Sad
/kaggle/working//train_aug_199_1.wav	04Sad
/kaggle/working//train_aug_199_2.wav	04Sad
/kaggle/working//train_aug_199_3.wav	04Sad
/kaggle/working//train_aug_200_0.wav	01Neutral
/kaggle/working//train_aug_200_1.wav	01Neutral
/kaggle/working//train_aug_200_2.wav	01Neutral
/kaggle/working//train_aug_200_3.wav	01Neutral
/kaggle/working//train_aug_201_0.wav	01Neutral
/kaggle/working//train_aug_201_1.wav	01Neutral
/kaggle/working//train_aug_201_2.wav	01Neutral
/kaggle/working//train_aug_201_3.wav	01Neutral
/kaggle/working//train_aug_202_0.wav	05Angry
/kaggle/working//train_aug_202_1.wav	05Angry
/kaggle/working//train_aug_202_2.wav	05Angry
/kaggle/working//train_aug_202_3.wav	05Angry
/kaggle/working//train_aug_203_0.wav	01Neutral
/kaggle/working//train_aug_203_1.wav	01Neutral
/kaggle/working//train_aug_203_2.wav	01Neutral
/kaggle/working//train_aug_203_3.wav	01Neutral
/kaggle/working//train_aug_204_0.wav	03Happy
/kaggle/working//train_aug_204_1.wav	03Happy
/kaggle/working//train_aug_204_2.wav	03Happy
/kaggle/working//train_aug_204_3.wav	03Happy
/kaggle/working//train_aug_205_0.wav	05Angry
/kaggle/working//train_aug_205_1.wav	05Angry
/kaggle/working//train_aug_205_2.wav	05Angry
/kaggle/working//train_aug_205_3.wav	05Angry
/kaggle/working//train_aug_206_0.wav	01Neutral
/kaggle/working//train_aug_206_1.wav	01Neutral
/kaggle/working//train_aug_206_2.wav	01Neutral
/kaggle/working//train_aug_206_3.wav	01Neutral
/kaggle/working//train_aug_207_0.wav	04Sad
/kaggle/working//train_aug_207_1.wav	04Sad
/kaggle/working//train_aug_207_2.wav	04Sad
/kaggle/working//train_aug_207_3.wav	04Sad
/kaggle/working//train_aug_208_0.wav	04Sad
/kaggle/working//train_aug_208_1.wav	04Sad
/kaggle/working//train_aug_208_2.wav	04Sad
/kaggle/working//train_aug_208_3.wav	04Sad
/kaggle/working//train_aug_209_0.wav	03Happy
/kaggle/working//train_aug_209_1.wav	03Happy
/kaggle/working//train_aug_209_2.wav	03Happy
/kaggle/working//train_aug_209_3.wav	03Happy
/kaggle/working//train_aug_210_0.wav	01Neutral
/kaggle/working//train_aug_210_1.wav	01Neutral
/kaggle/working//train_aug_210_2.wav	01Neutral
/kaggle/working//train_aug_210_3.wav	01Neutral
/kaggle/working//train_aug_211_0.wav	03Happy
/kaggle/working//train_aug_211_1.wav	03Happy
/kaggle/working//train_aug_211_2.wav	03Happy
/kaggle/working//train_aug_211_3.wav	03Happy
/kaggle/working//train_aug_212_0.wav	05Angry
/kaggle/working//train_aug_212_1.wav	05Angry
/kaggle/working//train_aug_212_2.wav	05Angry
/kaggle/working//train_aug_212_3.wav	05Angry
/kaggle/working//train_aug_213_0.wav	03Happy
/kaggle/working//train_aug_213_1.wav	03Happy
/kaggle/working//train_aug_213_2.wav	03Happy
/kaggle/working//train_aug_213_3.wav	03Happy
/kaggle/working//train_aug_214_0.wav	02Fearful
/kaggle/working//train_aug_214_1.wav	02Fearful
/kaggle/working//train_aug_214_2.wav	02Fearful
/kaggle/working//train_aug_214_3.wav	02Fearful
/kaggle/working//train_aug_215_0.wav	01Neutral
/kaggle/working//train_aug_215_1.wav	01Neutral
/kaggle/working//train_aug_215_2.wav	01Neutral
/kaggle/working//train_aug_215_3.wav	01Neutral
/kaggle/working//train_aug_216_0.wav	05Angry
/kaggle/working//train_aug_216_1.wav	05Angry
/kaggle/working//train_aug_216_2.wav	05Angry
/kaggle/working//train_aug_216_3.wav	05Angry
/kaggle/working//train_aug_217_0.wav	04Sad
/kaggle/working//train_aug_217_1.wav	04Sad
/kaggle/working//train_aug_217_2.wav	04Sad
/kaggle/working//train_aug_217_3.wav	04Sad
/kaggle/working//train_aug_218_0.wav	02Fearful
/kaggle/working//train_aug_218_1.wav	02Fearful
/kaggle/working//train_aug_218_2.wav	02Fearful
/kaggle/working//train_aug_218_3.wav	02Fearful
/kaggle/working//train_aug_219_0.wav	03Happy
/kaggle/working//train_aug_219_1.wav	03Happy
/kaggle/working//train_aug_219_2.wav	03Happy
/kaggle/working//train_aug_219_3.wav	03Happy
/kaggle/working//train_aug_220_0.wav	04Sad
/kaggle/working//train_aug_220_1.wav	04Sad
/kaggle/working//train_aug_220_2.wav	04Sad
/kaggle/working//train_aug_220_3.wav	04Sad
/kaggle/working//train_aug_221_0.wav	01Neutral
/kaggle/working//train_aug_221_1.wav	01Neutral
/kaggle/working//train_aug_221_2.wav	01Neutral
/kaggle/working//train_aug_221_3.wav	01Neutral
/kaggle/working//train_aug_222_0.wav	02Fearful
/kaggle/working//train_aug_222_1.wav	02Fearful
/kaggle/working//train_aug_222_2.wav	02Fearful
/kaggle/working//train_aug_222_3.wav	02Fearful
/kaggle/working//train_aug_223_0.wav	02Fearful
/kaggle/working//train_aug_223_1.wav	02Fearful
/kaggle/working//train_aug_223_2.wav	02Fearful
/kaggle/working//train_aug_223_3.wav	02Fearful
/kaggle/working//train_aug_224_0.wav	02Fearful
/kaggle/working//train_aug_224_1.wav	02Fearful
/kaggle/working//train_aug_224_2.wav	02Fearful
/kaggle/working//train_aug_224_3.wav	02Fearful
/kaggle/working//train_aug_225_0.wav	01Neutral
/kaggle/working//train_aug_225_1.wav	01Neutral
/kaggle/working//train_aug_225_2.wav	01Neutral
/kaggle/working//train_aug_225_3.wav	01Neutral
/kaggle/working//train_aug_226_0.wav	03Happy
/kaggle/working//train_aug_226_1.wav	03Happy
/kaggle/working//train_aug_226_2.wav	03Happy
/kaggle/working//train_aug_226_3.wav	03Happy
/kaggle/working//train_aug_227_0.wav	05Angry
/kaggle/working//train_aug_227_1.wav	05Angry
/kaggle/working//train_aug_227_2.wav	05Angry
/kaggle/working//train_aug_227_3.wav	05Angry
/kaggle/working//train_aug_228_0.wav	05Angry
/kaggle/working//train_aug_228_1.wav	05Angry
/kaggle/working//train_aug_228_2.wav	05Angry
/kaggle/working//train_aug_228_3.wav	05Angry
/kaggle/working//train_aug_229_0.wav	04Sad
/kaggle/working//train_aug_229_1.wav	04Sad
/kaggle/working//train_aug_229_2.wav	04Sad
/kaggle/working//train_aug_229_3.wav	04Sad
/kaggle/working//train_aug_230_0.wav	03Happy
/kaggle/working//train_aug_230_1.wav	03Happy
/kaggle/working//train_aug_230_2.wav	03Happy
/kaggle/working//train_aug_230_3.wav	03Happy
/kaggle/working//train_aug_231_0.wav	04Sad
/kaggle/working//train_aug_231_1.wav	04Sad
/kaggle/working//train_aug_231_2.wav	04Sad
/kaggle/working//train_aug_231_3.wav	04Sad
/kaggle/working//train_aug_232_0.wav	02Fearful
/kaggle/working//train_aug_232_1.wav	02Fearful
/kaggle/working//train_aug_232_2.wav	02Fearful
/kaggle/working//train_aug_232_3.wav	02Fearful
/kaggle/working//train_aug_233_0.wav	03Happy
/kaggle/working//train_aug_233_1.wav	03Happy
/kaggle/working//train_aug_233_2.wav	03Happy
/kaggle/working//train_aug_233_3.wav	03Happy
/kaggle/working//train_aug_234_0.wav	01Neutral
/kaggle/working//train_aug_234_1.wav	01Neutral
/kaggle/working//train_aug_234_2.wav	01Neutral
/kaggle/working//train_aug_234_3.wav	01Neutral
/kaggle/working//train_aug_235_0.wav	02Fearful
/kaggle/working//train_aug_235_1.wav	02Fearful
/kaggle/working//train_aug_235_2.wav	02Fearful
/kaggle/working//train_aug_235_3.wav	02Fearful
/kaggle/working//train_aug_236_0.wav	02Fearful
/kaggle/working//train_aug_236_1.wav	02Fearful
/kaggle/working//train_aug_236_2.wav	02Fearful
/kaggle/working//train_aug_236_3.wav	02Fearful
/kaggle/working//train_aug_237_0.wav	01Neutral
/kaggle/working//train_aug_237_1.wav	01Neutral
/kaggle/working//train_aug_237_2.wav	01Neutral
/kaggle/working//train_aug_237_3.wav	01Neutral
/kaggle/working//train_aug_238_0.wav	03Happy
/kaggle/working//train_aug_238_1.wav	03Happy
/kaggle/working//train_aug_238_2.wav	03Happy
/kaggle/working//train_aug_238_3.wav	03Happy
/kaggle/working//train_aug_239_0.wav	03Happy
/kaggle/working//train_aug_239_1.wav	03Happy
/kaggle/working//train_aug_239_2.wav	03Happy
/kaggle/working//train_aug_239_3.wav	03Happy
/kaggle/working//train_aug_240_0.wav	04Sad
/kaggle/working//train_aug_240_1.wav	04Sad
/kaggle/working//train_aug_240_2.wav	04Sad
/kaggle/working//train_aug_240_3.wav	04Sad
/kaggle/working//train_aug_241_0.wav	02Fearful
/kaggle/working//train_aug_241_1.wav	02Fearful
/kaggle/working//train_aug_241_2.wav	02Fearful
/kaggle/working//train_aug_241_3.wav	02Fearful
/kaggle/working//train_aug_242_0.wav	02Fearful
/kaggle/working//train_aug_242_1.wav	02Fearful
/kaggle/working//train_aug_242_2.wav	02Fearful
/kaggle/working//train_aug_242_3.wav	02Fearful
/kaggle/working//train_aug_243_0.wav	02Fearful
/kaggle/working//train_aug_243_1.wav	02Fearful
/kaggle/working//train_aug_243_2.wav	02Fearful
/kaggle/working//train_aug_243_3.wav	02Fearful
/kaggle/working//train_aug_244_0.wav	01Neutral
/kaggle/working//train_aug_244_1.wav	01Neutral
/kaggle/working//train_aug_244_2.wav	01Neutral
/kaggle/working//train_aug_244_3.wav	01Neutral
/kaggle/working//train_aug_245_0.wav	03Happy
/kaggle/working//train_aug_245_1.wav	03Happy
/kaggle/working//train_aug_245_2.wav	03Happy
/kaggle/working//train_aug_245_3.wav	03Happy
/kaggle/working//train_aug_246_0.wav	03Happy
/kaggle/working//train_aug_246_1.wav	03Happy
/kaggle/working//train_aug_246_2.wav	03Happy
/kaggle/working//train_aug_246_3.wav	03Happy
/kaggle/working//train_aug_247_0.wav	03Happy
/kaggle/working//train_aug_247_1.wav	03Happy
/kaggle/working//train_aug_247_2.wav	03Happy
/kaggle/working//train_aug_247_3.wav	03Happy
/kaggle/working//train_aug_248_0.wav	01Neutral
/kaggle/working//train_aug_248_1.wav	01Neutral
/kaggle/working//train_aug_248_2.wav	01Neutral
/kaggle/working//train_aug_248_3.wav	01Neutral
/kaggle/working//train_aug_249_0.wav	01Neutral
/kaggle/working//train_aug_249_1.wav	01Neutral
/kaggle/working//train_aug_249_2.wav	01Neutral
/kaggle/working//train_aug_249_3.wav	01Neutral
/kaggle/working//train_aug_250_0.wav	02Fearful
/kaggle/working//train_aug_250_1.wav	02Fearful
/kaggle/working//train_aug_250_2.wav	02Fearful
/kaggle/working//train_aug_250_3.wav	02Fearful
/kaggle/working//train_aug_251_0.wav	03Happy
/kaggle/working//train_aug_251_1.wav	03Happy
/kaggle/working//train_aug_251_2.wav	03Happy
/kaggle/working//train_aug_251_3.wav	03Happy
/kaggle/working//train_aug_252_0.wav	03Happy
/kaggle/working//train_aug_252_1.wav	03Happy
/kaggle/working//train_aug_252_2.wav	03Happy
/kaggle/working//train_aug_252_3.wav	03Happy
/kaggle/working//train_aug_253_0.wav	02Fearful
/kaggle/working//train_aug_253_1.wav	02Fearful
/kaggle/working//train_aug_253_2.wav	02Fearful
/kaggle/working//train_aug_253_3.wav	02Fearful
/kaggle/working//train_aug_254_0.wav	04Sad
/kaggle/working//train_aug_254_1.wav	04Sad
/kaggle/working//train_aug_254_2.wav	04Sad
/kaggle/working//train_aug_254_3.wav	04Sad
/kaggle/working//train_aug_255_0.wav	01Neutral
/kaggle/working//train_aug_255_1.wav	01Neutral
/kaggle/working//train_aug_255_2.wav	01Neutral
/kaggle/working//train_aug_255_3.wav	01Neutral
/kaggle/working//train_aug_256_0.wav	05Angry
/kaggle/working//train_aug_256_1.wav	05Angry
/kaggle/working//train_aug_256_2.wav	05Angry
/kaggle/working//train_aug_256_3.wav	05Angry
/kaggle/working//train_aug_257_0.wav	05Angry
/kaggle/working//train_aug_257_1.wav	05Angry
/kaggle/working//train_aug_257_2.wav	05Angry
/kaggle/working//train_aug_257_3.wav	05Angry
/kaggle/working//train_aug_258_0.wav	03Happy
/kaggle/working//train_aug_258_1.wav	03Happy
/kaggle/working//train_aug_258_2.wav	03Happy
/kaggle/working//train_aug_258_3.wav	03Happy
/kaggle/working//train_aug_259_0.wav	02Fearful
/kaggle/working//train_aug_259_1.wav	02Fearful
/kaggle/working//train_aug_259_2.wav	02Fearful
/kaggle/working//train_aug_259_3.wav	02Fearful
/kaggle/working//train_aug_260_0.wav	01Neutral
/kaggle/working//train_aug_260_1.wav	01Neutral
/kaggle/working//train_aug_260_2.wav	01Neutral
/kaggle/working//train_aug_260_3.wav	01Neutral
/kaggle/working//train_aug_261_0.wav	05Angry
/kaggle/working//train_aug_261_1.wav	05Angry
/kaggle/working//train_aug_261_2.wav	05Angry
/kaggle/working//train_aug_261_3.wav	05Angry
/kaggle/working//train_aug_262_0.wav	04Sad
/kaggle/working//train_aug_262_1.wav	04Sad
/kaggle/working//train_aug_262_2.wav	04Sad
/kaggle/working//train_aug_262_3.wav	04Sad
/kaggle/working//train_aug_263_0.wav	02Fearful
/kaggle/working//train_aug_263_1.wav	02Fearful
/kaggle/working//train_aug_263_2.wav	02Fearful
/kaggle/working//train_aug_263_3.wav	02Fearful
/kaggle/working//train_aug_264_0.wav	03Happy
/kaggle/working//train_aug_264_1.wav	03Happy
/kaggle/working//train_aug_264_2.wav	03Happy
/kaggle/working//train_aug_264_3.wav	03Happy
/kaggle/working//train_aug_265_0.wav	02Fearful
/kaggle/working//train_aug_265_1.wav	02Fearful
/kaggle/working//train_aug_265_2.wav	02Fearful
/kaggle/working//train_aug_265_3.wav	02Fearful
/kaggle/working//train_aug_266_0.wav	01Neutral
/kaggle/working//train_aug_266_1.wav	01Neutral
/kaggle/working//train_aug_266_2.wav	01Neutral
/kaggle/working//train_aug_266_3.wav	01Neutral
/kaggle/working//train_aug_267_0.wav	02Fearful
/kaggle/working//train_aug_267_1.wav	02Fearful
/kaggle/working//train_aug_267_2.wav	02Fearful
/kaggle/working//train_aug_267_3.wav	02Fearful
/kaggle/working//train_aug_268_0.wav	04Sad
/kaggle/working//train_aug_268_1.wav	04Sad
/kaggle/working//train_aug_268_2.wav	04Sad
/kaggle/working//train_aug_268_3.wav	04Sad
/kaggle/working//train_aug_269_0.wav	02Fearful
/kaggle/working//train_aug_269_1.wav	02Fearful
/kaggle/working//train_aug_269_2.wav	02Fearful
/kaggle/working//train_aug_269_3.wav	02Fearful
/kaggle/working//train_aug_270_0.wav	04Sad
/kaggle/working//train_aug_270_1.wav	04Sad
/kaggle/working//train_aug_270_2.wav	04Sad
/kaggle/working//train_aug_270_3.wav	04Sad
/kaggle/working//train_aug_271_0.wav	04Sad
/kaggle/working//train_aug_271_1.wav	04Sad
/kaggle/working//train_aug_271_2.wav	04Sad
/kaggle/working//train_aug_271_3.wav	04Sad
/kaggle/working//train_aug_272_0.wav	05Angry
/kaggle/working//train_aug_272_1.wav	05Angry
/kaggle/working//train_aug_272_2.wav	05Angry
/kaggle/working//train_aug_272_3.wav	05Angry
/kaggle/working//train_aug_273_0.wav	05Angry
/kaggle/working//train_aug_273_1.wav	05Angry
/kaggle/working//train_aug_273_2.wav	05Angry
/kaggle/working//train_aug_273_3.wav	05Angry
/kaggle/working//train_aug_274_0.wav	01Neutral
/kaggle/working//train_aug_274_1.wav	01Neutral
/kaggle/working//train_aug_274_2.wav	01Neutral
/kaggle/working//train_aug_274_3.wav	01Neutral
/kaggle/working//train_aug_275_0.wav	02Fearful
/kaggle/working//train_aug_275_1.wav	02Fearful
/kaggle/working//train_aug_275_2.wav	02Fearful
/kaggle/working//train_aug_275_3.wav	02Fearful
/kaggle/working//train_aug_276_0.wav	02Fearful
/kaggle/working//train_aug_276_1.wav	02Fearful
/kaggle/working//train_aug_276_2.wav	02Fearful
/kaggle/working//train_aug_276_3.wav	02Fearful
/kaggle/working//train_aug_277_0.wav	04Sad
/kaggle/working//train_aug_277_1.wav	04Sad
/kaggle/working//train_aug_277_2.wav	04Sad
/kaggle/working//train_aug_277_3.wav	04Sad
/kaggle/working//train_aug_278_0.wav	03Happy
/kaggle/working//train_aug_278_1.wav	03Happy
/kaggle/working//train_aug_278_2.wav	03Happy
/kaggle/working//train_aug_278_3.wav	03Happy
/kaggle/working//train_aug_279_0.wav	02Fearful
/kaggle/working//train_aug_279_1.wav	02Fearful
/kaggle/working//train_aug_279_2.wav	02Fearful
/kaggle/working//train_aug_279_3.wav	02Fearful
/kaggle/working//train_aug_280_0.wav	04Sad
/kaggle/working//train_aug_280_1.wav	04Sad
/kaggle/working//train_aug_280_2.wav	04Sad
/kaggle/working//train_aug_280_3.wav	04Sad
/kaggle/working//train_aug_281_0.wav	04Sad
/kaggle/working//train_aug_281_1.wav	04Sad
/kaggle/working//train_aug_281_2.wav	04Sad
/kaggle/working//train_aug_281_3.wav	04Sad
/kaggle/working//train_aug_282_0.wav	04Sad
/kaggle/working//train_aug_282_1.wav	04Sad
/kaggle/working//train_aug_282_2.wav	04Sad
/kaggle/working//train_aug_282_3.wav	04Sad
/kaggle/working//train_aug_283_0.wav	03Happy
/kaggle/working//train_aug_283_1.wav	03Happy
/kaggle/working//train_aug_283_2.wav	03Happy
/kaggle/working//train_aug_283_3.wav	03Happy
/kaggle/working//train_aug_284_0.wav	03Happy
/kaggle/working//train_aug_284_1.wav	03Happy
/kaggle/working//train_aug_284_2.wav	03Happy
/kaggle/working//train_aug_284_3.wav	03Happy
/kaggle/working//train_aug_285_0.wav	01Neutral
/kaggle/working//train_aug_285_1.wav	01Neutral
/kaggle/working//train_aug_285_2.wav	01Neutral
/kaggle/working//train_aug_285_3.wav	01Neutral
/kaggle/working//train_aug_286_0.wav	05Angry
/kaggle/working//train_aug_286_1.wav	05Angry
/kaggle/working//train_aug_286_2.wav	05Angry
/kaggle/working//train_aug_286_3.wav	05Angry
/kaggle/working//train_aug_287_0.wav	05Angry
/kaggle/working//train_aug_287_1.wav	05Angry
/kaggle/working//train_aug_287_2.wav	05Angry
/kaggle/working//train_aug_287_3.wav	05Angry
/kaggle/working//train_aug_288_0.wav	04Sad
/kaggle/working//train_aug_288_1.wav	04Sad
/kaggle/working//train_aug_288_2.wav	04Sad
/kaggle/working//train_aug_288_3.wav	04Sad
/kaggle/working//train_aug_289_0.wav	03Happy
/kaggle/working//train_aug_289_1.wav	03Happy
/kaggle/working//train_aug_289_2.wav	03Happy
/kaggle/working//train_aug_289_3.wav	03Happy
/kaggle/working//train_aug_290_0.wav	04Sad
/kaggle/working//train_aug_290_1.wav	04Sad
/kaggle/working//train_aug_290_2.wav	04Sad
/kaggle/working//train_aug_290_3.wav	04Sad
/kaggle/working//train_aug_291_0.wav	02Fearful
/kaggle/working//train_aug_291_1.wav	02Fearful
/kaggle/working//train_aug_291_2.wav	02Fearful
/kaggle/working//train_aug_291_3.wav	02Fearful
/kaggle/working//train_aug_292_0.wav	01Neutral
/kaggle/working//train_aug_292_1.wav	01Neutral
/kaggle/working//train_aug_292_2.wav	01Neutral
/kaggle/working//train_aug_292_3.wav	01Neutral
/kaggle/working//train_aug_293_0.wav	01Neutral
/kaggle/working//train_aug_293_1.wav	01Neutral
/kaggle/working//train_aug_293_2.wav	01Neutral
/kaggle/working//train_aug_293_3.wav	01Neutral
/kaggle/working//train_aug_294_0.wav	02Fearful
/kaggle/working//train_aug_294_1.wav	02Fearful
/kaggle/working//train_aug_294_2.wav	02Fearful
/kaggle/working//train_aug_294_3.wav	02Fearful
/kaggle/working//train_aug_295_0.wav	05Angry
/kaggle/working//train_aug_295_1.wav	05Angry
/kaggle/working//train_aug_295_2.wav	05Angry
/kaggle/working//train_aug_295_3.wav	05Angry
/kaggle/working//train_aug_296_0.wav	03Happy
/kaggle/working//train_aug_296_1.wav	03Happy
/kaggle/working//train_aug_296_2.wav	03Happy
/kaggle/working//train_aug_296_3.wav	03Happy
/kaggle/working//train_aug_297_0.wav	02Fearful
/kaggle/working//train_aug_297_1.wav	02Fearful
/kaggle/working//train_aug_297_2.wav	02Fearful
/kaggle/working//train_aug_297_3.wav	02Fearful
/kaggle/working//train_aug_298_0.wav	01Neutral
/kaggle/working//train_aug_298_1.wav	01Neutral
/kaggle/working//train_aug_298_2.wav	01Neutral
/kaggle/working//train_aug_298_3.wav	01Neutral
/kaggle/working//train_aug_299_0.wav	03Happy
/kaggle/working//train_aug_299_1.wav	03Happy
/kaggle/working//train_aug_299_2.wav	03Happy
/kaggle/working//train_aug_299_3.wav	03Happy
/kaggle/working//train_aug_300_0.wav	01Neutral
/kaggle/working//train_aug_300_1.wav	01Neutral
/kaggle/working//train_aug_300_2.wav	01Neutral
/kaggle/working//train_aug_300_3.wav	01Neutral
/kaggle/working//train_aug_301_0.wav	03Happy
/kaggle/working//train_aug_301_1.wav	03Happy
/kaggle/working//train_aug_301_2.wav	03Happy
/kaggle/working//train_aug_301_3.wav	03Happy
/kaggle/working//train_aug_302_0.wav	04Sad
/kaggle/working//train_aug_302_1.wav	04Sad
/kaggle/working//train_aug_302_2.wav	04Sad
/kaggle/working//train_aug_302_3.wav	04Sad
/kaggle/working//train_aug_303_0.wav	04Sad
/kaggle/working//train_aug_303_1.wav	04Sad
/kaggle/working//train_aug_303_2.wav	04Sad
/kaggle/working//train_aug_303_3.wav	04Sad
/kaggle/working//train_aug_304_0.wav	04Sad
/kaggle/working//train_aug_304_1.wav	04Sad
/kaggle/working//train_aug_304_2.wav	04Sad
/kaggle/working//train_aug_304_3.wav	04Sad
/kaggle/working//train_aug_305_0.wav	03Happy
/kaggle/working//train_aug_305_1.wav	03Happy
/kaggle/working//train_aug_305_2.wav	03Happy
/kaggle/working//train_aug_305_3.wav	03Happy
/kaggle/working//train_aug_306_0.wav	01Neutral
/kaggle/working//train_aug_306_1.wav	01Neutral
/kaggle/working//train_aug_306_2.wav	01Neutral
/kaggle/working//train_aug_306_3.wav	01Neutral
/kaggle/working//train_aug_307_0.wav	04Sad
/kaggle/working//train_aug_307_1.wav	04Sad
/kaggle/working//train_aug_307_2.wav	04Sad
/kaggle/working//train_aug_307_3.wav	04Sad
/kaggle/working//train_aug_308_0.wav	01Neutral
/kaggle/working//train_aug_308_1.wav	01Neutral
/kaggle/working//train_aug_308_2.wav	01Neutral
/kaggle/working//train_aug_308_3.wav	01Neutral
/kaggle/working//train_aug_309_0.wav	05Angry
/kaggle/working//train_aug_309_1.wav	05Angry
/kaggle/working//train_aug_309_2.wav	05Angry
/kaggle/working//train_aug_309_3.wav	05Angry
/kaggle/working//train_aug_310_0.wav	03Happy
/kaggle/working//train_aug_310_1.wav	03Happy
/kaggle/working//train_aug_310_2.wav	03Happy
/kaggle/working//train_aug_310_3.wav	03Happy
/kaggle/working//train_aug_311_0.wav	04Sad
/kaggle/working//train_aug_311_1.wav	04Sad
/kaggle/working//train_aug_311_2.wav	04Sad
/kaggle/working//train_aug_311_3.wav	04Sad
/kaggle/working//train_aug_312_0.wav	01Neutral
/kaggle/working//train_aug_312_1.wav	01Neutral
/kaggle/working//train_aug_312_2.wav	01Neutral
/kaggle/working//train_aug_312_3.wav	01Neutral
/kaggle/working//train_aug_313_0.wav	03Happy
/kaggle/working//train_aug_313_1.wav	03Happy
/kaggle/working//train_aug_313_2.wav	03Happy
/kaggle/working//train_aug_313_3.wav	03Happy
/kaggle/working//train_aug_314_0.wav	04Sad
/kaggle/working//train_aug_314_1.wav	04Sad
/kaggle/working//train_aug_314_2.wav	04Sad
/kaggle/working//train_aug_314_3.wav	04Sad
/kaggle/working//train_aug_315_0.wav	04Sad
/kaggle/working//train_aug_315_1.wav	04Sad
/kaggle/working//train_aug_315_2.wav	04Sad
/kaggle/working//train_aug_315_3.wav	04Sad
/kaggle/working//train_aug_316_0.wav	02Fearful
/kaggle/working//train_aug_316_1.wav	02Fearful
/kaggle/working//train_aug_316_2.wav	02Fearful
/kaggle/working//train_aug_316_3.wav	02Fearful
/kaggle/working//train_aug_317_0.wav	01Neutral
/kaggle/working//train_aug_317_1.wav	01Neutral
/kaggle/working//train_aug_317_2.wav	01Neutral
/kaggle/working//train_aug_317_3.wav	01Neutral
/kaggle/working//train_aug_318_0.wav	04Sad
/kaggle/working//train_aug_318_1.wav	04Sad
/kaggle/working//train_aug_318_2.wav	04Sad
/kaggle/working//train_aug_318_3.wav	04Sad
/kaggle/working//train_aug_319_0.wav	04Sad
/kaggle/working//train_aug_319_1.wav	04Sad
/kaggle/working//train_aug_319_2.wav	04Sad
/kaggle/working//train_aug_319_3.wav	04Sad
/kaggle/working//train_aug_320_0.wav	02Fearful
/kaggle/working//train_aug_320_1.wav	02Fearful
/kaggle/working//train_aug_320_2.wav	02Fearful
/kaggle/working//train_aug_320_3.wav	02Fearful
/kaggle/working//train_aug_321_0.wav	02Fearful
/kaggle/working//train_aug_321_1.wav	02Fearful
/kaggle/working//train_aug_321_2.wav	02Fearful
/kaggle/working//train_aug_321_3.wav	02Fearful
/kaggle/working//train_aug_322_0.wav	02Fearful
/kaggle/working//train_aug_322_1.wav	02Fearful
/kaggle/working//train_aug_322_2.wav	02Fearful
/kaggle/working//train_aug_322_3.wav	02Fearful
/kaggle/working//train_aug_323_0.wav	04Sad
/kaggle/working//train_aug_323_1.wav	04Sad
/kaggle/working//train_aug_323_2.wav	04Sad
/kaggle/working//train_aug_323_3.wav	04Sad
/kaggle/working//train_aug_324_0.wav	03Happy
/kaggle/working//train_aug_324_1.wav	03Happy
/kaggle/working//train_aug_324_2.wav	03Happy
/kaggle/working//train_aug_324_3.wav	03Happy
/kaggle/working//train_aug_325_0.wav	03Happy
/kaggle/working//train_aug_325_1.wav	03Happy
/kaggle/working//train_aug_325_2.wav	03Happy
/kaggle/working//train_aug_325_3.wav	03Happy
/kaggle/working//train_aug_326_0.wav	04Sad
/kaggle/working//train_aug_326_1.wav	04Sad
/kaggle/working//train_aug_326_2.wav	04Sad
/kaggle/working//train_aug_326_3.wav	04Sad
/kaggle/working//train_aug_327_0.wav	05Angry
/kaggle/working//train_aug_327_1.wav	05Angry
/kaggle/working//train_aug_327_2.wav	05Angry
/kaggle/working//train_aug_327_3.wav	05Angry
/kaggle/working//train_aug_328_0.wav	05Angry
/kaggle/working//train_aug_328_1.wav	05Angry
/kaggle/working//train_aug_328_2.wav	05Angry
/kaggle/working//train_aug_328_3.wav	05Angry
/kaggle/working//train_aug_329_0.wav	02Fearful
/kaggle/working//train_aug_329_1.wav	02Fearful
/kaggle/working//train_aug_329_2.wav	02Fearful
/kaggle/working//train_aug_329_3.wav	02Fearful
/kaggle/working//train_aug_330_0.wav	02Fearful
/kaggle/working//train_aug_330_1.wav	02Fearful
/kaggle/working//train_aug_330_2.wav	02Fearful
/kaggle/working//train_aug_330_3.wav	02Fearful
/kaggle/working//train_aug_331_0.wav	05Angry
/kaggle/working//train_aug_331_1.wav	05Angry
/kaggle/working//train_aug_331_2.wav	05Angry
/kaggle/working//train_aug_331_3.wav	05Angry
/kaggle/working//train_aug_332_0.wav	03Happy
/kaggle/working//train_aug_332_1.wav	03Happy
/kaggle/working//train_aug_332_2.wav	03Happy
/kaggle/working//train_aug_332_3.wav	03Happy
/kaggle/working//train_aug_333_0.wav	05Angry
/kaggle/working//train_aug_333_1.wav	05Angry
/kaggle/working//train_aug_333_2.wav	05Angry
/kaggle/working//train_aug_333_3.wav	05Angry
/kaggle/working//train_aug_334_0.wav	03Happy
/kaggle/working//train_aug_334_1.wav	03Happy
/kaggle/working//train_aug_334_2.wav	03Happy
/kaggle/working//train_aug_334_3.wav	03Happy
/kaggle/working//train_aug_335_0.wav	02Fearful
/kaggle/working//train_aug_335_1.wav	02Fearful
/kaggle/working//train_aug_335_2.wav	02Fearful
/kaggle/working//train_aug_335_3.wav	02Fearful
/kaggle/working//train_aug_336_0.wav	05Angry
/kaggle/working//train_aug_336_1.wav	05Angry
/kaggle/working//train_aug_336_2.wav	05Angry
/kaggle/working//train_aug_336_3.wav	05Angry
/kaggle/working//train_aug_337_0.wav	01Neutral
/kaggle/working//train_aug_337_1.wav	01Neutral
/kaggle/working//train_aug_337_2.wav	01Neutral
/kaggle/working//train_aug_337_3.wav	01Neutral
/kaggle/working//train_aug_338_0.wav	01Neutral
/kaggle/working//train_aug_338_1.wav	01Neutral
/kaggle/working//train_aug_338_2.wav	01Neutral
/kaggle/working//train_aug_338_3.wav	01Neutral
/kaggle/working//train_aug_339_0.wav	05Angry
/kaggle/working//train_aug_339_1.wav	05Angry
/kaggle/working//train_aug_339_2.wav	05Angry
/kaggle/working//train_aug_339_3.wav	05Angry
/kaggle/working//train_aug_340_0.wav	01Neutral
/kaggle/working//train_aug_340_1.wav	01Neutral
/kaggle/working//train_aug_340_2.wav	01Neutral
/kaggle/working//train_aug_340_3.wav	01Neutral
/kaggle/working//train_aug_341_0.wav	01Neutral
/kaggle/working//train_aug_341_1.wav	01Neutral
/kaggle/working//train_aug_341_2.wav	01Neutral
/kaggle/working//train_aug_341_3.wav	01Neutral
/kaggle/working//train_aug_342_0.wav	01Neutral
/kaggle/working//train_aug_342_1.wav	01Neutral
/kaggle/working//train_aug_342_2.wav	01Neutral
/kaggle/working//train_aug_342_3.wav	01Neutral
/kaggle/working//train_aug_343_0.wav	04Sad
/kaggle/working//train_aug_343_1.wav	04Sad
/kaggle/working//train_aug_343_2.wav	04Sad
/kaggle/working//train_aug_343_3.wav	04Sad
/kaggle/working//train_aug_344_0.wav	02Fearful
/kaggle/working//train_aug_344_1.wav	02Fearful
/kaggle/working//train_aug_344_2.wav	02Fearful
/kaggle/working//train_aug_344_3.wav	02Fearful
/kaggle/working//train_aug_345_0.wav	05Angry
/kaggle/working//train_aug_345_1.wav	05Angry
/kaggle/working//train_aug_345_2.wav	05Angry
/kaggle/working//train_aug_345_3.wav	05Angry
/kaggle/working//train_aug_346_0.wav	05Angry
/kaggle/working//train_aug_346_1.wav	05Angry
/kaggle/working//train_aug_346_2.wav	05Angry
/kaggle/working//train_aug_346_3.wav	05Angry
/kaggle/working//train_aug_347_0.wav	01Neutral
/kaggle/working//train_aug_347_1.wav	01Neutral
/kaggle/working//train_aug_347_2.wav	01Neutral
/kaggle/working//train_aug_347_3.wav	01Neutral
/kaggle/working//train_aug_348_0.wav	04Sad
/kaggle/working//train_aug_348_1.wav	04Sad
/kaggle/working//train_aug_348_2.wav	04Sad
/kaggle/working//train_aug_348_3.wav	04Sad
/kaggle/working//train_aug_349_0.wav	02Fearful
/kaggle/working//train_aug_349_1.wav	02Fearful
/kaggle/working//train_aug_349_2.wav	02Fearful
/kaggle/working//train_aug_349_3.wav	02Fearful
/kaggle/working//train_aug_350_0.wav	03Happy
/kaggle/working//train_aug_350_1.wav	03Happy
/kaggle/working//train_aug_350_2.wav	03Happy
/kaggle/working//train_aug_350_3.wav	03Happy
/kaggle/working//train_aug_351_0.wav	01Neutral
/kaggle/working//train_aug_351_1.wav	01Neutral
/kaggle/working//train_aug_351_2.wav	01Neutral
/kaggle/working//train_aug_351_3.wav	01Neutral
/kaggle/working//train_aug_352_0.wav	03Happy
/kaggle/working//train_aug_352_1.wav	03Happy
/kaggle/working//train_aug_352_2.wav	03Happy
/kaggle/working//train_aug_352_3.wav	03Happy
/kaggle/working//train_aug_353_0.wav	05Angry
/kaggle/working//train_aug_353_1.wav	05Angry
/kaggle/working//train_aug_353_2.wav	05Angry
/kaggle/working//train_aug_353_3.wav	05Angry
/kaggle/working//train_aug_354_0.wav	02Fearful
/kaggle/working//train_aug_354_1.wav	02Fearful
/kaggle/working//train_aug_354_2.wav	02Fearful
/kaggle/working//train_aug_354_3.wav	02Fearful
/kaggle/working//train_aug_355_0.wav	02Fearful
/kaggle/working//train_aug_355_1.wav	02Fearful
/kaggle/working//train_aug_355_2.wav	02Fearful
/kaggle/working//train_aug_355_3.wav	02Fearful
/kaggle/working//train_aug_356_0.wav	04Sad
/kaggle/working//train_aug_356_1.wav	04Sad
/kaggle/working//train_aug_356_2.wav	04Sad
/kaggle/working//train_aug_356_3.wav	04Sad
/kaggle/working//train_aug_357_0.wav	01Neutral
/kaggle/working//train_aug_357_1.wav	01Neutral
/kaggle/working//train_aug_357_2.wav	01Neutral
/kaggle/working//train_aug_357_3.wav	01Neutral
/kaggle/working//train_aug_358_0.wav	02Fearful
/kaggle/working//train_aug_358_1.wav	02Fearful
/kaggle/working//train_aug_358_2.wav	02Fearful
/kaggle/working//train_aug_358_3.wav	02Fearful
/kaggle/working//train_aug_359_0.wav	01Neutral
/kaggle/working//train_aug_359_1.wav	01Neutral
/kaggle/working//train_aug_359_2.wav	01Neutral
/kaggle/working//train_aug_359_3.wav	01Neutral
/kaggle/working//train_aug_360_0.wav	02Fearful
/kaggle/working//train_aug_360_1.wav	02Fearful
/kaggle/working//train_aug_360_2.wav	02Fearful
/kaggle/working//train_aug_360_3.wav	02Fearful
/kaggle/working//train_aug_361_0.wav	03Happy
/kaggle/working//train_aug_361_1.wav	03Happy
/kaggle/working//train_aug_361_2.wav	03Happy
/kaggle/working//train_aug_361_3.wav	03Happy
/kaggle/working//train_aug_362_0.wav	01Neutral
/kaggle/working//train_aug_362_1.wav	01Neutral
/kaggle/working//train_aug_362_2.wav	01Neutral
/kaggle/working//train_aug_362_3.wav	01Neutral
/kaggle/working//train_aug_363_0.wav	05Angry
/kaggle/working//train_aug_363_1.wav	05Angry
/kaggle/working//train_aug_363_2.wav	05Angry
/kaggle/working//train_aug_363_3.wav	05Angry
/kaggle/working//train_aug_364_0.wav	01Neutral
/kaggle/working//train_aug_364_1.wav	01Neutral
/kaggle/working//train_aug_364_2.wav	01Neutral
/kaggle/working//train_aug_364_3.wav	01Neutral
/kaggle/working//train_aug_365_0.wav	04Sad
/kaggle/working//train_aug_365_1.wav	04Sad
/kaggle/working//train_aug_365_2.wav	04Sad
/kaggle/working//train_aug_365_3.wav	04Sad
/kaggle/working//train_aug_366_0.wav	05Angry
/kaggle/working//train_aug_366_1.wav	05Angry
/kaggle/working//train_aug_366_2.wav	05Angry
/kaggle/working//train_aug_366_3.wav	05Angry
/kaggle/working//train_aug_367_0.wav	05Angry
/kaggle/working//train_aug_367_1.wav	05Angry
/kaggle/working//train_aug_367_2.wav	05Angry
/kaggle/working//train_aug_367_3.wav	05Angry
/kaggle/working//train_aug_368_0.wav	02Fearful
/kaggle/working//train_aug_368_1.wav	02Fearful
/kaggle/working//train_aug_368_2.wav	02Fearful
/kaggle/working//train_aug_368_3.wav	02Fearful
/kaggle/working//train_aug_369_0.wav	03Happy
/kaggle/working//train_aug_369_1.wav	03Happy
/kaggle/working//train_aug_369_2.wav	03Happy
/kaggle/working//train_aug_369_3.wav	03Happy
/kaggle/working//train_aug_370_0.wav	04Sad
/kaggle/working//train_aug_370_1.wav	04Sad
/kaggle/working//train_aug_370_2.wav	04Sad
/kaggle/working//train_aug_370_3.wav	04Sad
/kaggle/working//train_aug_371_0.wav	05Angry
/kaggle/working//train_aug_371_1.wav	05Angry
/kaggle/working//train_aug_371_2.wav	05Angry
/kaggle/working//train_aug_371_3.wav	05Angry
/kaggle/working//train_aug_372_0.wav	02Fearful
/kaggle/working//train_aug_372_1.wav	02Fearful
/kaggle/working//train_aug_372_2.wav	02Fearful
/kaggle/working//train_aug_372_3.wav	02Fearful
/kaggle/working//train_aug_373_0.wav	05Angry
/kaggle/working//train_aug_373_1.wav	05Angry
/kaggle/working//train_aug_373_2.wav	05Angry
/kaggle/working//train_aug_373_3.wav	05Angry
/kaggle/working//train_aug_374_0.wav	01Neutral
/kaggle/working//train_aug_374_1.wav	01Neutral
/kaggle/working//train_aug_374_2.wav	01Neutral
/kaggle/working//train_aug_374_3.wav	01Neutral
/kaggle/working//train_aug_375_0.wav	03Happy
/kaggle/working//train_aug_375_1.wav	03Happy
/kaggle/working//train_aug_375_2.wav	03Happy
/kaggle/working//train_aug_375_3.wav	03Happy
/kaggle/working//train_aug_376_0.wav	01Neutral
/kaggle/working//train_aug_376_1.wav	01Neutral
/kaggle/working//train_aug_376_2.wav	01Neutral
/kaggle/working//train_aug_376_3.wav	01Neutral
/kaggle/working//train_aug_377_0.wav	05Angry
/kaggle/working//train_aug_377_1.wav	05Angry
/kaggle/working//train_aug_377_2.wav	05Angry
/kaggle/working//train_aug_377_3.wav	05Angry
/kaggle/working//train_aug_378_0.wav	03Happy
/kaggle/working//train_aug_378_1.wav	03Happy
/kaggle/working//train_aug_378_2.wav	03Happy
/kaggle/working//train_aug_378_3.wav	03Happy
/kaggle/working//train_aug_379_0.wav	02Fearful
/kaggle/working//train_aug_379_1.wav	02Fearful
/kaggle/working//train_aug_379_2.wav	02Fearful
/kaggle/working//train_aug_379_3.wav	02Fearful
/kaggle/working//train_aug_380_0.wav	03Happy
/kaggle/working//train_aug_380_1.wav	03Happy
/kaggle/working//train_aug_380_2.wav	03Happy
/kaggle/working//train_aug_380_3.wav	03Happy
/kaggle/working//train_aug_381_0.wav	03Happy
/kaggle/working//train_aug_381_1.wav	03Happy
/kaggle/working//train_aug_381_2.wav	03Happy
/kaggle/working//train_aug_381_3.wav	03Happy
/kaggle/working//train_aug_382_0.wav	01Neutral
/kaggle/working//train_aug_382_1.wav	01Neutral
/kaggle/working//train_aug_382_2.wav	01Neutral
/kaggle/working//train_aug_382_3.wav	01Neutral
/kaggle/working//train_aug_383_0.wav	03Happy
/kaggle/working//train_aug_383_1.wav	03Happy
/kaggle/working//train_aug_383_2.wav	03Happy
/kaggle/working//train_aug_383_3.wav	03Happy
/kaggle/working//train_aug_384_0.wav	01Neutral
/kaggle/working//train_aug_384_1.wav	01Neutral
/kaggle/working//train_aug_384_2.wav	01Neutral
/kaggle/working//train_aug_384_3.wav	01Neutral
/kaggle/working//train_aug_385_0.wav	05Angry
/kaggle/working//train_aug_385_1.wav	05Angry
/kaggle/working//train_aug_385_2.wav	05Angry
/kaggle/working//train_aug_385_3.wav	05Angry
/kaggle/working//train_aug_386_0.wav	01Neutral
/kaggle/working//train_aug_386_1.wav	01Neutral
/kaggle/working//train_aug_386_2.wav	01Neutral
/kaggle/working//train_aug_386_3.wav	01Neutral
/kaggle/working//train_aug_387_0.wav	05Angry
/kaggle/working//train_aug_387_1.wav	05Angry
/kaggle/working//train_aug_387_2.wav	05Angry
/kaggle/working//train_aug_387_3.wav	05Angry
/kaggle/working//train_aug_388_0.wav	05Angry
/kaggle/working//train_aug_388_1.wav	05Angry
/kaggle/working//train_aug_388_2.wav	05Angry
/kaggle/working//train_aug_388_3.wav	05Angry
/kaggle/working//train_aug_389_0.wav	02Fearful
/kaggle/working//train_aug_389_1.wav	02Fearful
/kaggle/working//train_aug_389_2.wav	02Fearful
/kaggle/working//train_aug_389_3.wav	02Fearful
/kaggle/working//train_aug_390_0.wav	03Happy
/kaggle/working//train_aug_390_1.wav	03Happy
/kaggle/working//train_aug_390_2.wav	03Happy
/kaggle/working//train_aug_390_3.wav	03Happy
/kaggle/working//train_aug_391_0.wav	03Happy
/kaggle/working//train_aug_391_1.wav	03Happy
/kaggle/working//train_aug_391_2.wav	03Happy
/kaggle/working//train_aug_391_3.wav	03Happy
/kaggle/working//train_aug_392_0.wav	04Sad
/kaggle/working//train_aug_392_1.wav	04Sad
/kaggle/working//train_aug_392_2.wav	04Sad
/kaggle/working//train_aug_392_3.wav	04Sad
/kaggle/working//train_aug_393_0.wav	02Fearful
/kaggle/working//train_aug_393_1.wav	02Fearful
/kaggle/working//train_aug_393_2.wav	02Fearful
/kaggle/working//train_aug_393_3.wav	02Fearful
/kaggle/working//train_aug_394_0.wav	02Fearful
/kaggle/working//train_aug_394_1.wav	02Fearful
/kaggle/working//train_aug_394_2.wav	02Fearful
/kaggle/working//train_aug_394_3.wav	02Fearful
/kaggle/working//train_aug_395_0.wav	01Neutral
/kaggle/working//train_aug_395_1.wav	01Neutral
/kaggle/working//train_aug_395_2.wav	01Neutral
/kaggle/working//train_aug_395_3.wav	01Neutral
/kaggle/working//train_aug_396_0.wav	01Neutral
/kaggle/working//train_aug_396_1.wav	01Neutral
/kaggle/working//train_aug_396_2.wav	01Neutral
/kaggle/working//train_aug_396_3.wav	01Neutral
/kaggle/working//train_aug_397_0.wav	02Fearful
/kaggle/working//train_aug_397_1.wav	02Fearful
/kaggle/working//train_aug_397_2.wav	02Fearful
/kaggle/working//train_aug_397_3.wav	02Fearful
/kaggle/working//train_aug_398_0.wav	03Happy
/kaggle/working//train_aug_398_1.wav	03Happy
/kaggle/working//train_aug_398_2.wav	03Happy
/kaggle/working//train_aug_398_3.wav	03Happy
/kaggle/working//train_aug_399_0.wav	02Fearful
/kaggle/working//train_aug_399_1.wav	02Fearful
/kaggle/working//train_aug_399_2.wav	02Fearful
/kaggle/working//train_aug_399_3.wav	02Fearful
/kaggle/working//train_aug_400_0.wav	01Neutral
/kaggle/working//train_aug_400_1.wav	01Neutral
/kaggle/working//train_aug_400_2.wav	01Neutral
/kaggle/working//train_aug_400_3.wav	01Neutral
/kaggle/working//train_aug_401_0.wav	05Angry
/kaggle/working//train_aug_401_1.wav	05Angry
/kaggle/working//train_aug_401_2.wav	05Angry
/kaggle/working//train_aug_401_3.wav	05Angry
/kaggle/working//train_aug_402_0.wav	03Happy
/kaggle/working//train_aug_402_1.wav	03Happy
/kaggle/working//train_aug_402_2.wav	03Happy
/kaggle/working//train_aug_402_3.wav	03Happy
/kaggle/working//train_aug_403_0.wav	01Neutral
/kaggle/working//train_aug_403_1.wav	01Neutral
/kaggle/working//train_aug_403_2.wav	01Neutral
/kaggle/working//train_aug_403_3.wav	01Neutral
/kaggle/working//train_aug_404_0.wav	01Neutral
/kaggle/working//train_aug_404_1.wav	01Neutral
/kaggle/working//train_aug_404_2.wav	01Neutral
/kaggle/working//train_aug_404_3.wav	01Neutral
/kaggle/working//train_aug_405_0.wav	05Angry
/kaggle/working//train_aug_405_1.wav	05Angry
/kaggle/working//train_aug_405_2.wav	05Angry
/kaggle/working//train_aug_405_3.wav	05Angry
/kaggle/working//train_aug_406_0.wav	05Angry
/kaggle/working//train_aug_406_1.wav	05Angry
/kaggle/working//train_aug_406_2.wav	05Angry
/kaggle/working//train_aug_406_3.wav	05Angry
/kaggle/working//train_aug_407_0.wav	02Fearful
/kaggle/working//train_aug_407_1.wav	02Fearful
/kaggle/working//train_aug_407_2.wav	02Fearful
/kaggle/working//train_aug_407_3.wav	02Fearful
/kaggle/working//train_aug_408_0.wav	02Fearful
/kaggle/working//train_aug_408_1.wav	02Fearful
/kaggle/working//train_aug_408_2.wav	02Fearful
/kaggle/working//train_aug_408_3.wav	02Fearful
/kaggle/working//train_aug_409_0.wav	03Happy
/kaggle/working//train_aug_409_1.wav	03Happy
/kaggle/working//train_aug_409_2.wav	03Happy
/kaggle/working//train_aug_409_3.wav	03Happy
/kaggle/working//train_aug_410_0.wav	01Neutral
/kaggle/working//train_aug_410_1.wav	01Neutral
/kaggle/working//train_aug_410_2.wav	01Neutral
/kaggle/working//train_aug_410_3.wav	01Neutral
/kaggle/working//train_aug_411_0.wav	04Sad
/kaggle/working//train_aug_411_1.wav	04Sad
/kaggle/working//train_aug_411_2.wav	04Sad
/kaggle/working//train_aug_411_3.wav	04Sad
/kaggle/working//train_aug_412_0.wav	02Fearful
/kaggle/working//train_aug_412_1.wav	02Fearful
/kaggle/working//train_aug_412_2.wav	02Fearful
/kaggle/working//train_aug_412_3.wav	02Fearful
/kaggle/working//train_aug_413_0.wav	03Happy
/kaggle/working//train_aug_413_1.wav	03Happy
/kaggle/working//train_aug_413_2.wav	03Happy
/kaggle/working//train_aug_413_3.wav	03Happy
/kaggle/working//train_aug_414_0.wav	03Happy
/kaggle/working//train_aug_414_1.wav	03Happy
/kaggle/working//train_aug_414_2.wav	03Happy
/kaggle/working//train_aug_414_3.wav	03Happy
/kaggle/working//train_aug_415_0.wav	04Sad
/kaggle/working//train_aug_415_1.wav	04Sad
/kaggle/working//train_aug_415_2.wav	04Sad
/kaggle/working//train_aug_415_3.wav	04Sad
/kaggle/working//train_aug_416_0.wav	04Sad
/kaggle/working//train_aug_416_1.wav	04Sad
/kaggle/working//train_aug_416_2.wav	04Sad
/kaggle/working//train_aug_416_3.wav	04Sad
/kaggle/working//train_aug_417_0.wav	05Angry
/kaggle/working//train_aug_417_1.wav	05Angry
/kaggle/working//train_aug_417_2.wav	05Angry
/kaggle/working//train_aug_417_3.wav	05Angry
/kaggle/working//train_aug_418_0.wav	03Happy
/kaggle/working//train_aug_418_1.wav	03Happy
/kaggle/working//train_aug_418_2.wav	03Happy
/kaggle/working//train_aug_418_3.wav	03Happy
/kaggle/working//train_aug_419_0.wav	04Sad
/kaggle/working//train_aug_419_1.wav	04Sad
/kaggle/working//train_aug_419_2.wav	04Sad
/kaggle/working//train_aug_419_3.wav	04Sad
/kaggle/working//train_aug_420_0.wav	02Fearful
/kaggle/working//train_aug_420_1.wav	02Fearful
/kaggle/working//train_aug_420_2.wav	02Fearful
/kaggle/working//train_aug_420_3.wav	02Fearful
/kaggle/working//train_aug_421_0.wav	01Neutral
/kaggle/working//train_aug_421_1.wav	01Neutral
/kaggle/working//train_aug_421_2.wav	01Neutral
/kaggle/working//train_aug_421_3.wav	01Neutral
/kaggle/working//train_aug_422_0.wav	02Fearful
/kaggle/working//train_aug_422_1.wav	02Fearful
/kaggle/working//train_aug_422_2.wav	02Fearful
/kaggle/working//train_aug_422_3.wav	02Fearful
/kaggle/working//train_aug_423_0.wav	05Angry
/kaggle/working//train_aug_423_1.wav	05Angry
/kaggle/working//train_aug_423_2.wav	05Angry
/kaggle/working//train_aug_423_3.wav	05Angry
/kaggle/working//train_aug_424_0.wav	04Sad
/kaggle/working//train_aug_424_1.wav	04Sad
/kaggle/working//train_aug_424_2.wav	04Sad
/kaggle/working//train_aug_424_3.wav	04Sad
/kaggle/working//train_aug_425_0.wav	01Neutral
/kaggle/working//train_aug_425_1.wav	01Neutral
/kaggle/working//train_aug_425_2.wav	01Neutral
/kaggle/working//train_aug_425_3.wav	01Neutral
/kaggle/working//train_aug_426_0.wav	04Sad
/kaggle/working//train_aug_426_1.wav	04Sad
/kaggle/working//train_aug_426_2.wav	04Sad
/kaggle/working//train_aug_426_3.wav	04Sad
/kaggle/working//train_aug_427_0.wav	04Sad
/kaggle/working//train_aug_427_1.wav	04Sad
/kaggle/working//train_aug_427_2.wav	04Sad
/kaggle/working//train_aug_427_3.wav	04Sad
/kaggle/working//train_aug_428_0.wav	01Neutral
/kaggle/working//train_aug_428_1.wav	01Neutral
/kaggle/working//train_aug_428_2.wav	01Neutral
/kaggle/working//train_aug_428_3.wav	01Neutral
/kaggle/working//train_aug_429_0.wav	02Fearful
/kaggle/working//train_aug_429_1.wav	02Fearful
/kaggle/working//train_aug_429_2.wav	02Fearful
/kaggle/working//train_aug_429_3.wav	02Fearful
/kaggle/working//train_aug_430_0.wav	05Angry
/kaggle/working//train_aug_430_1.wav	05Angry
/kaggle/working//train_aug_430_2.wav	05Angry
/kaggle/working//train_aug_430_3.wav	05Angry
/kaggle/working//train_aug_431_0.wav	02Fearful
/kaggle/working//train_aug_431_1.wav	02Fearful
/kaggle/working//train_aug_431_2.wav	02Fearful
/kaggle/working//train_aug_431_3.wav	02Fearful
/kaggle/working//train_aug_432_0.wav	04Sad
/kaggle/working//train_aug_432_1.wav	04Sad
/kaggle/working//train_aug_432_2.wav	04Sad
/kaggle/working//train_aug_432_3.wav	04Sad
/kaggle/working//train_aug_433_0.wav	02Fearful
/kaggle/working//train_aug_433_1.wav	02Fearful
/kaggle/working//train_aug_433_2.wav	02Fearful
/kaggle/working//train_aug_433_3.wav	02Fearful
/kaggle/working//train_aug_434_0.wav	03Happy
/kaggle/working//train_aug_434_1.wav	03Happy
/kaggle/working//train_aug_434_2.wav	03Happy
/kaggle/working//train_aug_434_3.wav	03Happy
/kaggle/working//train_aug_435_0.wav	01Neutral
/kaggle/working//train_aug_435_1.wav	01Neutral
/kaggle/working//train_aug_435_2.wav	01Neutral
/kaggle/working//train_aug_435_3.wav	01Neutral
/kaggle/working//train_aug_436_0.wav	02Fearful
/kaggle/working//train_aug_436_1.wav	02Fearful
/kaggle/working//train_aug_436_2.wav	02Fearful
/kaggle/working//train_aug_436_3.wav	02Fearful
/kaggle/working//train_aug_437_0.wav	04Sad
/kaggle/working//train_aug_437_1.wav	04Sad
/kaggle/working//train_aug_437_2.wav	04Sad
/kaggle/working//train_aug_437_3.wav	04Sad
/kaggle/working//train_aug_438_0.wav	02Fearful
/kaggle/working//train_aug_438_1.wav	02Fearful
/kaggle/working//train_aug_438_2.wav	02Fearful
/kaggle/working//train_aug_438_3.wav	02Fearful
/kaggle/working//train_aug_439_0.wav	04Sad
/kaggle/working//train_aug_439_1.wav	04Sad
/kaggle/working//train_aug_439_2.wav	04Sad
/kaggle/working//train_aug_439_3.wav	04Sad
/kaggle/working//train_aug_440_0.wav	04Sad
/kaggle/working//train_aug_440_1.wav	04Sad
/kaggle/working//train_aug_440_2.wav	04Sad
/kaggle/working//train_aug_440_3.wav	04Sad
/kaggle/working//train_aug_441_0.wav	03Happy
/kaggle/working//train_aug_441_1.wav	03Happy
/kaggle/working//train_aug_441_2.wav	03Happy
/kaggle/working//train_aug_441_3.wav	03Happy
/kaggle/working//train_aug_442_0.wav	04Sad
/kaggle/working//train_aug_442_1.wav	04Sad
/kaggle/working//train_aug_442_2.wav	04Sad
/kaggle/working//train_aug_442_3.wav	04Sad
/kaggle/working//train_aug_443_0.wav	04Sad
/kaggle/working//train_aug_443_1.wav	04Sad
/kaggle/working//train_aug_443_2.wav	04Sad
/kaggle/working//train_aug_443_3.wav	04Sad
/kaggle/working//train_aug_444_0.wav	01Neutral
/kaggle/working//train_aug_444_1.wav	01Neutral
/kaggle/working//train_aug_444_2.wav	01Neutral
/kaggle/working//train_aug_444_3.wav	01Neutral
/kaggle/working//train_aug_445_0.wav	05Angry
/kaggle/working//train_aug_445_1.wav	05Angry
/kaggle/working//train_aug_445_2.wav	05Angry
/kaggle/working//train_aug_445_3.wav	05Angry
/kaggle/working//train_aug_446_0.wav	01Neutral
/kaggle/working//train_aug_446_1.wav	01Neutral
/kaggle/working//train_aug_446_2.wav	01Neutral
/kaggle/working//train_aug_446_3.wav	01Neutral
/kaggle/working//train_aug_447_0.wav	01Neutral
/kaggle/working//train_aug_447_1.wav	01Neutral
/kaggle/working//train_aug_447_2.wav	01Neutral
/kaggle/working//train_aug_447_3.wav	01Neutral
/kaggle/working//train_aug_448_0.wav	02Fearful
/kaggle/working//train_aug_448_1.wav	02Fearful
/kaggle/working//train_aug_448_2.wav	02Fearful
/kaggle/working//train_aug_448_3.wav	02Fearful
/kaggle/working//train_aug_449_0.wav	05Angry
/kaggle/working//train_aug_449_1.wav	05Angry
/kaggle/working//train_aug_449_2.wav	05Angry
/kaggle/working//train_aug_449_3.wav	05Angry
/kaggle/working//train_aug_450_0.wav	03Happy
/kaggle/working//train_aug_450_1.wav	03Happy
/kaggle/working//train_aug_450_2.wav	03Happy
/kaggle/working//train_aug_450_3.wav	03Happy
/kaggle/working//train_aug_451_0.wav	03Happy
/kaggle/working//train_aug_451_1.wav	03Happy
/kaggle/working//train_aug_451_2.wav	03Happy
/kaggle/working//train_aug_451_3.wav	03Happy
/kaggle/working//train_aug_452_0.wav	03Happy
/kaggle/working//train_aug_452_1.wav	03Happy
/kaggle/working//train_aug_452_2.wav	03Happy
/kaggle/working//train_aug_452_3.wav	03Happy
/kaggle/working//train_aug_453_0.wav	02Fearful
/kaggle/working//train_aug_453_1.wav	02Fearful
/kaggle/working//train_aug_453_2.wav	02Fearful
/kaggle/working//train_aug_453_3.wav	02Fearful
/kaggle/working//train_aug_454_0.wav	05Angry
/kaggle/working//train_aug_454_1.wav	05Angry
/kaggle/working//train_aug_454_2.wav	05Angry
/kaggle/working//train_aug_454_3.wav	05Angry
/kaggle/working//train_aug_455_0.wav	05Angry
/kaggle/working//train_aug_455_1.wav	05Angry
/kaggle/working//train_aug_455_2.wav	05Angry
/kaggle/working//train_aug_455_3.wav	05Angry
/kaggle/working//train_aug_456_0.wav	02Fearful
/kaggle/working//train_aug_456_1.wav	02Fearful
/kaggle/working//train_aug_456_2.wav	02Fearful
/kaggle/working//train_aug_456_3.wav	02Fearful
/kaggle/working//train_aug_457_0.wav	05Angry
/kaggle/working//train_aug_457_1.wav	05Angry
/kaggle/working//train_aug_457_2.wav	05Angry
/kaggle/working//train_aug_457_3.wav	05Angry
/kaggle/working//train_aug_458_0.wav	02Fearful
/kaggle/working//train_aug_458_1.wav	02Fearful
/kaggle/working//train_aug_458_2.wav	02Fearful
/kaggle/working//train_aug_458_3.wav	02Fearful
/kaggle/working//train_aug_459_0.wav	05Angry
/kaggle/working//train_aug_459_1.wav	05Angry
/kaggle/working//train_aug_459_2.wav	05Angry
/kaggle/working//train_aug_459_3.wav	05Angry
/kaggle/working//train_aug_460_0.wav	01Neutral
/kaggle/working//train_aug_460_1.wav	01Neutral
/kaggle/working//train_aug_460_2.wav	01Neutral
/kaggle/working//train_aug_460_3.wav	01Neutral
/kaggle/working//train_aug_461_0.wav	05Angry
/kaggle/working//train_aug_461_1.wav	05Angry
/kaggle/working//train_aug_461_2.wav	05Angry
/kaggle/working//train_aug_461_3.wav	05Angry
/kaggle/working//train_aug_462_0.wav	01Neutral
/kaggle/working//train_aug_462_1.wav	01Neutral
/kaggle/working//train_aug_462_2.wav	01Neutral
/kaggle/working//train_aug_462_3.wav	01Neutral
/kaggle/working//train_aug_463_0.wav	02Fearful
/kaggle/working//train_aug_463_1.wav	02Fearful
/kaggle/working//train_aug_463_2.wav	02Fearful
/kaggle/working//train_aug_463_3.wav	02Fearful
/kaggle/working//train_aug_464_0.wav	05Angry
/kaggle/working//train_aug_464_1.wav	05Angry
/kaggle/working//train_aug_464_2.wav	05Angry
/kaggle/working//train_aug_464_3.wav	05Angry
/kaggle/working//train_aug_465_0.wav	01Neutral
/kaggle/working//train_aug_465_1.wav	01Neutral
/kaggle/working//train_aug_465_2.wav	01Neutral
/kaggle/working//train_aug_465_3.wav	01Neutral
/kaggle/working//train_aug_466_0.wav	03Happy
/kaggle/working//train_aug_466_1.wav	03Happy
/kaggle/working//train_aug_466_2.wav	03Happy
/kaggle/working//train_aug_466_3.wav	03Happy
/kaggle/working//train_aug_467_0.wav	02Fearful
/kaggle/working//train_aug_467_1.wav	02Fearful
/kaggle/working//train_aug_467_2.wav	02Fearful
/kaggle/working//train_aug_467_3.wav	02Fearful
/kaggle/working//train_aug_468_0.wav	01Neutral
/kaggle/working//train_aug_468_1.wav	01Neutral
/kaggle/working//train_aug_468_2.wav	01Neutral
/kaggle/working//train_aug_468_3.wav	01Neutral
/kaggle/working//train_aug_469_0.wav	03Happy
/kaggle/working//train_aug_469_1.wav	03Happy
/kaggle/working//train_aug_469_2.wav	03Happy
/kaggle/working//train_aug_469_3.wav	03Happy
/kaggle/working//train_aug_470_0.wav	01Neutral
/kaggle/working//train_aug_470_1.wav	01Neutral
/kaggle/working//train_aug_470_2.wav	01Neutral
/kaggle/working//train_aug_470_3.wav	01Neutral
/kaggle/working//train_aug_471_0.wav	04Sad
/kaggle/working//train_aug_471_1.wav	04Sad
/kaggle/working//train_aug_471_2.wav	04Sad
/kaggle/working//train_aug_471_3.wav	04Sad
/kaggle/working//train_aug_472_0.wav	05Angry
/kaggle/working//train_aug_472_1.wav	05Angry
/kaggle/working//train_aug_472_2.wav	05Angry
/kaggle/working//train_aug_472_3.wav	05Angry
/kaggle/working//train_aug_473_0.wav	03Happy
/kaggle/working//train_aug_473_1.wav	03Happy
/kaggle/working//train_aug_473_2.wav	03Happy
/kaggle/working//train_aug_473_3.wav	03Happy
/kaggle/working//train_aug_474_0.wav	03Happy
/kaggle/working//train_aug_474_1.wav	03Happy
/kaggle/working//train_aug_474_2.wav	03Happy
/kaggle/working//train_aug_474_3.wav	03Happy
/kaggle/working//train_aug_475_0.wav	03Happy
/kaggle/working//train_aug_475_1.wav	03Happy
/kaggle/working//train_aug_475_2.wav	03Happy
/kaggle/working//train_aug_475_3.wav	03Happy
/kaggle/working//train_aug_476_0.wav	04Sad
/kaggle/working//train_aug_476_1.wav	04Sad
/kaggle/working//train_aug_476_2.wav	04Sad
/kaggle/working//train_aug_476_3.wav	04Sad
/kaggle/working//train_aug_477_0.wav	03Happy
/kaggle/working//train_aug_477_1.wav	03Happy
/kaggle/working//train_aug_477_2.wav	03Happy
/kaggle/working//train_aug_477_3.wav	03Happy
/kaggle/working//train_aug_478_0.wav	02Fearful
/kaggle/working//train_aug_478_1.wav	02Fearful
/kaggle/working//train_aug_478_2.wav	02Fearful
/kaggle/working//train_aug_478_3.wav	02Fearful
/kaggle/working//train_aug_479_0.wav	04Sad
/kaggle/working//train_aug_479_1.wav	04Sad
/kaggle/working//train_aug_479_2.wav	04Sad
/kaggle/working//train_aug_479_3.wav	04Sad
/kaggle/working//train_aug_480_0.wav	01Neutral
/kaggle/working//train_aug_480_1.wav	01Neutral
/kaggle/working//train_aug_480_2.wav	01Neutral
/kaggle/working//train_aug_480_3.wav	01Neutral
/kaggle/working//train_aug_481_0.wav	03Happy
/kaggle/working//train_aug_481_1.wav	03Happy
/kaggle/working//train_aug_481_2.wav	03Happy
/kaggle/working//train_aug_481_3.wav	03Happy
/kaggle/working//train_aug_482_0.wav	03Happy
/kaggle/working//train_aug_482_1.wav	03Happy
/kaggle/working//train_aug_482_2.wav	03Happy
/kaggle/working//train_aug_482_3.wav	03Happy
/kaggle/working//train_aug_483_0.wav	03Happy
/kaggle/working//train_aug_483_1.wav	03Happy
/kaggle/working//train_aug_483_2.wav	03Happy
/kaggle/working//train_aug_483_3.wav	03Happy
/kaggle/working//train_aug_484_0.wav	04Sad
/kaggle/working//train_aug_484_1.wav	04Sad
/kaggle/working//train_aug_484_2.wav	04Sad
/kaggle/working//train_aug_484_3.wav	04Sad
/kaggle/working//train_aug_485_0.wav	02Fearful
/kaggle/working//train_aug_485_1.wav	02Fearful
/kaggle/working//train_aug_485_2.wav	02Fearful
/kaggle/working//train_aug_485_3.wav	02Fearful
/kaggle/working//train_aug_486_0.wav	02Fearful
/kaggle/working//train_aug_486_1.wav	02Fearful
/kaggle/working//train_aug_486_2.wav	02Fearful
/kaggle/working//train_aug_486_3.wav	02Fearful
/kaggle/working//train_aug_487_0.wav	02Fearful
/kaggle/working//train_aug_487_1.wav	02Fearful
/kaggle/working//train_aug_487_2.wav	02Fearful
/kaggle/working//train_aug_487_3.wav	02Fearful
/kaggle/working//train_aug_488_0.wav	03Happy
/kaggle/working//train_aug_488_1.wav	03Happy
/kaggle/working//train_aug_488_2.wav	03Happy
/kaggle/working//train_aug_488_3.wav	03Happy
/kaggle/working//train_aug_489_0.wav	01Neutral
/kaggle/working//train_aug_489_1.wav	01Neutral
/kaggle/working//train_aug_489_2.wav	01Neutral
/kaggle/working//train_aug_489_3.wav	01Neutral
/kaggle/working//train_aug_490_0.wav	01Neutral
/kaggle/working//train_aug_490_1.wav	01Neutral
/kaggle/working//train_aug_490_2.wav	01Neutral
/kaggle/working//train_aug_490_3.wav	01Neutral
/kaggle/working//train_aug_491_0.wav	03Happy
/kaggle/working//train_aug_491_1.wav	03Happy
/kaggle/working//train_aug_491_2.wav	03Happy
/kaggle/working//train_aug_491_3.wav	03Happy
/kaggle/working//train_aug_492_0.wav	03Happy
/kaggle/working//train_aug_492_1.wav	03Happy
/kaggle/working//train_aug_492_2.wav	03Happy
/kaggle/working//train_aug_492_3.wav	03Happy
/kaggle/working//train_aug_493_0.wav	04Sad
/kaggle/working//train_aug_493_1.wav	04Sad
/kaggle/working//train_aug_493_2.wav	04Sad
/kaggle/working//train_aug_493_3.wav	04Sad
/kaggle/working//train_aug_494_0.wav	01Neutral
/kaggle/working//train_aug_494_1.wav	01Neutral
/kaggle/working//train_aug_494_2.wav	01Neutral
/kaggle/working//train_aug_494_3.wav	01Neutral
/kaggle/working//train_aug_495_0.wav	05Angry
/kaggle/working//train_aug_495_1.wav	05Angry
/kaggle/working//train_aug_495_2.wav	05Angry
/kaggle/working//train_aug_495_3.wav	05Angry
/kaggle/working//train_aug_496_0.wav	05Angry
/kaggle/working//train_aug_496_1.wav	05Angry
/kaggle/working//train_aug_496_2.wav	05Angry
/kaggle/working//train_aug_496_3.wav	05Angry
/kaggle/working//train_aug_497_0.wav	01Neutral
/kaggle/working//train_aug_497_1.wav	01Neutral
/kaggle/working//train_aug_497_2.wav	01Neutral
/kaggle/working//train_aug_497_3.wav	01Neutral
/kaggle/working//train_aug_498_0.wav	05Angry
/kaggle/working//train_aug_498_1.wav	05Angry
/kaggle/working//train_aug_498_2.wav	05Angry
/kaggle/working//train_aug_498_3.wav	05Angry
/kaggle/working//train_aug_499_0.wav	02Fearful
/kaggle/working//train_aug_499_1.wav	02Fearful
/kaggle/working//train_aug_499_2.wav	02Fearful
/kaggle/working//train_aug_499_3.wav	02Fearful
/kaggle/working//train_aug_500_0.wav	04Sad
/kaggle/working//train_aug_500_1.wav	04Sad
/kaggle/working//train_aug_500_2.wav	04Sad
/kaggle/working//train_aug_500_3.wav	04Sad
/kaggle/working//train_aug_501_0.wav	02Fearful
/kaggle/working//train_aug_501_1.wav	02Fearful
/kaggle/working//train_aug_501_2.wav	02Fearful
/kaggle/working//train_aug_501_3.wav	02Fearful
/kaggle/working//train_aug_502_0.wav	01Neutral
/kaggle/working//train_aug_502_1.wav	01Neutral
/kaggle/working//train_aug_502_2.wav	01Neutral
/kaggle/working//train_aug_502_3.wav	01Neutral
/kaggle/working//train_aug_503_0.wav	02Fearful
/kaggle/working//train_aug_503_1.wav	02Fearful
/kaggle/working//train_aug_503_2.wav	02Fearful
/kaggle/working//train_aug_503_3.wav	02Fearful
/kaggle/working//train_aug_504_0.wav	01Neutral
/kaggle/working//train_aug_504_1.wav	01Neutral
/kaggle/working//train_aug_504_2.wav	01Neutral
/kaggle/working//train_aug_504_3.wav	01Neutral
/kaggle/working//train_aug_505_0.wav	02Fearful
/kaggle/working//train_aug_505_1.wav	02Fearful
/kaggle/working//train_aug_505_2.wav	02Fearful
/kaggle/working//train_aug_505_3.wav	02Fearful
/kaggle/working//train_aug_506_0.wav	05Angry
/kaggle/working//train_aug_506_1.wav	05Angry
/kaggle/working//train_aug_506_2.wav	05Angry
/kaggle/working//train_aug_506_3.wav	05Angry
/kaggle/working//train_aug_507_0.wav	03Happy
/kaggle/working//train_aug_507_1.wav	03Happy
/kaggle/working//train_aug_507_2.wav	03Happy
/kaggle/working//train_aug_507_3.wav	03Happy
/kaggle/working//train_aug_508_0.wav	05Angry
/kaggle/working//train_aug_508_1.wav	05Angry
/kaggle/working//train_aug_508_2.wav	05Angry
/kaggle/working//train_aug_508_3.wav	05Angry
/kaggle/working//train_aug_509_0.wav	04Sad
/kaggle/working//train_aug_509_1.wav	04Sad
/kaggle/working//train_aug_509_2.wav	04Sad
/kaggle/working//train_aug_509_3.wav	04Sad
/kaggle/working//train_aug_510_0.wav	03Happy
/kaggle/working//train_aug_510_1.wav	03Happy
/kaggle/working//train_aug_510_2.wav	03Happy
/kaggle/working//train_aug_510_3.wav	03Happy
/kaggle/working//train_aug_511_0.wav	04Sad
/kaggle/working//train_aug_511_1.wav	04Sad
/kaggle/working//train_aug_511_2.wav	04Sad
/kaggle/working//train_aug_511_3.wav	04Sad
/kaggle/working//train_aug_512_0.wav	01Neutral
/kaggle/working//train_aug_512_1.wav	01Neutral
/kaggle/working//train_aug_512_2.wav	01Neutral
/kaggle/working//train_aug_512_3.wav	01Neutral
/kaggle/working//train_aug_513_0.wav	01Neutral
/kaggle/working//train_aug_513_1.wav	01Neutral
/kaggle/working//train_aug_513_2.wav	01Neutral
/kaggle/working//train_aug_513_3.wav	01Neutral
/kaggle/working//train_aug_514_0.wav	04Sad
/kaggle/working//train_aug_514_1.wav	04Sad
/kaggle/working//train_aug_514_2.wav	04Sad
/kaggle/working//train_aug_514_3.wav	04Sad
/kaggle/working//train_aug_515_0.wav	04Sad
/kaggle/working//train_aug_515_1.wav	04Sad
/kaggle/working//train_aug_515_2.wav	04Sad
/kaggle/working//train_aug_515_3.wav	04Sad
/kaggle/working//train_aug_516_0.wav	02Fearful
/kaggle/working//train_aug_516_1.wav	02Fearful
/kaggle/working//train_aug_516_2.wav	02Fearful
/kaggle/working//train_aug_516_3.wav	02Fearful
/kaggle/working//train_aug_517_0.wav	04Sad
/kaggle/working//train_aug_517_1.wav	04Sad
/kaggle/working//train_aug_517_2.wav	04Sad
/kaggle/working//train_aug_517_3.wav	04Sad
/kaggle/working//train_aug_518_0.wav	04Sad
/kaggle/working//train_aug_518_1.wav	04Sad
/kaggle/working//train_aug_518_2.wav	04Sad
/kaggle/working//train_aug_518_3.wav	04Sad
/kaggle/working//train_aug_519_0.wav	02Fearful
/kaggle/working//train_aug_519_1.wav	02Fearful
/kaggle/working//train_aug_519_2.wav	02Fearful
/kaggle/working//train_aug_519_3.wav	02Fearful
/kaggle/working//train_aug_520_0.wav	02Fearful
/kaggle/working//train_aug_520_1.wav	02Fearful
/kaggle/working//train_aug_520_2.wav	02Fearful
/kaggle/working//train_aug_520_3.wav	02Fearful
/kaggle/working//train_aug_521_0.wav	02Fearful
/kaggle/working//train_aug_521_1.wav	02Fearful
/kaggle/working//train_aug_521_2.wav	02Fearful
/kaggle/working//train_aug_521_3.wav	02Fearful
/kaggle/working//train_aug_522_0.wav	05Angry
/kaggle/working//train_aug_522_1.wav	05Angry
/kaggle/working//train_aug_522_2.wav	05Angry
/kaggle/working//train_aug_522_3.wav	05Angry
/kaggle/working//train_aug_523_0.wav	04Sad
/kaggle/working//train_aug_523_1.wav	04Sad
/kaggle/working//train_aug_523_2.wav	04Sad
/kaggle/working//train_aug_523_3.wav	04Sad
/kaggle/working//train_aug_524_0.wav	01Neutral
/kaggle/working//train_aug_524_1.wav	01Neutral
/kaggle/working//train_aug_524_2.wav	01Neutral
/kaggle/working//train_aug_524_3.wav	01Neutral
/kaggle/working//train_aug_525_0.wav	02Fearful
/kaggle/working//train_aug_525_1.wav	02Fearful
/kaggle/working//train_aug_525_2.wav	02Fearful
/kaggle/working//train_aug_525_3.wav	02Fearful
/kaggle/working//train_aug_526_0.wav	05Angry
/kaggle/working//train_aug_526_1.wav	05Angry
/kaggle/working//train_aug_526_2.wav	05Angry
/kaggle/working//train_aug_526_3.wav	05Angry
/kaggle/working//train_aug_527_0.wav	04Sad
/kaggle/working//train_aug_527_1.wav	04Sad
/kaggle/working//train_aug_527_2.wav	04Sad
/kaggle/working//train_aug_527_3.wav	04Sad
/kaggle/working//train_aug_528_0.wav	02Fearful
/kaggle/working//train_aug_528_1.wav	02Fearful
/kaggle/working//train_aug_528_2.wav	02Fearful
/kaggle/working//train_aug_528_3.wav	02Fearful
/kaggle/working//train_aug_529_0.wav	04Sad
/kaggle/working//train_aug_529_1.wav	04Sad
/kaggle/working//train_aug_529_2.wav	04Sad
/kaggle/working//train_aug_529_3.wav	04Sad
/kaggle/working//train_aug_530_0.wav	03Happy
/kaggle/working//train_aug_530_1.wav	03Happy
/kaggle/working//train_aug_530_2.wav	03Happy
/kaggle/working//train_aug_530_3.wav	03Happy
/kaggle/working//train_aug_531_0.wav	01Neutral
/kaggle/working//train_aug_531_1.wav	01Neutral
/kaggle/working//train_aug_531_2.wav	01Neutral
/kaggle/working//train_aug_531_3.wav	01Neutral
/kaggle/working//train_aug_532_0.wav	03Happy
/kaggle/working//train_aug_532_1.wav	03Happy
/kaggle/working//train_aug_532_2.wav	03Happy
/kaggle/working//train_aug_532_3.wav	03Happy
/kaggle/working//train_aug_533_0.wav	01Neutral
/kaggle/working//train_aug_533_1.wav	01Neutral
/kaggle/working//train_aug_533_2.wav	01Neutral
/kaggle/working//train_aug_533_3.wav	01Neutral
/kaggle/working//train_aug_534_0.wav	03Happy
/kaggle/working//train_aug_534_1.wav	03Happy
/kaggle/working//train_aug_534_2.wav	03Happy
/kaggle/working//train_aug_534_3.wav	03Happy
/kaggle/working//train_aug_535_0.wav	03Happy
/kaggle/working//train_aug_535_1.wav	03Happy
/kaggle/working//train_aug_535_2.wav	03Happy
/kaggle/working//train_aug_535_3.wav	03Happy
/kaggle/working//train_aug_536_0.wav	02Fearful
/kaggle/working//train_aug_536_1.wav	02Fearful
/kaggle/working//train_aug_536_2.wav	02Fearful
/kaggle/working//train_aug_536_3.wav	02Fearful
/kaggle/working//train_aug_537_0.wav	05Angry
/kaggle/working//train_aug_537_1.wav	05Angry
/kaggle/working//train_aug_537_2.wav	05Angry
/kaggle/working//train_aug_537_3.wav	05Angry
/kaggle/working//train_aug_538_0.wav	05Angry
/kaggle/working//train_aug_538_1.wav	05Angry
/kaggle/working//train_aug_538_2.wav	05Angry
/kaggle/working//train_aug_538_3.wav	05Angry
/kaggle/working//train_aug_539_0.wav	02Fearful
/kaggle/working//train_aug_539_1.wav	02Fearful
/kaggle/working//train_aug_539_2.wav	02Fearful
/kaggle/working//train_aug_539_3.wav	02Fearful
/kaggle/working//train_aug_540_0.wav	02Fearful
/kaggle/working//train_aug_540_1.wav	02Fearful
/kaggle/working//train_aug_540_2.wav	02Fearful
/kaggle/working//train_aug_540_3.wav	02Fearful
/kaggle/working//train_aug_541_0.wav	02Fearful
/kaggle/working//train_aug_541_1.wav	02Fearful
/kaggle/working//train_aug_541_2.wav	02Fearful
/kaggle/working//train_aug_541_3.wav	02Fearful
/kaggle/working//train_aug_542_0.wav	04Sad
/kaggle/working//train_aug_542_1.wav	04Sad
/kaggle/working//train_aug_542_2.wav	04Sad
/kaggle/working//train_aug_542_3.wav	04Sad
/kaggle/working//train_aug_543_0.wav	03Happy
/kaggle/working//train_aug_543_1.wav	03Happy
/kaggle/working//train_aug_543_2.wav	03Happy
/kaggle/working//train_aug_543_3.wav	03Happy
/kaggle/working//train_aug_544_0.wav	02Fearful
/kaggle/working//train_aug_544_1.wav	02Fearful
/kaggle/working//train_aug_544_2.wav	02Fearful
/kaggle/working//train_aug_544_3.wav	02Fearful
/kaggle/working//train_aug_545_0.wav	02Fearful
/kaggle/working//train_aug_545_1.wav	02Fearful
/kaggle/working//train_aug_545_2.wav	02Fearful
/kaggle/working//train_aug_545_3.wav	02Fearful
/kaggle/working//train_aug_546_0.wav	04Sad
/kaggle/working//train_aug_546_1.wav	04Sad
/kaggle/working//train_aug_546_2.wav	04Sad
/kaggle/working//train_aug_546_3.wav	04Sad
/kaggle/working//train_aug_547_0.wav	03Happy
/kaggle/working//train_aug_547_1.wav	03Happy
/kaggle/working//train_aug_547_2.wav	03Happy
/kaggle/working//train_aug_547_3.wav	03Happy
/kaggle/working//train_aug_548_0.wav	03Happy
/kaggle/working//train_aug_548_1.wav	03Happy
/kaggle/working//train_aug_548_2.wav	03Happy
/kaggle/working//train_aug_548_3.wav	03Happy
/kaggle/working//train_aug_549_0.wav	01Neutral
/kaggle/working//train_aug_549_1.wav	01Neutral
/kaggle/working//train_aug_549_2.wav	01Neutral
/kaggle/working//train_aug_549_3.wav	01Neutral
/kaggle/working//train_aug_550_0.wav	01Neutral
/kaggle/working//train_aug_550_1.wav	01Neutral
/kaggle/working//train_aug_550_2.wav	01Neutral
/kaggle/working//train_aug_550_3.wav	01Neutral
/kaggle/working//train_aug_551_0.wav	04Sad
/kaggle/working//train_aug_551_1.wav	04Sad
/kaggle/working//train_aug_551_2.wav	04Sad
/kaggle/working//train_aug_551_3.wav	04Sad
/kaggle/working//train_aug_552_0.wav	04Sad
/kaggle/working//train_aug_552_1.wav	04Sad
/kaggle/working//train_aug_552_2.wav	04Sad
/kaggle/working//train_aug_552_3.wav	04Sad
/kaggle/working//train_aug_553_0.wav	02Fearful
/kaggle/working//train_aug_553_1.wav	02Fearful
/kaggle/working//train_aug_553_2.wav	02Fearful
/kaggle/working//train_aug_553_3.wav	02Fearful
/kaggle/working//train_aug_554_0.wav	01Neutral
/kaggle/working//train_aug_554_1.wav	01Neutral
/kaggle/working//train_aug_554_2.wav	01Neutral
/kaggle/working//train_aug_554_3.wav	01Neutral
/kaggle/working//train_aug_555_0.wav	01Neutral
/kaggle/working//train_aug_555_1.wav	01Neutral
/kaggle/working//train_aug_555_2.wav	01Neutral
/kaggle/working//train_aug_555_3.wav	01Neutral
/kaggle/working//train_aug_556_0.wav	05Angry
/kaggle/working//train_aug_556_1.wav	05Angry
/kaggle/working//train_aug_556_2.wav	05Angry
/kaggle/working//train_aug_556_3.wav	05Angry
/kaggle/working//train_aug_557_0.wav	03Happy
/kaggle/working//train_aug_557_1.wav	03Happy
/kaggle/working//train_aug_557_2.wav	03Happy
/kaggle/working//train_aug_557_3.wav	03Happy
/kaggle/working//train_aug_558_0.wav	04Sad
/kaggle/working//train_aug_558_1.wav	04Sad
/kaggle/working//train_aug_558_2.wav	04Sad
/kaggle/working//train_aug_558_3.wav	04Sad
/kaggle/working//train_aug_559_0.wav	04Sad
/kaggle/working//train_aug_559_1.wav	04Sad
/kaggle/working//train_aug_559_2.wav	04Sad
/kaggle/working//train_aug_559_3.wav	04Sad
/kaggle/working//train_aug_560_0.wav	02Fearful
/kaggle/working//train_aug_560_1.wav	02Fearful
/kaggle/working//train_aug_560_2.wav	02Fearful
/kaggle/working//train_aug_560_3.wav	02Fearful
/kaggle/working//train_aug_561_0.wav	03Happy
/kaggle/working//train_aug_561_1.wav	03Happy
/kaggle/working//train_aug_561_2.wav	03Happy
/kaggle/working//train_aug_561_3.wav	03Happy
/kaggle/working//train_aug_562_0.wav	04Sad
/kaggle/working//train_aug_562_1.wav	04Sad
/kaggle/working//train_aug_562_2.wav	04Sad
/kaggle/working//train_aug_562_3.wav	04Sad
/kaggle/working//train_aug_563_0.wav	01Neutral
/kaggle/working//train_aug_563_1.wav	01Neutral
/kaggle/working//train_aug_563_2.wav	01Neutral
/kaggle/working//train_aug_563_3.wav	01Neutral
/kaggle/working//train_aug_564_0.wav	01Neutral
/kaggle/working//train_aug_564_1.wav	01Neutral
/kaggle/working//train_aug_564_2.wav	01Neutral
/kaggle/working//train_aug_564_3.wav	01Neutral
/kaggle/working//train_aug_565_0.wav	01Neutral
/kaggle/working//train_aug_565_1.wav	01Neutral
/kaggle/working//train_aug_565_2.wav	01Neutral
/kaggle/working//train_aug_565_3.wav	01Neutral
/kaggle/working//train_aug_566_0.wav	03Happy
/kaggle/working//train_aug_566_1.wav	03Happy
/kaggle/working//train_aug_566_2.wav	03Happy
/kaggle/working//train_aug_566_3.wav	03Happy
/kaggle/working//train_aug_567_0.wav	02Fearful
/kaggle/working//train_aug_567_1.wav	02Fearful
/kaggle/working//train_aug_567_2.wav	02Fearful
/kaggle/working//train_aug_567_3.wav	02Fearful
/kaggle/working//train_aug_568_0.wav	05Angry
/kaggle/working//train_aug_568_1.wav	05Angry
/kaggle/working//train_aug_568_2.wav	05Angry
/kaggle/working//train_aug_568_3.wav	05Angry
/kaggle/working//train_aug_569_0.wav	05Angry
/kaggle/working//train_aug_569_1.wav	05Angry
/kaggle/working//train_aug_569_2.wav	05Angry
/kaggle/working//train_aug_569_3.wav	05Angry
/kaggle/working//train_aug_570_0.wav	02Fearful
/kaggle/working//train_aug_570_1.wav	02Fearful
/kaggle/working//train_aug_570_2.wav	02Fearful
/kaggle/working//train_aug_570_3.wav	02Fearful
/kaggle/working//train_aug_571_0.wav	04Sad
/kaggle/working//train_aug_571_1.wav	04Sad
/kaggle/working//train_aug_571_2.wav	04Sad
/kaggle/working//train_aug_571_3.wav	04Sad
/kaggle/working//train_aug_572_0.wav	01Neutral
/kaggle/working//train_aug_572_1.wav	01Neutral
/kaggle/working//train_aug_572_2.wav	01Neutral
/kaggle/working//train_aug_572_3.wav	01Neutral
/kaggle/working//train_aug_573_0.wav	03Happy
/kaggle/working//train_aug_573_1.wav	03Happy
/kaggle/working//train_aug_573_2.wav	03Happy
/kaggle/working//train_aug_573_3.wav	03Happy
/kaggle/working//train_aug_574_0.wav	01Neutral
/kaggle/working//train_aug_574_1.wav	01Neutral
/kaggle/working//train_aug_574_2.wav	01Neutral
/kaggle/working//train_aug_574_3.wav	01Neutral
/kaggle/working//train_aug_575_0.wav	03Happy
/kaggle/working//train_aug_575_1.wav	03Happy
/kaggle/working//train_aug_575_2.wav	03Happy
/kaggle/working//train_aug_575_3.wav	03Happy
/kaggle/working//train_aug_576_0.wav	01Neutral
/kaggle/working//train_aug_576_1.wav	01Neutral
/kaggle/working//train_aug_576_2.wav	01Neutral
/kaggle/working//train_aug_576_3.wav	01Neutral
/kaggle/working//train_aug_577_0.wav	04Sad
/kaggle/working//train_aug_577_1.wav	04Sad
/kaggle/working//train_aug_577_2.wav	04Sad
/kaggle/working//train_aug_577_3.wav	04Sad
/kaggle/working//train_aug_578_0.wav	03Happy
/kaggle/working//train_aug_578_1.wav	03Happy
/kaggle/working//train_aug_578_2.wav	03Happy
/kaggle/working//train_aug_578_3.wav	03Happy
/kaggle/working//train_aug_579_0.wav	02Fearful
/kaggle/working//train_aug_579_1.wav	02Fearful
/kaggle/working//train_aug_579_2.wav	02Fearful
/kaggle/working//train_aug_579_3.wav	02Fearful
/kaggle/working//train_aug_580_0.wav	02Fearful
/kaggle/working//train_aug_580_1.wav	02Fearful
/kaggle/working//train_aug_580_2.wav	02Fearful
/kaggle/working//train_aug_580_3.wav	02Fearful
/kaggle/working//train_aug_581_0.wav	05Angry
/kaggle/working//train_aug_581_1.wav	05Angry
/kaggle/working//train_aug_581_2.wav	05Angry
/kaggle/working//train_aug_581_3.wav	05Angry
/kaggle/working//train_aug_582_0.wav	02Fearful
/kaggle/working//train_aug_582_1.wav	02Fearful
/kaggle/working//train_aug_582_2.wav	02Fearful
/kaggle/working//train_aug_582_3.wav	02Fearful
/kaggle/working//train_aug_583_0.wav	03Happy
/kaggle/working//train_aug_583_1.wav	03Happy
/kaggle/working//train_aug_583_2.wav	03Happy
/kaggle/working//train_aug_583_3.wav	03Happy
/kaggle/working//train_aug_584_0.wav	01Neutral
/kaggle/working//train_aug_584_1.wav	01Neutral
/kaggle/working//train_aug_584_2.wav	01Neutral
/kaggle/working//train_aug_584_3.wav	01Neutral
/kaggle/working//train_aug_585_0.wav	02Fearful
/kaggle/working//train_aug_585_1.wav	02Fearful
/kaggle/working//train_aug_585_2.wav	02Fearful
/kaggle/working//train_aug_585_3.wav	02Fearful
/kaggle/working//train_aug_586_0.wav	04Sad
/kaggle/working//train_aug_586_1.wav	04Sad
/kaggle/working//train_aug_586_2.wav	04Sad
/kaggle/working//train_aug_586_3.wav	04Sad
/kaggle/working//train_aug_587_0.wav	02Fearful
/kaggle/working//train_aug_587_1.wav	02Fearful
/kaggle/working//train_aug_587_2.wav	02Fearful
/kaggle/working//train_aug_587_3.wav	02Fearful
/kaggle/working//train_aug_588_0.wav	05Angry
/kaggle/working//train_aug_588_1.wav	05Angry
/kaggle/working//train_aug_588_2.wav	05Angry
/kaggle/working//train_aug_588_3.wav	05Angry
/kaggle/working//train_aug_589_0.wav	02Fearful
/kaggle/working//train_aug_589_1.wav	02Fearful
/kaggle/working//train_aug_589_2.wav	02Fearful
/kaggle/working//train_aug_589_3.wav	02Fearful
/kaggle/working//train_aug_590_0.wav	04Sad
/kaggle/working//train_aug_590_1.wav	04Sad
/kaggle/working//train_aug_590_2.wav	04Sad
/kaggle/working//train_aug_590_3.wav	04Sad
/kaggle/working//train_aug_591_0.wav	02Fearful
/kaggle/working//train_aug_591_1.wav	02Fearful
/kaggle/working//train_aug_591_2.wav	02Fearful
/kaggle/working//train_aug_591_3.wav	02Fearful
/kaggle/working//train_aug_592_0.wav	02Fearful
/kaggle/working//train_aug_592_1.wav	02Fearful
/kaggle/working//train_aug_592_2.wav	02Fearful
/kaggle/working//train_aug_592_3.wav	02Fearful
/kaggle/working//train_aug_593_0.wav	01Neutral
/kaggle/working//train_aug_593_1.wav	01Neutral
/kaggle/working//train_aug_593_2.wav	01Neutral
/kaggle/working//train_aug_593_3.wav	01Neutral
/kaggle/working//train_aug_594_0.wav	03Happy
/kaggle/working//train_aug_594_1.wav	03Happy
/kaggle/working//train_aug_594_2.wav	03Happy
/kaggle/working//train_aug_594_3.wav	03Happy
/kaggle/working//train_aug_595_0.wav	04Sad
/kaggle/working//train_aug_595_1.wav	04Sad
/kaggle/working//train_aug_595_2.wav	04Sad
/kaggle/working//train_aug_595_3.wav	04Sad
/kaggle/working//train_aug_596_0.wav	01Neutral
/kaggle/working//train_aug_596_1.wav	01Neutral
/kaggle/working//train_aug_596_2.wav	01Neutral
/kaggle/working//train_aug_596_3.wav	01Neutral
/kaggle/working//train_aug_597_0.wav	02Fearful
/kaggle/working//train_aug_597_1.wav	02Fearful
/kaggle/working//train_aug_597_2.wav	02Fearful
/kaggle/working//train_aug_597_3.wav	02Fearful
/kaggle/working//train_aug_598_0.wav	02Fearful
/kaggle/working//train_aug_598_1.wav	02Fearful
/kaggle/working//train_aug_598_2.wav	02Fearful
/kaggle/working//train_aug_598_3.wav	02Fearful
/kaggle/working//train_aug_599_0.wav	04Sad
/kaggle/working//train_aug_599_1.wav	04Sad
/kaggle/working//train_aug_599_2.wav	04Sad
/kaggle/working//train_aug_599_3.wav	04Sad
/kaggle/working//train_aug_600_0.wav	01Neutral
/kaggle/working//train_aug_600_1.wav	01Neutral
/kaggle/working//train_aug_600_2.wav	01Neutral
/kaggle/working//train_aug_600_3.wav	01Neutral
/kaggle/working//train_aug_601_0.wav	04Sad
/kaggle/working//train_aug_601_1.wav	04Sad
/kaggle/working//train_aug_601_2.wav	04Sad
/kaggle/working//train_aug_601_3.wav	04Sad
/kaggle/working//train_aug_602_0.wav	01Neutral
/kaggle/working//train_aug_602_1.wav	01Neutral
/kaggle/working//train_aug_602_2.wav	01Neutral
/kaggle/working//train_aug_602_3.wav	01Neutral
/kaggle/working//train_aug_603_0.wav	04Sad
/kaggle/working//train_aug_603_1.wav	04Sad
/kaggle/working//train_aug_603_2.wav	04Sad
/kaggle/working//train_aug_603_3.wav	04Sad
/kaggle/working//train_aug_604_0.wav	05Angry
/kaggle/working//train_aug_604_1.wav	05Angry
/kaggle/working//train_aug_604_2.wav	05Angry
/kaggle/working//train_aug_604_3.wav	05Angry
/kaggle/working//train_aug_605_0.wav	04Sad
/kaggle/working//train_aug_605_1.wav	04Sad
/kaggle/working//train_aug_605_2.wav	04Sad
/kaggle/working//train_aug_605_3.wav	04Sad
/kaggle/working//train_aug_606_0.wav	04Sad
/kaggle/working//train_aug_606_1.wav	04Sad
/kaggle/working//train_aug_606_2.wav	04Sad
/kaggle/working//train_aug_606_3.wav	04Sad
/kaggle/working//train_aug_607_0.wav	02Fearful
/kaggle/working//train_aug_607_1.wav	02Fearful
/kaggle/working//train_aug_607_2.wav	02Fearful
/kaggle/working//train_aug_607_3.wav	02Fearful
/kaggle/working//train_aug_608_0.wav	02Fearful
/kaggle/working//train_aug_608_1.wav	02Fearful
/kaggle/working//train_aug_608_2.wav	02Fearful
/kaggle/working//train_aug_608_3.wav	02Fearful
/kaggle/working//train_aug_609_0.wav	02Fearful
/kaggle/working//train_aug_609_1.wav	02Fearful
/kaggle/working//train_aug_609_2.wav	02Fearful
/kaggle/working//train_aug_609_3.wav	02Fearful
/kaggle/working//train_aug_610_0.wav	02Fearful
/kaggle/working//train_aug_610_1.wav	02Fearful
/kaggle/working//train_aug_610_2.wav	02Fearful
/kaggle/working//train_aug_610_3.wav	02Fearful
/kaggle/working//train_aug_611_0.wav	01Neutral
/kaggle/working//train_aug_611_1.wav	01Neutral
/kaggle/working//train_aug_611_2.wav	01Neutral
/kaggle/working//train_aug_611_3.wav	01Neutral
/kaggle/working//train_aug_612_0.wav	03Happy
/kaggle/working//train_aug_612_1.wav	03Happy
/kaggle/working//train_aug_612_2.wav	03Happy
/kaggle/working//train_aug_612_3.wav	03Happy
/kaggle/working//train_aug_613_0.wav	03Happy
/kaggle/working//train_aug_613_1.wav	03Happy
/kaggle/working//train_aug_613_2.wav	03Happy
/kaggle/working//train_aug_613_3.wav	03Happy
/kaggle/working//train_aug_614_0.wav	05Angry
/kaggle/working//train_aug_614_1.wav	05Angry
/kaggle/working//train_aug_614_2.wav	05Angry
/kaggle/working//train_aug_614_3.wav	05Angry
/kaggle/working//train_aug_615_0.wav	02Fearful
/kaggle/working//train_aug_615_1.wav	02Fearful
/kaggle/working//train_aug_615_2.wav	02Fearful
/kaggle/working//train_aug_615_3.wav	02Fearful
/kaggle/working//train_aug_616_0.wav	01Neutral
/kaggle/working//train_aug_616_1.wav	01Neutral
/kaggle/working//train_aug_616_2.wav	01Neutral
/kaggle/working//train_aug_616_3.wav	01Neutral
/kaggle/working//train_aug_617_0.wav	03Happy
/kaggle/working//train_aug_617_1.wav	03Happy
/kaggle/working//train_aug_617_2.wav	03Happy
/kaggle/working//train_aug_617_3.wav	03Happy
/kaggle/working//train_aug_618_0.wav	03Happy
/kaggle/working//train_aug_618_1.wav	03Happy
/kaggle/working//train_aug_618_2.wav	03Happy
/kaggle/working//train_aug_618_3.wav	03Happy
/kaggle/working//train_aug_619_0.wav	02Fearful
/kaggle/working//train_aug_619_1.wav	02Fearful
/kaggle/working//train_aug_619_2.wav	02Fearful
/kaggle/working//train_aug_619_3.wav	02Fearful
/kaggle/working//train_aug_620_0.wav	01Neutral
/kaggle/working//train_aug_620_1.wav	01Neutral
/kaggle/working//train_aug_620_2.wav	01Neutral
/kaggle/working//train_aug_620_3.wav	01Neutral
/kaggle/working//train_aug_621_0.wav	01Neutral
/kaggle/working//train_aug_621_1.wav	01Neutral
/kaggle/working//train_aug_621_2.wav	01Neutral
/kaggle/working//train_aug_621_3.wav	01Neutral
/kaggle/working//train_aug_622_0.wav	05Angry
/kaggle/working//train_aug_622_1.wav	05Angry
/kaggle/working//train_aug_622_2.wav	05Angry
/kaggle/working//train_aug_622_3.wav	05Angry
/kaggle/working//train_aug_623_0.wav	04Sad
/kaggle/working//train_aug_623_1.wav	04Sad
/kaggle/working//train_aug_623_2.wav	04Sad
/kaggle/working//train_aug_623_3.wav	04Sad
/kaggle/working//train_aug_624_0.wav	02Fearful
/kaggle/working//train_aug_624_1.wav	02Fearful
/kaggle/working//train_aug_624_2.wav	02Fearful
/kaggle/working//train_aug_624_3.wav	02Fearful
/kaggle/working//train_aug_625_0.wav	05Angry
/kaggle/working//train_aug_625_1.wav	05Angry
/kaggle/working//train_aug_625_2.wav	05Angry
/kaggle/working//train_aug_625_3.wav	05Angry
/kaggle/working//train_aug_626_0.wav	04Sad
/kaggle/working//train_aug_626_1.wav	04Sad
/kaggle/working//train_aug_626_2.wav	04Sad
/kaggle/working//train_aug_626_3.wav	04Sad
/kaggle/working//train_aug_627_0.wav	03Happy
/kaggle/working//train_aug_627_1.wav	03Happy
/kaggle/working//train_aug_627_2.wav	03Happy
/kaggle/working//train_aug_627_3.wav	03Happy
/kaggle/working//train_aug_628_0.wav	01Neutral
/kaggle/working//train_aug_628_1.wav	01Neutral
/kaggle/working//train_aug_628_2.wav	01Neutral
/kaggle/working//train_aug_628_3.wav	01Neutral
/kaggle/working//train_aug_629_0.wav	05Angry
/kaggle/working//train_aug_629_1.wav	05Angry
/kaggle/working//train_aug_629_2.wav	05Angry
/kaggle/working//train_aug_629_3.wav	05Angry
/kaggle/working//train_aug_630_0.wav	03Happy
/kaggle/working//train_aug_630_1.wav	03Happy
/kaggle/working//train_aug_630_2.wav	03Happy
/kaggle/working//train_aug_630_3.wav	03Happy
/kaggle/working//train_aug_631_0.wav	04Sad
/kaggle/working//train_aug_631_1.wav	04Sad
/kaggle/working//train_aug_631_2.wav	04Sad
/kaggle/working//train_aug_631_3.wav	04Sad
/kaggle/working//train_aug_632_0.wav	01Neutral
/kaggle/working//train_aug_632_1.wav	01Neutral
/kaggle/working//train_aug_632_2.wav	01Neutral
/kaggle/working//train_aug_632_3.wav	01Neutral
/kaggle/working//train_aug_633_0.wav	01Neutral
/kaggle/working//train_aug_633_1.wav	01Neutral
/kaggle/working//train_aug_633_2.wav	01Neutral
/kaggle/working//train_aug_633_3.wav	01Neutral
/kaggle/working//train_aug_634_0.wav	03Happy
/kaggle/working//train_aug_634_1.wav	03Happy
/kaggle/working//train_aug_634_2.wav	03Happy
/kaggle/working//train_aug_634_3.wav	03Happy
/kaggle/working//train_aug_635_0.wav	04Sad
/kaggle/working//train_aug_635_1.wav	04Sad
/kaggle/working//train_aug_635_2.wav	04Sad
/kaggle/working//train_aug_635_3.wav	04Sad
/kaggle/working//train_aug_636_0.wav	03Happy
/kaggle/working//train_aug_636_1.wav	03Happy
/kaggle/working//train_aug_636_2.wav	03Happy
/kaggle/working//train_aug_636_3.wav	03Happy
/kaggle/working//train_aug_637_0.wav	04Sad
/kaggle/working//train_aug_637_1.wav	04Sad
/kaggle/working//train_aug_637_2.wav	04Sad
/kaggle/working//train_aug_637_3.wav	04Sad
/kaggle/working//train_aug_638_0.wav	04Sad
/kaggle/working//train_aug_638_1.wav	04Sad
/kaggle/working//train_aug_638_2.wav	04Sad
/kaggle/working//train_aug_638_3.wav	04Sad
/kaggle/working//train_aug_639_0.wav	04Sad
/kaggle/working//train_aug_639_1.wav	04Sad
/kaggle/working//train_aug_639_2.wav	04Sad
/kaggle/working//train_aug_639_3.wav	04Sad
/kaggle/working//train_aug_640_0.wav	03Happy
/kaggle/working//train_aug_640_1.wav	03Happy
/kaggle/working//train_aug_640_2.wav	03Happy
/kaggle/working//train_aug_640_3.wav	03Happy
/kaggle/working//train_aug_641_0.wav	05Angry
/kaggle/working//train_aug_641_1.wav	05Angry
/kaggle/working//train_aug_641_2.wav	05Angry
/kaggle/working//train_aug_641_3.wav	05Angry
/kaggle/working//train_aug_642_0.wav	01Neutral
/kaggle/working//train_aug_642_1.wav	01Neutral
/kaggle/working//train_aug_642_2.wav	01Neutral
/kaggle/working//train_aug_642_3.wav	01Neutral
/kaggle/working//train_aug_643_0.wav	04Sad
/kaggle/working//train_aug_643_1.wav	04Sad
/kaggle/working//train_aug_643_2.wav	04Sad
/kaggle/working//train_aug_643_3.wav	04Sad
/kaggle/working//train_aug_644_0.wav	03Happy
/kaggle/working//train_aug_644_1.wav	03Happy
/kaggle/working//train_aug_644_2.wav	03Happy
/kaggle/working//train_aug_644_3.wav	03Happy
/kaggle/working//train_aug_645_0.wav	05Angry
/kaggle/working//train_aug_645_1.wav	05Angry
/kaggle/working//train_aug_645_2.wav	05Angry
/kaggle/working//train_aug_645_3.wav	05Angry
/kaggle/working//train_aug_646_0.wav	05Angry
/kaggle/working//train_aug_646_1.wav	05Angry
/kaggle/working//train_aug_646_2.wav	05Angry
/kaggle/working//train_aug_646_3.wav	05Angry
/kaggle/working//train_aug_647_0.wav	04Sad
/kaggle/working//train_aug_647_1.wav	04Sad
/kaggle/working//train_aug_647_2.wav	04Sad
/kaggle/working//train_aug_647_3.wav	04Sad
/kaggle/working//train_aug_648_0.wav	01Neutral
/kaggle/working//train_aug_648_1.wav	01Neutral
/kaggle/working//train_aug_648_2.wav	01Neutral
/kaggle/working//train_aug_648_3.wav	01Neutral
/kaggle/working//train_aug_649_0.wav	05Angry
/kaggle/working//train_aug_649_1.wav	05Angry
/kaggle/working//train_aug_649_2.wav	05Angry
/kaggle/working//train_aug_649_3.wav	05Angry
/kaggle/working//train_aug_650_0.wav	01Neutral
/kaggle/working//train_aug_650_1.wav	01Neutral
/kaggle/working//train_aug_650_2.wav	01Neutral
/kaggle/working//train_aug_650_3.wav	01Neutral
/kaggle/working//train_aug_651_0.wav	03Happy
/kaggle/working//train_aug_651_1.wav	03Happy
/kaggle/working//train_aug_651_2.wav	03Happy
/kaggle/working//train_aug_651_3.wav	03Happy
/kaggle/working//train_aug_652_0.wav	03Happy
/kaggle/working//train_aug_652_1.wav	03Happy
/kaggle/working//train_aug_652_2.wav	03Happy
/kaggle/working//train_aug_652_3.wav	03Happy
/kaggle/working//train_aug_653_0.wav	01Neutral
/kaggle/working//train_aug_653_1.wav	01Neutral
/kaggle/working//train_aug_653_2.wav	01Neutral
/kaggle/working//train_aug_653_3.wav	01Neutral
/kaggle/working//train_aug_654_0.wav	05Angry
/kaggle/working//train_aug_654_1.wav	05Angry
/kaggle/working//train_aug_654_2.wav	05Angry
/kaggle/working//train_aug_654_3.wav	05Angry
/kaggle/working//train_aug_655_0.wav	04Sad
/kaggle/working//train_aug_655_1.wav	04Sad
/kaggle/working//train_aug_655_2.wav	04Sad
/kaggle/working//train_aug_655_3.wav	04Sad
/kaggle/working//train_aug_656_0.wav	02Fearful
/kaggle/working//train_aug_656_1.wav	02Fearful
/kaggle/working//train_aug_656_2.wav	02Fearful
/kaggle/working//train_aug_656_3.wav	02Fearful
/kaggle/working//train_aug_657_0.wav	01Neutral
/kaggle/working//train_aug_657_1.wav	01Neutral
/kaggle/working//train_aug_657_2.wav	01Neutral
/kaggle/working//train_aug_657_3.wav	01Neutral
/kaggle/working//train_aug_658_0.wav	04Sad
/kaggle/working//train_aug_658_1.wav	04Sad
/kaggle/working//train_aug_658_2.wav	04Sad
/kaggle/working//train_aug_658_3.wav	04Sad
/kaggle/working//train_aug_659_0.wav	02Fearful
/kaggle/working//train_aug_659_1.wav	02Fearful
/kaggle/working//train_aug_659_2.wav	02Fearful
/kaggle/working//train_aug_659_3.wav	02Fearful
/kaggle/working//train_aug_660_0.wav	02Fearful
/kaggle/working//train_aug_660_1.wav	02Fearful
/kaggle/working//train_aug_660_2.wav	02Fearful
/kaggle/working//train_aug_660_3.wav	02Fearful
/kaggle/working//train_aug_661_0.wav	01Neutral
/kaggle/working//train_aug_661_1.wav	01Neutral
/kaggle/working//train_aug_661_2.wav	01Neutral
/kaggle/working//train_aug_661_3.wav	01Neutral
/kaggle/working//train_aug_662_0.wav	03Happy
/kaggle/working//train_aug_662_1.wav	03Happy
/kaggle/working//train_aug_662_2.wav	03Happy
/kaggle/working//train_aug_662_3.wav	03Happy
/kaggle/working//train_aug_663_0.wav	02Fearful
/kaggle/working//train_aug_663_1.wav	02Fearful
/kaggle/working//train_aug_663_2.wav	02Fearful
/kaggle/working//train_aug_663_3.wav	02Fearful
/kaggle/working//train_aug_664_0.wav	04Sad
/kaggle/working//train_aug_664_1.wav	04Sad
/kaggle/working//train_aug_664_2.wav	04Sad
/kaggle/working//train_aug_664_3.wav	04Sad
/kaggle/working//train_aug_665_0.wav	03Happy
/kaggle/working//train_aug_665_1.wav	03Happy
/kaggle/working//train_aug_665_2.wav	03Happy
/kaggle/working//train_aug_665_3.wav	03Happy
/kaggle/working//train_aug_666_0.wav	01Neutral
/kaggle/working//train_aug_666_1.wav	01Neutral
/kaggle/working//train_aug_666_2.wav	01Neutral
/kaggle/working//train_aug_666_3.wav	01Neutral
/kaggle/working//train_aug_667_0.wav	01Neutral
/kaggle/working//train_aug_667_1.wav	01Neutral
/kaggle/working//train_aug_667_2.wav	01Neutral
/kaggle/working//train_aug_667_3.wav	01Neutral
/kaggle/working//train_aug_668_0.wav	04Sad
/kaggle/working//train_aug_668_1.wav	04Sad
/kaggle/working//train_aug_668_2.wav	04Sad
/kaggle/working//train_aug_668_3.wav	04Sad
/kaggle/working//train_aug_669_0.wav	01Neutral
/kaggle/working//train_aug_669_1.wav	01Neutral
/kaggle/working//train_aug_669_2.wav	01Neutral
/kaggle/working//train_aug_669_3.wav	01Neutral
/kaggle/working//train_aug_670_0.wav	01Neutral
/kaggle/working//train_aug_670_1.wav	01Neutral
/kaggle/working//train_aug_670_2.wav	01Neutral
/kaggle/working//train_aug_670_3.wav	01Neutral
/kaggle/working//train_aug_671_0.wav	04Sad
/kaggle/working//train_aug_671_1.wav	04Sad
/kaggle/working//train_aug_671_2.wav	04Sad
/kaggle/working//train_aug_671_3.wav	04Sad
/kaggle/working//train_aug_672_0.wav	04Sad
/kaggle/working//train_aug_672_1.wav	04Sad
/kaggle/working//train_aug_672_2.wav	04Sad
/kaggle/working//train_aug_672_3.wav	04Sad
/kaggle/working//train_aug_673_0.wav	01Neutral
/kaggle/working//train_aug_673_1.wav	01Neutral
/kaggle/working//train_aug_673_2.wav	01Neutral
/kaggle/working//train_aug_673_3.wav	01Neutral
/kaggle/working//train_aug_674_0.wav	03Happy
/kaggle/working//train_aug_674_1.wav	03Happy
/kaggle/working//train_aug_674_2.wav	03Happy
/kaggle/working//train_aug_674_3.wav	03Happy
/kaggle/working//train_aug_675_0.wav	01Neutral
/kaggle/working//train_aug_675_1.wav	01Neutral
/kaggle/working//train_aug_675_2.wav	01Neutral
/kaggle/working//train_aug_675_3.wav	01Neutral
/kaggle/working//train_aug_676_0.wav	05Angry
/kaggle/working//train_aug_676_1.wav	05Angry
/kaggle/working//train_aug_676_2.wav	05Angry
/kaggle/working//train_aug_676_3.wav	05Angry
/kaggle/working//train_aug_677_0.wav	04Sad
/kaggle/working//train_aug_677_1.wav	04Sad
/kaggle/working//train_aug_677_2.wav	04Sad
/kaggle/working//train_aug_677_3.wav	04Sad
/kaggle/working//train_aug_678_0.wav	02Fearful
/kaggle/working//train_aug_678_1.wav	02Fearful
/kaggle/working//train_aug_678_2.wav	02Fearful
/kaggle/working//train_aug_678_3.wav	02Fearful
/kaggle/working//train_aug_679_0.wav	03Happy
/kaggle/working//train_aug_679_1.wav	03Happy
/kaggle/working//train_aug_679_2.wav	03Happy
/kaggle/working//train_aug_679_3.wav	03Happy
/kaggle/working//train_aug_680_0.wav	01Neutral
/kaggle/working//train_aug_680_1.wav	01Neutral
/kaggle/working//train_aug_680_2.wav	01Neutral
/kaggle/working//train_aug_680_3.wav	01Neutral
/kaggle/working//train_aug_681_0.wav	01Neutral
/kaggle/working//train_aug_681_1.wav	01Neutral
/kaggle/working//train_aug_681_2.wav	01Neutral
/kaggle/working//train_aug_681_3.wav	01Neutral
/kaggle/working//train_aug_682_0.wav	05Angry
/kaggle/working//train_aug_682_1.wav	05Angry
/kaggle/working//train_aug_682_2.wav	05Angry
/kaggle/working//train_aug_682_3.wav	05Angry
/kaggle/working//train_aug_683_0.wav	04Sad
/kaggle/working//train_aug_683_1.wav	04Sad
/kaggle/working//train_aug_683_2.wav	04Sad
/kaggle/working//train_aug_683_3.wav	04Sad
/kaggle/working//train_aug_684_0.wav	02Fearful
/kaggle/working//train_aug_684_1.wav	02Fearful
/kaggle/working//train_aug_684_2.wav	02Fearful
/kaggle/working//train_aug_684_3.wav	02Fearful
/kaggle/working//train_aug_685_0.wav	05Angry
/kaggle/working//train_aug_685_1.wav	05Angry
/kaggle/working//train_aug_685_2.wav	05Angry
/kaggle/working//train_aug_685_3.wav	05Angry
/kaggle/working//train_aug_686_0.wav	03Happy
/kaggle/working//train_aug_686_1.wav	03Happy
/kaggle/working//train_aug_686_2.wav	03Happy
/kaggle/working//train_aug_686_3.wav	03Happy
/kaggle/working//train_aug_687_0.wav	05Angry
/kaggle/working//train_aug_687_1.wav	05Angry
/kaggle/working//train_aug_687_2.wav	05Angry
/kaggle/working//train_aug_687_3.wav	05Angry
/kaggle/working//train_aug_688_0.wav	01Neutral
/kaggle/working//train_aug_688_1.wav	01Neutral
/kaggle/working//train_aug_688_2.wav	01Neutral
/kaggle/working//train_aug_688_3.wav	01Neutral
/kaggle/working//train_aug_689_0.wav	03Happy
/kaggle/working//train_aug_689_1.wav	03Happy
/kaggle/working//train_aug_689_2.wav	03Happy
/kaggle/working//train_aug_689_3.wav	03Happy
/kaggle/working//train_aug_690_0.wav	02Fearful
/kaggle/working//train_aug_690_1.wav	02Fearful
/kaggle/working//train_aug_690_2.wav	02Fearful
/kaggle/working//train_aug_690_3.wav	02Fearful
/kaggle/working//train_aug_691_0.wav	01Neutral
/kaggle/working//train_aug_691_1.wav	01Neutral
/kaggle/working//train_aug_691_2.wav	01Neutral
/kaggle/working//train_aug_691_3.wav	01Neutral
/kaggle/working//train_aug_692_0.wav	01Neutral
/kaggle/working//train_aug_692_1.wav	01Neutral
/kaggle/working//train_aug_692_2.wav	01Neutral
/kaggle/working//train_aug_692_3.wav	01Neutral
/kaggle/working//train_aug_693_0.wav	01Neutral
/kaggle/working//train_aug_693_1.wav	01Neutral
/kaggle/working//train_aug_693_2.wav	01Neutral
/kaggle/working//train_aug_693_3.wav	01Neutral
/kaggle/working//train_aug_694_0.wav	01Neutral
/kaggle/working//train_aug_694_1.wav	01Neutral
/kaggle/working//train_aug_694_2.wav	01Neutral
/kaggle/working//train_aug_694_3.wav	01Neutral
/kaggle/working//train_aug_695_0.wav	03Happy
/kaggle/working//train_aug_695_1.wav	03Happy
/kaggle/working//train_aug_695_2.wav	03Happy
/kaggle/working//train_aug_695_3.wav	03Happy
/kaggle/working//train_aug_696_0.wav	03Happy
/kaggle/working//train_aug_696_1.wav	03Happy
/kaggle/working//train_aug_696_2.wav	03Happy
/kaggle/working//train_aug_696_3.wav	03Happy
/kaggle/working//train_aug_697_0.wav	03Happy
/kaggle/working//train_aug_697_1.wav	03Happy
/kaggle/working//train_aug_697_2.wav	03Happy
/kaggle/working//train_aug_697_3.wav	03Happy
/kaggle/working//train_aug_698_0.wav	05Angry
/kaggle/working//train_aug_698_1.wav	05Angry
/kaggle/working//train_aug_698_2.wav	05Angry
/kaggle/working//train_aug_698_3.wav	05Angry
/kaggle/working//train_aug_699_0.wav	05Angry
/kaggle/working//train_aug_699_1.wav	05Angry
/kaggle/working//train_aug_699_2.wav	05Angry
/kaggle/working//train_aug_699_3.wav	05Angry
/kaggle/working//train_aug_700_0.wav	03Happy
/kaggle/working//train_aug_700_1.wav	03Happy
/kaggle/working//train_aug_700_2.wav	03Happy
/kaggle/working//train_aug_700_3.wav	03Happy
/kaggle/working//train_aug_701_0.wav	05Angry
/kaggle/working//train_aug_701_1.wav	05Angry
/kaggle/working//train_aug_701_2.wav	05Angry
/kaggle/working//train_aug_701_3.wav	05Angry
/kaggle/working//train_aug_702_0.wav	03Happy
/kaggle/working//train_aug_702_1.wav	03Happy
/kaggle/working//train_aug_702_2.wav	03Happy
/kaggle/working//train_aug_702_3.wav	03Happy
/kaggle/working//train_aug_703_0.wav	04Sad
/kaggle/working//train_aug_703_1.wav	04Sad
/kaggle/working//train_aug_703_2.wav	04Sad
/kaggle/working//train_aug_703_3.wav	04Sad
/kaggle/working//train_aug_704_0.wav	03Happy
/kaggle/working//train_aug_704_1.wav	03Happy
/kaggle/working//train_aug_704_2.wav	03Happy
/kaggle/working//train_aug_704_3.wav	03Happy
/kaggle/working//train_aug_705_0.wav	01Neutral
/kaggle/working//train_aug_705_1.wav	01Neutral
/kaggle/working//train_aug_705_2.wav	01Neutral
/kaggle/working//train_aug_705_3.wav	01Neutral
/kaggle/working//train_aug_706_0.wav	01Neutral
/kaggle/working//train_aug_706_1.wav	01Neutral
/kaggle/working//train_aug_706_2.wav	01Neutral
/kaggle/working//train_aug_706_3.wav	01Neutral
/kaggle/working//train_aug_707_0.wav	03Happy
/kaggle/working//train_aug_707_1.wav	03Happy
/kaggle/working//train_aug_707_2.wav	03Happy
/kaggle/working//train_aug_707_3.wav	03Happy
/kaggle/working//train_aug_708_0.wav	05Angry
/kaggle/working//train_aug_708_1.wav	05Angry
/kaggle/working//train_aug_708_2.wav	05Angry
/kaggle/working//train_aug_708_3.wav	05Angry
/kaggle/working//train_aug_709_0.wav	04Sad
/kaggle/working//train_aug_709_1.wav	04Sad
/kaggle/working//train_aug_709_2.wav	04Sad
/kaggle/working//train_aug_709_3.wav	04Sad
/kaggle/working//train_aug_710_0.wav	02Fearful
/kaggle/working//train_aug_710_1.wav	02Fearful
/kaggle/working//train_aug_710_2.wav	02Fearful
/kaggle/working//train_aug_710_3.wav	02Fearful
/kaggle/working//train_aug_711_0.wav	01Neutral
/kaggle/working//train_aug_711_1.wav	01Neutral
/kaggle/working//train_aug_711_2.wav	01Neutral
/kaggle/working//train_aug_711_3.wav	01Neutral
/kaggle/working//train_aug_712_0.wav	04Sad
/kaggle/working//train_aug_712_1.wav	04Sad
/kaggle/working//train_aug_712_2.wav	04Sad
/kaggle/working//train_aug_712_3.wav	04Sad
/kaggle/working//train_aug_713_0.wav	05Angry
/kaggle/working//train_aug_713_1.wav	05Angry
/kaggle/working//train_aug_713_2.wav	05Angry
/kaggle/working//train_aug_713_3.wav	05Angry
/kaggle/working//train_aug_714_0.wav	01Neutral
/kaggle/working//train_aug_714_1.wav	01Neutral
/kaggle/working//train_aug_714_2.wav	01Neutral
/kaggle/working//train_aug_714_3.wav	01Neutral
/kaggle/working//train_aug_715_0.wav	05Angry
/kaggle/working//train_aug_715_1.wav	05Angry
/kaggle/working//train_aug_715_2.wav	05Angry
/kaggle/working//train_aug_715_3.wav	05Angry
/kaggle/working//train_aug_716_0.wav	01Neutral
/kaggle/working//train_aug_716_1.wav	01Neutral
/kaggle/working//train_aug_716_2.wav	01Neutral
/kaggle/working//train_aug_716_3.wav	01Neutral
/kaggle/working//train_aug_717_0.wav	05Angry
/kaggle/working//train_aug_717_1.wav	05Angry
/kaggle/working//train_aug_717_2.wav	05Angry
/kaggle/working//train_aug_717_3.wav	05Angry
/kaggle/working//train_aug_718_0.wav	01Neutral
/kaggle/working//train_aug_718_1.wav	01Neutral
/kaggle/working//train_aug_718_2.wav	01Neutral
/kaggle/working//train_aug_718_3.wav	01Neutral
/kaggle/working//train_aug_719_0.wav	01Neutral
/kaggle/working//train_aug_719_1.wav	01Neutral
/kaggle/working//train_aug_719_2.wav	01Neutral
/kaggle/working//train_aug_719_3.wav	01Neutral
/kaggle/working//train_aug_720_0.wav	01Neutral
/kaggle/working//train_aug_720_1.wav	01Neutral
/kaggle/working//train_aug_720_2.wav	01Neutral
/kaggle/working//train_aug_720_3.wav	01Neutral
/kaggle/working//train_aug_721_0.wav	03Happy
/kaggle/working//train_aug_721_1.wav	03Happy
/kaggle/working//train_aug_721_2.wav	03Happy
/kaggle/working//train_aug_721_3.wav	03Happy
/kaggle/working//train_aug_722_0.wav	04Sad
/kaggle/working//train_aug_722_1.wav	04Sad
/kaggle/working//train_aug_722_2.wav	04Sad
/kaggle/working//train_aug_722_3.wav	04Sad
/kaggle/working//train_aug_723_0.wav	04Sad
/kaggle/working//train_aug_723_1.wav	04Sad
/kaggle/working//train_aug_723_2.wav	04Sad
/kaggle/working//train_aug_723_3.wav	04Sad
/kaggle/working//train_aug_724_0.wav	04Sad
/kaggle/working//train_aug_724_1.wav	04Sad
/kaggle/working//train_aug_724_2.wav	04Sad
/kaggle/working//train_aug_724_3.wav	04Sad
/kaggle/working//train_aug_725_0.wav	05Angry
/kaggle/working//train_aug_725_1.wav	05Angry
/kaggle/working//train_aug_725_2.wav	05Angry
/kaggle/working//train_aug_725_3.wav	05Angry
/kaggle/working//train_aug_726_0.wav	05Angry
/kaggle/working//train_aug_726_1.wav	05Angry
/kaggle/working//train_aug_726_2.wav	05Angry
/kaggle/working//train_aug_726_3.wav	05Angry
/kaggle/working//train_aug_727_0.wav	01Neutral
/kaggle/working//train_aug_727_1.wav	01Neutral
/kaggle/working//train_aug_727_2.wav	01Neutral
/kaggle/working//train_aug_727_3.wav	01Neutral
/kaggle/working//train_aug_728_0.wav	05Angry
/kaggle/working//train_aug_728_1.wav	05Angry
/kaggle/working//train_aug_728_2.wav	05Angry
/kaggle/working//train_aug_728_3.wav	05Angry
/kaggle/working//train_aug_729_0.wav	04Sad
/kaggle/working//train_aug_729_1.wav	04Sad
/kaggle/working//train_aug_729_2.wav	04Sad
/kaggle/working//train_aug_729_3.wav	04Sad
/kaggle/working//train_aug_730_0.wav	03Happy
/kaggle/working//train_aug_730_1.wav	03Happy
/kaggle/working//train_aug_730_2.wav	03Happy
/kaggle/working//train_aug_730_3.wav	03Happy
/kaggle/working//train_aug_731_0.wav	05Angry
/kaggle/working//train_aug_731_1.wav	05Angry
/kaggle/working//train_aug_731_2.wav	05Angry
/kaggle/working//train_aug_731_3.wav	05Angry
/kaggle/working//train_aug_732_0.wav	01Neutral
/kaggle/working//train_aug_732_1.wav	01Neutral
/kaggle/working//train_aug_732_2.wav	01Neutral
/kaggle/working//train_aug_732_3.wav	01Neutral
/kaggle/working//train_aug_733_0.wav	02Fearful
/kaggle/working//train_aug_733_1.wav	02Fearful
/kaggle/working//train_aug_733_2.wav	02Fearful
/kaggle/working//train_aug_733_3.wav	02Fearful
/kaggle/working//train_aug_734_0.wav	04Sad
/kaggle/working//train_aug_734_1.wav	04Sad
/kaggle/working//train_aug_734_2.wav	04Sad
/kaggle/working//train_aug_734_3.wav	04Sad
/kaggle/working//train_aug_735_0.wav	02Fearful
/kaggle/working//train_aug_735_1.wav	02Fearful
/kaggle/working//train_aug_735_2.wav	02Fearful
/kaggle/working//train_aug_735_3.wav	02Fearful
/kaggle/working//train_aug_736_0.wav	04Sad
/kaggle/working//train_aug_736_1.wav	04Sad
/kaggle/working//train_aug_736_2.wav	04Sad
/kaggle/working//train_aug_736_3.wav	04Sad
/kaggle/working//train_aug_737_0.wav	01Neutral
/kaggle/working//train_aug_737_1.wav	01Neutral
/kaggle/working//train_aug_737_2.wav	01Neutral
/kaggle/working//train_aug_737_3.wav	01Neutral
/kaggle/working//train_aug_738_0.wav	03Happy
/kaggle/working//train_aug_738_1.wav	03Happy
/kaggle/working//train_aug_738_2.wav	03Happy
/kaggle/working//train_aug_738_3.wav	03Happy
/kaggle/working//train_aug_739_0.wav	05Angry
/kaggle/working//train_aug_739_1.wav	05Angry
/kaggle/working//train_aug_739_2.wav	05Angry
/kaggle/working//train_aug_739_3.wav	05Angry
/kaggle/working//train_aug_740_0.wav	02Fearful
/kaggle/working//train_aug_740_1.wav	02Fearful
/kaggle/working//train_aug_740_2.wav	02Fearful
/kaggle/working//train_aug_740_3.wav	02Fearful
/kaggle/working//train_aug_741_0.wav	04Sad
/kaggle/working//train_aug_741_1.wav	04Sad
/kaggle/working//train_aug_741_2.wav	04Sad
/kaggle/working//train_aug_741_3.wav	04Sad
/kaggle/working//train_aug_742_0.wav	04Sad
/kaggle/working//train_aug_742_1.wav	04Sad
/kaggle/working//train_aug_742_2.wav	04Sad
/kaggle/working//train_aug_742_3.wav	04Sad
/kaggle/working//train_aug_743_0.wav	05Angry
/kaggle/working//train_aug_743_1.wav	05Angry
/kaggle/working//train_aug_743_2.wav	05Angry
/kaggle/working//train_aug_743_3.wav	05Angry
/kaggle/working//train_aug_744_0.wav	04Sad
/kaggle/working//train_aug_744_1.wav	04Sad
/kaggle/working//train_aug_744_2.wav	04Sad
/kaggle/working//train_aug_744_3.wav	04Sad
/kaggle/working//train_aug_745_0.wav	01Neutral
/kaggle/working//train_aug_745_1.wav	01Neutral
/kaggle/working//train_aug_745_2.wav	01Neutral
/kaggle/working//train_aug_745_3.wav	01Neutral
/kaggle/working//train_aug_746_0.wav	01Neutral
/kaggle/working//train_aug_746_1.wav	01Neutral
/kaggle/working//train_aug_746_2.wav	01Neutral
/kaggle/working//train_aug_746_3.wav	01Neutral
/kaggle/working//train_aug_747_0.wav	01Neutral
/kaggle/working//train_aug_747_1.wav	01Neutral
/kaggle/working//train_aug_747_2.wav	01Neutral
/kaggle/working//train_aug_747_3.wav	01Neutral
/kaggle/working//train_aug_748_0.wav	03Happy
/kaggle/working//train_aug_748_1.wav	03Happy
/kaggle/working//train_aug_748_2.wav	03Happy
/kaggle/working//train_aug_748_3.wav	03Happy
/kaggle/working//train_aug_749_0.wav	05Angry
/kaggle/working//train_aug_749_1.wav	05Angry
/kaggle/working//train_aug_749_2.wav	05Angry
/kaggle/working//train_aug_749_3.wav	05Angry
/kaggle/working//train_aug_750_0.wav	05Angry
/kaggle/working//train_aug_750_1.wav	05Angry
/kaggle/working//train_aug_750_2.wav	05Angry
/kaggle/working//train_aug_750_3.wav	05Angry
/kaggle/working//train_aug_751_0.wav	03Happy
/kaggle/working//train_aug_751_1.wav	03Happy
/kaggle/working//train_aug_751_2.wav	03Happy
/kaggle/working//train_aug_751_3.wav	03Happy
/kaggle/working//train_aug_752_0.wav	01Neutral
/kaggle/working//train_aug_752_1.wav	01Neutral
/kaggle/working//train_aug_752_2.wav	01Neutral
/kaggle/working//train_aug_752_3.wav	01Neutral
/kaggle/working//train_aug_753_0.wav	05Angry
/kaggle/working//train_aug_753_1.wav	05Angry
/kaggle/working//train_aug_753_2.wav	05Angry
/kaggle/working//train_aug_753_3.wav	05Angry
/kaggle/working//train_aug_754_0.wav	01Neutral
/kaggle/working//train_aug_754_1.wav	01Neutral
/kaggle/working//train_aug_754_2.wav	01Neutral
/kaggle/working//train_aug_754_3.wav	01Neutral
/kaggle/working//train_aug_755_0.wav	03Happy
/kaggle/working//train_aug_755_1.wav	03Happy
/kaggle/working//train_aug_755_2.wav	03Happy
/kaggle/working//train_aug_755_3.wav	03Happy
/kaggle/working//train_aug_756_0.wav	02Fearful
/kaggle/working//train_aug_756_1.wav	02Fearful
/kaggle/working//train_aug_756_2.wav	02Fearful
/kaggle/working//train_aug_756_3.wav	02Fearful
/kaggle/working//train_aug_757_0.wav	04Sad
/kaggle/working//train_aug_757_1.wav	04Sad
/kaggle/working//train_aug_757_2.wav	04Sad
/kaggle/working//train_aug_757_3.wav	04Sad
/kaggle/working//train_aug_758_0.wav	03Happy
/kaggle/working//train_aug_758_1.wav	03Happy
/kaggle/working//train_aug_758_2.wav	03Happy
/kaggle/working//train_aug_758_3.wav	03Happy
/kaggle/working//train_aug_759_0.wav	05Angry
/kaggle/working//train_aug_759_1.wav	05Angry
/kaggle/working//train_aug_759_2.wav	05Angry
/kaggle/working//train_aug_759_3.wav	05Angry
/kaggle/working//train_aug_760_0.wav	01Neutral
/kaggle/working//train_aug_760_1.wav	01Neutral
/kaggle/working//train_aug_760_2.wav	01Neutral
/kaggle/working//train_aug_760_3.wav	01Neutral
/kaggle/working//train_aug_761_0.wav	01Neutral
/kaggle/working//train_aug_761_1.wav	01Neutral
/kaggle/working//train_aug_761_2.wav	01Neutral
/kaggle/working//train_aug_761_3.wav	01Neutral
/kaggle/working//train_aug_762_0.wav	03Happy
/kaggle/working//train_aug_762_1.wav	03Happy
/kaggle/working//train_aug_762_2.wav	03Happy
/kaggle/working//train_aug_762_3.wav	03Happy
/kaggle/working//train_aug_763_0.wav	03Happy
/kaggle/working//train_aug_763_1.wav	03Happy
/kaggle/working//train_aug_763_2.wav	03Happy
/kaggle/working//train_aug_763_3.wav	03Happy
/kaggle/working//train_aug_764_0.wav	04Sad
/kaggle/working//train_aug_764_1.wav	04Sad
/kaggle/working//train_aug_764_2.wav	04Sad
/kaggle/working//train_aug_764_3.wav	04Sad
/kaggle/working//train_aug_765_0.wav	02Fearful
/kaggle/working//train_aug_765_1.wav	02Fearful
/kaggle/working//train_aug_765_2.wav	02Fearful
/kaggle/working//train_aug_765_3.wav	02Fearful
/kaggle/working//train_aug_766_0.wav	05Angry
/kaggle/working//train_aug_766_1.wav	05Angry
/kaggle/working//train_aug_766_2.wav	05Angry
/kaggle/working//train_aug_766_3.wav	05Angry
/kaggle/working//train_aug_767_0.wav	02Fearful
/kaggle/working//train_aug_767_1.wav	02Fearful
/kaggle/working//train_aug_767_2.wav	02Fearful
/kaggle/working//train_aug_767_3.wav	02Fearful
/kaggle/working//train_aug_768_0.wav	05Angry
/kaggle/working//train_aug_768_1.wav	05Angry
/kaggle/working//train_aug_768_2.wav	05Angry
/kaggle/working//train_aug_768_3.wav	05Angry
/kaggle/working//train_aug_769_0.wav	02Fearful
/kaggle/working//train_aug_769_1.wav	02Fearful
/kaggle/working//train_aug_769_2.wav	02Fearful
/kaggle/working//train_aug_769_3.wav	02Fearful
/kaggle/working//train_aug_770_0.wav	03Happy
/kaggle/working//train_aug_770_1.wav	03Happy
/kaggle/working//train_aug_770_2.wav	03Happy
/kaggle/working//train_aug_770_3.wav	03Happy
/kaggle/working//train_aug_771_0.wav	02Fearful
/kaggle/working//train_aug_771_1.wav	02Fearful
/kaggle/working//train_aug_771_2.wav	02Fearful
/kaggle/working//train_aug_771_3.wav	02Fearful
/kaggle/working//train_aug_772_0.wav	03Happy
/kaggle/working//train_aug_772_1.wav	03Happy
/kaggle/working//train_aug_772_2.wav	03Happy
/kaggle/working//train_aug_772_3.wav	03Happy
/kaggle/working//train_aug_773_0.wav	02Fearful
/kaggle/working//train_aug_773_1.wav	02Fearful
/kaggle/working//train_aug_773_2.wav	02Fearful
/kaggle/working//train_aug_773_3.wav	02Fearful
/kaggle/working//train_aug_774_0.wav	03Happy
/kaggle/working//train_aug_774_1.wav	03Happy
/kaggle/working//train_aug_774_2.wav	03Happy
/kaggle/working//train_aug_774_3.wav	03Happy
/kaggle/working//train_aug_775_0.wav	04Sad
/kaggle/working//train_aug_775_1.wav	04Sad
/kaggle/working//train_aug_775_2.wav	04Sad
/kaggle/working//train_aug_775_3.wav	04Sad
/kaggle/working//train_aug_776_0.wav	02Fearful
/kaggle/working//train_aug_776_1.wav	02Fearful
/kaggle/working//train_aug_776_2.wav	02Fearful
/kaggle/working//train_aug_776_3.wav	02Fearful
/kaggle/working//train_aug_777_0.wav	05Angry
/kaggle/working//train_aug_777_1.wav	05Angry
/kaggle/working//train_aug_777_2.wav	05Angry
/kaggle/working//train_aug_777_3.wav	05Angry
/kaggle/working//train_aug_778_0.wav	01Neutral
/kaggle/working//train_aug_778_1.wav	01Neutral
/kaggle/working//train_aug_778_2.wav	01Neutral
/kaggle/working//train_aug_778_3.wav	01Neutral
/kaggle/working//train_aug_779_0.wav	01Neutral
/kaggle/working//train_aug_779_1.wav	01Neutral
/kaggle/working//train_aug_779_2.wav	01Neutral
/kaggle/working//train_aug_779_3.wav	01Neutral
/kaggle/working//train_aug_780_0.wav	03Happy
/kaggle/working//train_aug_780_1.wav	03Happy
/kaggle/working//train_aug_780_2.wav	03Happy
/kaggle/working//train_aug_780_3.wav	03Happy
/kaggle/working//train_aug_781_0.wav	01Neutral
/kaggle/working//train_aug_781_1.wav	01Neutral
/kaggle/working//train_aug_781_2.wav	01Neutral
/kaggle/working//train_aug_781_3.wav	01Neutral
/kaggle/working//train_aug_782_0.wav	05Angry
/kaggle/working//train_aug_782_1.wav	05Angry
/kaggle/working//train_aug_782_2.wav	05Angry
/kaggle/working//train_aug_782_3.wav	05Angry
/kaggle/working//train_aug_783_0.wav	04Sad
/kaggle/working//train_aug_783_1.wav	04Sad
/kaggle/working//train_aug_783_2.wav	04Sad
/kaggle/working//train_aug_783_3.wav	04Sad
/kaggle/working//train_aug_784_0.wav	03Happy
/kaggle/working//train_aug_784_1.wav	03Happy
/kaggle/working//train_aug_784_2.wav	03Happy
/kaggle/working//train_aug_784_3.wav	03Happy
/kaggle/working//train_aug_785_0.wav	01Neutral
/kaggle/working//train_aug_785_1.wav	01Neutral
/kaggle/working//train_aug_785_2.wav	01Neutral
/kaggle/working//train_aug_785_3.wav	01Neutral
/kaggle/working//train_aug_786_0.wav	01Neutral
/kaggle/working//train_aug_786_1.wav	01Neutral
/kaggle/working//train_aug_786_2.wav	01Neutral
/kaggle/working//train_aug_786_3.wav	01Neutral
/kaggle/working//train_aug_787_0.wav	02Fearful
/kaggle/working//train_aug_787_1.wav	02Fearful
/kaggle/working//train_aug_787_2.wav	02Fearful
/kaggle/working//train_aug_787_3.wav	02Fearful
/kaggle/working//train_aug_788_0.wav	05Angry
/kaggle/working//train_aug_788_1.wav	05Angry
/kaggle/working//train_aug_788_2.wav	05Angry
/kaggle/working//train_aug_788_3.wav	05Angry
/kaggle/working//train_aug_789_0.wav	01Neutral
/kaggle/working//train_aug_789_1.wav	01Neutral
/kaggle/working//train_aug_789_2.wav	01Neutral
/kaggle/working//train_aug_789_3.wav	01Neutral
/kaggle/working//train_aug_790_0.wav	02Fearful
/kaggle/working//train_aug_790_1.wav	02Fearful
/kaggle/working//train_aug_790_2.wav	02Fearful
/kaggle/working//train_aug_790_3.wav	02Fearful
/kaggle/working//train_aug_791_0.wav	02Fearful
/kaggle/working//train_aug_791_1.wav	02Fearful
/kaggle/working//train_aug_791_2.wav	02Fearful
/kaggle/working//train_aug_791_3.wav	02Fearful
/kaggle/working//train_aug_792_0.wav	02Fearful
/kaggle/working//train_aug_792_1.wav	02Fearful
/kaggle/working//train_aug_792_2.wav	02Fearful
/kaggle/working//train_aug_792_3.wav	02Fearful
/kaggle/working//train_aug_793_0.wav	05Angry
/kaggle/working//train_aug_793_1.wav	05Angry
/kaggle/working//train_aug_793_2.wav	05Angry
/kaggle/working//train_aug_793_3.wav	05Angry
/kaggle/working//train_aug_794_0.wav	02Fearful
/kaggle/working//train_aug_794_1.wav	02Fearful
/kaggle/working//train_aug_794_2.wav	02Fearful
/kaggle/working//train_aug_794_3.wav	02Fearful
/kaggle/working//train_aug_795_0.wav	03Happy
/kaggle/working//train_aug_795_1.wav	03Happy
/kaggle/working//train_aug_795_2.wav	03Happy
/kaggle/working//train_aug_795_3.wav	03Happy
/kaggle/working//train_aug_796_0.wav	02Fearful
/kaggle/working//train_aug_796_1.wav	02Fearful
/kaggle/working//train_aug_796_2.wav	02Fearful
/kaggle/working//train_aug_796_3.wav	02Fearful
/kaggle/working//train_aug_797_0.wav	03Happy
/kaggle/working//train_aug_797_1.wav	03Happy
/kaggle/working//train_aug_797_2.wav	03Happy
/kaggle/working//train_aug_797_3.wav	03Happy
/kaggle/working//train_aug_798_0.wav	05Angry
/kaggle/working//train_aug_798_1.wav	05Angry
/kaggle/working//train_aug_798_2.wav	05Angry
/kaggle/working//train_aug_798_3.wav	05Angry
/kaggle/working//train_aug_799_0.wav	04Sad
/kaggle/working//train_aug_799_1.wav	04Sad
/kaggle/working//train_aug_799_2.wav	04Sad
/kaggle/working//train_aug_799_3.wav	04Sad
/kaggle/working//train_aug_800_0.wav	01Neutral
/kaggle/working//train_aug_800_1.wav	01Neutral
/kaggle/working//train_aug_800_2.wav	01Neutral
/kaggle/working//train_aug_800_3.wav	01Neutral
/kaggle/working//train_aug_801_0.wav	02Fearful
/kaggle/working//train_aug_801_1.wav	02Fearful
/kaggle/working//train_aug_801_2.wav	02Fearful
/kaggle/working//train_aug_801_3.wav	02Fearful
/kaggle/working//train_aug_802_0.wav	04Sad
/kaggle/working//train_aug_802_1.wav	04Sad
/kaggle/working//train_aug_802_2.wav	04Sad
/kaggle/working//train_aug_802_3.wav	04Sad
/kaggle/working//train_aug_803_0.wav	03Happy
/kaggle/working//train_aug_803_1.wav	03Happy
/kaggle/working//train_aug_803_2.wav	03Happy
/kaggle/working//train_aug_803_3.wav	03Happy
/kaggle/working//train_aug_804_0.wav	01Neutral
/kaggle/working//train_aug_804_1.wav	01Neutral
/kaggle/working//train_aug_804_2.wav	01Neutral
/kaggle/working//train_aug_804_3.wav	01Neutral
/kaggle/working//train_aug_805_0.wav	02Fearful
/kaggle/working//train_aug_805_1.wav	02Fearful
/kaggle/working//train_aug_805_2.wav	02Fearful
/kaggle/working//train_aug_805_3.wav	02Fearful
/kaggle/working//train_aug_806_0.wav	02Fearful
/kaggle/working//train_aug_806_1.wav	02Fearful
/kaggle/working//train_aug_806_2.wav	02Fearful
/kaggle/working//train_aug_806_3.wav	02Fearful
/kaggle/working//train_aug_807_0.wav	01Neutral
/kaggle/working//train_aug_807_1.wav	01Neutral
/kaggle/working//train_aug_807_2.wav	01Neutral
/kaggle/working//train_aug_807_3.wav	01Neutral
/kaggle/working//train_aug_808_0.wav	03Happy
/kaggle/working//train_aug_808_1.wav	03Happy
/kaggle/working//train_aug_808_2.wav	03Happy
/kaggle/working//train_aug_808_3.wav	03Happy
/kaggle/working//train_aug_809_0.wav	03Happy
/kaggle/working//train_aug_809_1.wav	03Happy
/kaggle/working//train_aug_809_2.wav	03Happy
/kaggle/working//train_aug_809_3.wav	03Happy
/kaggle/working//train_aug_810_0.wav	03Happy
/kaggle/working//train_aug_810_1.wav	03Happy
/kaggle/working//train_aug_810_2.wav	03Happy
/kaggle/working//train_aug_810_3.wav	03Happy
/kaggle/working//train_aug_811_0.wav	03Happy
/kaggle/working//train_aug_811_1.wav	03Happy
/kaggle/working//train_aug_811_2.wav	03Happy
/kaggle/working//train_aug_811_3.wav	03Happy
/kaggle/working//train_aug_812_0.wav	04Sad
/kaggle/working//train_aug_812_1.wav	04Sad
/kaggle/working//train_aug_812_2.wav	04Sad
/kaggle/working//train_aug_812_3.wav	04Sad
/kaggle/working//train_aug_813_0.wav	02Fearful
/kaggle/working//train_aug_813_1.wav	02Fearful
/kaggle/working//train_aug_813_2.wav	02Fearful
/kaggle/working//train_aug_813_3.wav	02Fearful
/kaggle/working//train_aug_814_0.wav	05Angry
/kaggle/working//train_aug_814_1.wav	05Angry
/kaggle/working//train_aug_814_2.wav	05Angry
/kaggle/working//train_aug_814_3.wav	05Angry
/kaggle/working//train_aug_815_0.wav	04Sad
/kaggle/working//train_aug_815_1.wav	04Sad
/kaggle/working//train_aug_815_2.wav	04Sad
/kaggle/working//train_aug_815_3.wav	04Sad
/kaggle/working//train_aug_816_0.wav	04Sad
/kaggle/working//train_aug_816_1.wav	04Sad
/kaggle/working//train_aug_816_2.wav	04Sad
/kaggle/working//train_aug_816_3.wav	04Sad
/kaggle/working//train_aug_817_0.wav	01Neutral
/kaggle/working//train_aug_817_1.wav	01Neutral
/kaggle/working//train_aug_817_2.wav	01Neutral
/kaggle/working//train_aug_817_3.wav	01Neutral
/kaggle/working//train_aug_818_0.wav	05Angry
/kaggle/working//train_aug_818_1.wav	05Angry
/kaggle/working//train_aug_818_2.wav	05Angry
/kaggle/working//train_aug_818_3.wav	05Angry
/kaggle/working//train_aug_819_0.wav	01Neutral
/kaggle/working//train_aug_819_1.wav	01Neutral
/kaggle/working//train_aug_819_2.wav	01Neutral
/kaggle/working//train_aug_819_3.wav	01Neutral
/kaggle/working//train_aug_820_0.wav	04Sad
/kaggle/working//train_aug_820_1.wav	04Sad
/kaggle/working//train_aug_820_2.wav	04Sad
/kaggle/working//train_aug_820_3.wav	04Sad
/kaggle/working//train_aug_821_0.wav	01Neutral
/kaggle/working//train_aug_821_1.wav	01Neutral
/kaggle/working//train_aug_821_2.wav	01Neutral
/kaggle/working//train_aug_821_3.wav	01Neutral
/kaggle/working//train_aug_822_0.wav	02Fearful
/kaggle/working//train_aug_822_1.wav	02Fearful
/kaggle/working//train_aug_822_2.wav	02Fearful
/kaggle/working//train_aug_822_3.wav	02Fearful
/kaggle/working//train_aug_823_0.wav	05Angry
/kaggle/working//train_aug_823_1.wav	05Angry
/kaggle/working//train_aug_823_2.wav	05Angry
/kaggle/working//train_aug_823_3.wav	05Angry
/kaggle/working//train_aug_824_0.wav	05Angry
/kaggle/working//train_aug_824_1.wav	05Angry
/kaggle/working//train_aug_824_2.wav	05Angry
/kaggle/working//train_aug_824_3.wav	05Angry
/kaggle/working//train_aug_825_0.wav	04Sad
/kaggle/working//train_aug_825_1.wav	04Sad
/kaggle/working//train_aug_825_2.wav	04Sad
/kaggle/working//train_aug_825_3.wav	04Sad
/kaggle/working//train_aug_826_0.wav	01Neutral
/kaggle/working//train_aug_826_1.wav	01Neutral
/kaggle/working//train_aug_826_2.wav	01Neutral
/kaggle/working//train_aug_826_3.wav	01Neutral
/kaggle/working//train_aug_827_0.wav	02Fearful
/kaggle/working//train_aug_827_1.wav	02Fearful
/kaggle/working//train_aug_827_2.wav	02Fearful
/kaggle/working//train_aug_827_3.wav	02Fearful
/kaggle/working//train_aug_828_0.wav	05Angry
/kaggle/working//train_aug_828_1.wav	05Angry
/kaggle/working//train_aug_828_2.wav	05Angry
/kaggle/working//train_aug_828_3.wav	05Angry
/kaggle/working//train_aug_829_0.wav	01Neutral
/kaggle/working//train_aug_829_1.wav	01Neutral
/kaggle/working//train_aug_829_2.wav	01Neutral
/kaggle/working//train_aug_829_3.wav	01Neutral
/kaggle/working//train_aug_830_0.wav	02Fearful
/kaggle/working//train_aug_830_1.wav	02Fearful
/kaggle/working//train_aug_830_2.wav	02Fearful
/kaggle/working//train_aug_830_3.wav	02Fearful
/kaggle/working//train_aug_831_0.wav	04Sad
/kaggle/working//train_aug_831_1.wav	04Sad
/kaggle/working//train_aug_831_2.wav	04Sad
/kaggle/working//train_aug_831_3.wav	04Sad
/kaggle/working//train_aug_832_0.wav	03Happy
/kaggle/working//train_aug_832_1.wav	03Happy
/kaggle/working//train_aug_832_2.wav	03Happy
/kaggle/working//train_aug_832_3.wav	03Happy
/kaggle/working//train_aug_833_0.wav	05Angry
/kaggle/working//train_aug_833_1.wav	05Angry
/kaggle/working//train_aug_833_2.wav	05Angry
/kaggle/working//train_aug_833_3.wav	05Angry
/kaggle/working//train_aug_834_0.wav	01Neutral
/kaggle/working//train_aug_834_1.wav	01Neutral
/kaggle/working//train_aug_834_2.wav	01Neutral
/kaggle/working//train_aug_834_3.wav	01Neutral
/kaggle/working//train_aug_835_0.wav	04Sad
/kaggle/working//train_aug_835_1.wav	04Sad
/kaggle/working//train_aug_835_2.wav	04Sad
/kaggle/working//train_aug_835_3.wav	04Sad
/kaggle/working//train_aug_836_0.wav	04Sad
/kaggle/working//train_aug_836_1.wav	04Sad
/kaggle/working//train_aug_836_2.wav	04Sad
/kaggle/working//train_aug_836_3.wav	04Sad
/kaggle/working//train_aug_837_0.wav	02Fearful
/kaggle/working//train_aug_837_1.wav	02Fearful
/kaggle/working//train_aug_837_2.wav	02Fearful
/kaggle/working//train_aug_837_3.wav	02Fearful
/kaggle/working//train_aug_838_0.wav	01Neutral
/kaggle/working//train_aug_838_1.wav	01Neutral
/kaggle/working//train_aug_838_2.wav	01Neutral
/kaggle/working//train_aug_838_3.wav	01Neutral
/kaggle/working//train_aug_839_0.wav	03Happy
/kaggle/working//train_aug_839_1.wav	03Happy
/kaggle/working//train_aug_839_2.wav	03Happy
/kaggle/working//train_aug_839_3.wav	03Happy
/kaggle/working//train_aug_840_0.wav	05Angry
/kaggle/working//train_aug_840_1.wav	05Angry
/kaggle/working//train_aug_840_2.wav	05Angry
/kaggle/working//train_aug_840_3.wav	05Angry
/kaggle/working//train_aug_841_0.wav	03Happy
/kaggle/working//train_aug_841_1.wav	03Happy
/kaggle/working//train_aug_841_2.wav	03Happy
/kaggle/working//train_aug_841_3.wav	03Happy
/kaggle/working//train_aug_842_0.wav	01Neutral
/kaggle/working//train_aug_842_1.wav	01Neutral
/kaggle/working//train_aug_842_2.wav	01Neutral
/kaggle/working//train_aug_842_3.wav	01Neutral
/kaggle/working//train_aug_843_0.wav	05Angry
/kaggle/working//train_aug_843_1.wav	05Angry
/kaggle/working//train_aug_843_2.wav	05Angry
/kaggle/working//train_aug_843_3.wav	05Angry
/kaggle/working//train_aug_844_0.wav	05Angry
/kaggle/working//train_aug_844_1.wav	05Angry
/kaggle/working//train_aug_844_2.wav	05Angry
/kaggle/working//train_aug_844_3.wav	05Angry
/kaggle/working//train_aug_845_0.wav	02Fearful
/kaggle/working//train_aug_845_1.wav	02Fearful
/kaggle/working//train_aug_845_2.wav	02Fearful
/kaggle/working//train_aug_845_3.wav	02Fearful
/kaggle/working//train_aug_846_0.wav	04Sad
/kaggle/working//train_aug_846_1.wav	04Sad
/kaggle/working//train_aug_846_2.wav	04Sad
/kaggle/working//train_aug_846_3.wav	04Sad
/kaggle/working//train_aug_847_0.wav	01Neutral
/kaggle/working//train_aug_847_1.wav	01Neutral
/kaggle/working//train_aug_847_2.wav	01Neutral
/kaggle/working//train_aug_847_3.wav	01Neutral
/kaggle/working//train_aug_848_0.wav	02Fearful
/kaggle/working//train_aug_848_1.wav	02Fearful
/kaggle/working//train_aug_848_2.wav	02Fearful
/kaggle/working//train_aug_848_3.wav	02Fearful
/kaggle/working//train_aug_849_0.wav	05Angry
/kaggle/working//train_aug_849_1.wav	05Angry
/kaggle/working//train_aug_849_2.wav	05Angry
/kaggle/working//train_aug_849_3.wav	05Angry
/kaggle/working//train_aug_850_0.wav	05Angry
/kaggle/working//train_aug_850_1.wav	05Angry
/kaggle/working//train_aug_850_2.wav	05Angry
/kaggle/working//train_aug_850_3.wav	05Angry
/kaggle/working//train_aug_851_0.wav	04Sad
/kaggle/working//train_aug_851_1.wav	04Sad
/kaggle/working//train_aug_851_2.wav	04Sad
/kaggle/working//train_aug_851_3.wav	04Sad
/kaggle/working//train_aug_852_0.wav	01Neutral
/kaggle/working//train_aug_852_1.wav	01Neutral
/kaggle/working//train_aug_852_2.wav	01Neutral
/kaggle/working//train_aug_852_3.wav	01Neutral
/kaggle/working//train_aug_853_0.wav	03Happy
/kaggle/working//train_aug_853_1.wav	03Happy
/kaggle/working//train_aug_853_2.wav	03Happy
/kaggle/working//train_aug_853_3.wav	03Happy
/kaggle/working//train_aug_854_0.wav	01Neutral
/kaggle/working//train_aug_854_1.wav	01Neutral
/kaggle/working//train_aug_854_2.wav	01Neutral
/kaggle/working//train_aug_854_3.wav	01Neutral
/kaggle/working//train_aug_855_0.wav	01Neutral
/kaggle/working//train_aug_855_1.wav	01Neutral
/kaggle/working//train_aug_855_2.wav	01Neutral
/kaggle/working//train_aug_855_3.wav	01Neutral
/kaggle/working//train_aug_856_0.wav	01Neutral
/kaggle/working//train_aug_856_1.wav	01Neutral
/kaggle/working//train_aug_856_2.wav	01Neutral
/kaggle/working//train_aug_856_3.wav	01Neutral
/kaggle/working//train_aug_857_0.wav	04Sad
/kaggle/working//train_aug_857_1.wav	04Sad
/kaggle/working//train_aug_857_2.wav	04Sad
/kaggle/working//train_aug_857_3.wav	04Sad
/kaggle/working//train_aug_858_0.wav	03Happy
/kaggle/working//train_aug_858_1.wav	03Happy
/kaggle/working//train_aug_858_2.wav	03Happy
/kaggle/working//train_aug_858_3.wav	03Happy
/kaggle/working//train_aug_859_0.wav	05Angry
/kaggle/working//train_aug_859_1.wav	05Angry
/kaggle/working//train_aug_859_2.wav	05Angry
/kaggle/working//train_aug_859_3.wav	05Angry
/kaggle/working//train_aug_860_0.wav	05Angry
/kaggle/working//train_aug_860_1.wav	05Angry
/kaggle/working//train_aug_860_2.wav	05Angry
/kaggle/working//train_aug_860_3.wav	05Angry
/kaggle/working//train_aug_861_0.wav	03Happy
/kaggle/working//train_aug_861_1.wav	03Happy
/kaggle/working//train_aug_861_2.wav	03Happy
/kaggle/working//train_aug_861_3.wav	03Happy
/kaggle/working//train_aug_862_0.wav	04Sad
/kaggle/working//train_aug_862_1.wav	04Sad
/kaggle/working//train_aug_862_2.wav	04Sad
/kaggle/working//train_aug_862_3.wav	04Sad
/kaggle/working//train_aug_863_0.wav	02Fearful
/kaggle/working//train_aug_863_1.wav	02Fearful
/kaggle/working//train_aug_863_2.wav	02Fearful
/kaggle/working//train_aug_863_3.wav	02Fearful
/kaggle/working//train_aug_864_0.wav	05Angry
/kaggle/working//train_aug_864_1.wav	05Angry
/kaggle/working//train_aug_864_2.wav	05Angry
/kaggle/working//train_aug_864_3.wav	05Angry
/kaggle/working//train_aug_865_0.wav	03Happy
/kaggle/working//train_aug_865_1.wav	03Happy
/kaggle/working//train_aug_865_2.wav	03Happy
/kaggle/working//train_aug_865_3.wav	03Happy
/kaggle/working//train_aug_866_0.wav	02Fearful
/kaggle/working//train_aug_866_1.wav	02Fearful
/kaggle/working//train_aug_866_2.wav	02Fearful
/kaggle/working//train_aug_866_3.wav	02Fearful
/kaggle/working//train_aug_867_0.wav	03Happy
/kaggle/working//train_aug_867_1.wav	03Happy
/kaggle/working//train_aug_867_2.wav	03Happy
/kaggle/working//train_aug_867_3.wav	03Happy
/kaggle/working//train_aug_868_0.wav	03Happy
/kaggle/working//train_aug_868_1.wav	03Happy
/kaggle/working//train_aug_868_2.wav	03Happy
/kaggle/working//train_aug_868_3.wav	03Happy
/kaggle/working//train_aug_869_0.wav	01Neutral
/kaggle/working//train_aug_869_1.wav	01Neutral
/kaggle/working//train_aug_869_2.wav	01Neutral
/kaggle/working//train_aug_869_3.wav	01Neutral
/kaggle/working//train_aug_870_0.wav	02Fearful
/kaggle/working//train_aug_870_1.wav	02Fearful
/kaggle/working//train_aug_870_2.wav	02Fearful
/kaggle/working//train_aug_870_3.wav	02Fearful
/kaggle/working//train_aug_871_0.wav	01Neutral
/kaggle/working//train_aug_871_1.wav	01Neutral
/kaggle/working//train_aug_871_2.wav	01Neutral
/kaggle/working//train_aug_871_3.wav	01Neutral
/kaggle/working//train_aug_872_0.wav	04Sad
/kaggle/working//train_aug_872_1.wav	04Sad
/kaggle/working//train_aug_872_2.wav	04Sad
/kaggle/working//train_aug_872_3.wav	04Sad
/kaggle/working//train_aug_873_0.wav	03Happy
/kaggle/working//train_aug_873_1.wav	03Happy
/kaggle/working//train_aug_873_2.wav	03Happy
/kaggle/working//train_aug_873_3.wav	03Happy
/kaggle/working//train_aug_874_0.wav	05Angry
/kaggle/working//train_aug_874_1.wav	05Angry
/kaggle/working//train_aug_874_2.wav	05Angry
/kaggle/working//train_aug_874_3.wav	05Angry
/kaggle/working//train_aug_875_0.wav	03Happy
/kaggle/working//train_aug_875_1.wav	03Happy
/kaggle/working//train_aug_875_2.wav	03Happy
/kaggle/working//train_aug_875_3.wav	03Happy
/kaggle/working//train_aug_876_0.wav	04Sad
/kaggle/working//train_aug_876_1.wav	04Sad
/kaggle/working//train_aug_876_2.wav	04Sad
/kaggle/working//train_aug_876_3.wav	04Sad
/kaggle/working//train_aug_877_0.wav	02Fearful
/kaggle/working//train_aug_877_1.wav	02Fearful
/kaggle/working//train_aug_877_2.wav	02Fearful
/kaggle/working//train_aug_877_3.wav	02Fearful
/kaggle/working//train_aug_878_0.wav	04Sad
/kaggle/working//train_aug_878_1.wav	04Sad
/kaggle/working//train_aug_878_2.wav	04Sad
/kaggle/working//train_aug_878_3.wav	04Sad
/kaggle/working//train_aug_879_0.wav	05Angry
/kaggle/working//train_aug_879_1.wav	05Angry
/kaggle/working//train_aug_879_2.wav	05Angry
/kaggle/working//train_aug_879_3.wav	05Angry
/kaggle/working//train_aug_880_0.wav	02Fearful
/kaggle/working//train_aug_880_1.wav	02Fearful
/kaggle/working//train_aug_880_2.wav	02Fearful
/kaggle/working//train_aug_880_3.wav	02Fearful
/kaggle/working//train_aug_881_0.wav	04Sad
/kaggle/working//train_aug_881_1.wav	04Sad
/kaggle/working//train_aug_881_2.wav	04Sad
/kaggle/working//train_aug_881_3.wav	04Sad
/kaggle/working//train_aug_882_0.wav	05Angry
/kaggle/working//train_aug_882_1.wav	05Angry
/kaggle/working//train_aug_882_2.wav	05Angry
/kaggle/working//train_aug_882_3.wav	05Angry
/kaggle/working//train_aug_883_0.wav	02Fearful
/kaggle/working//train_aug_883_1.wav	02Fearful
/kaggle/working//train_aug_883_2.wav	02Fearful
/kaggle/working//train_aug_883_3.wav	02Fearful
/kaggle/working//train_aug_884_0.wav	02Fearful
/kaggle/working//train_aug_884_1.wav	02Fearful
/kaggle/working//train_aug_884_2.wav	02Fearful
/kaggle/working//train_aug_884_3.wav	02Fearful
/kaggle/working//train_aug_885_0.wav	04Sad
/kaggle/working//train_aug_885_1.wav	04Sad
/kaggle/working//train_aug_885_2.wav	04Sad
/kaggle/working//train_aug_885_3.wav	04Sad
/kaggle/working//train_aug_886_0.wav	03Happy
/kaggle/working//train_aug_886_1.wav	03Happy
/kaggle/working//train_aug_886_2.wav	03Happy
/kaggle/working//train_aug_886_3.wav	03Happy
/kaggle/working//train_aug_887_0.wav	02Fearful
/kaggle/working//train_aug_887_1.wav	02Fearful
/kaggle/working//train_aug_887_2.wav	02Fearful
/kaggle/working//train_aug_887_3.wav	02Fearful
/kaggle/working//train_aug_888_0.wav	05Angry
/kaggle/working//train_aug_888_1.wav	05Angry
/kaggle/working//train_aug_888_2.wav	05Angry
/kaggle/working//train_aug_888_3.wav	05Angry
/kaggle/working//train_aug_889_0.wav	01Neutral
/kaggle/working//train_aug_889_1.wav	01Neutral
/kaggle/working//train_aug_889_2.wav	01Neutral
/kaggle/working//train_aug_889_3.wav	01Neutral
/kaggle/working//train_aug_890_0.wav	01Neutral
/kaggle/working//train_aug_890_1.wav	01Neutral
/kaggle/working//train_aug_890_2.wav	01Neutral
/kaggle/working//train_aug_890_3.wav	01Neutral
/kaggle/working//train_aug_891_0.wav	02Fearful
/kaggle/working//train_aug_891_1.wav	02Fearful
/kaggle/working//train_aug_891_2.wav	02Fearful
/kaggle/working//train_aug_891_3.wav	02Fearful
/kaggle/working//train_aug_892_0.wav	03Happy
/kaggle/working//train_aug_892_1.wav	03Happy
/kaggle/working//train_aug_892_2.wav	03Happy
/kaggle/working//train_aug_892_3.wav	03Happy
/kaggle/working//train_aug_893_0.wav	03Happy
/kaggle/working//train_aug_893_1.wav	03Happy
/kaggle/working//train_aug_893_2.wav	03Happy
/kaggle/working//train_aug_893_3.wav	03Happy
/kaggle/working//train_aug_894_0.wav	04Sad
/kaggle/working//train_aug_894_1.wav	04Sad
/kaggle/working//train_aug_894_2.wav	04Sad
/kaggle/working//train_aug_894_3.wav	04Sad
/kaggle/working//train_aug_895_0.wav	05Angry
/kaggle/working//train_aug_895_1.wav	05Angry
/kaggle/working//train_aug_895_2.wav	05Angry
/kaggle/working//train_aug_895_3.wav	05Angry
/kaggle/working//train_aug_896_0.wav	04Sad
/kaggle/working//train_aug_896_1.wav	04Sad
/kaggle/working//train_aug_896_2.wav	04Sad
/kaggle/working//train_aug_896_3.wav	04Sad
/kaggle/working//train_aug_897_0.wav	03Happy
/kaggle/working//train_aug_897_1.wav	03Happy
/kaggle/working//train_aug_897_2.wav	03Happy
/kaggle/working//train_aug_897_3.wav	03Happy
/kaggle/working//train_aug_898_0.wav	01Neutral
/kaggle/working//train_aug_898_1.wav	01Neutral
/kaggle/working//train_aug_898_2.wav	01Neutral
/kaggle/working//train_aug_898_3.wav	01Neutral
/kaggle/working//train_aug_899_0.wav	02Fearful
/kaggle/working//train_aug_899_1.wav	02Fearful
/kaggle/working//train_aug_899_2.wav	02Fearful
/kaggle/working//train_aug_899_3.wav	02Fearful
/kaggle/working//train_aug_900_0.wav	03Happy
/kaggle/working//train_aug_900_1.wav	03Happy
/kaggle/working//train_aug_900_2.wav	03Happy
/kaggle/working//train_aug_900_3.wav	03Happy
/kaggle/working//train_aug_901_0.wav	05Angry
/kaggle/working//train_aug_901_1.wav	05Angry
/kaggle/working//train_aug_901_2.wav	05Angry
/kaggle/working//train_aug_901_3.wav	05Angry
/kaggle/working//train_aug_902_0.wav	02Fearful
/kaggle/working//train_aug_902_1.wav	02Fearful
/kaggle/working//train_aug_902_2.wav	02Fearful
/kaggle/working//train_aug_902_3.wav	02Fearful
/kaggle/working//train_aug_903_0.wav	03Happy
/kaggle/working//train_aug_903_1.wav	03Happy
/kaggle/working//train_aug_903_2.wav	03Happy
/kaggle/working//train_aug_903_3.wav	03Happy
/kaggle/working//train_aug_904_0.wav	05Angry
/kaggle/working//train_aug_904_1.wav	05Angry
/kaggle/working//train_aug_904_2.wav	05Angry
/kaggle/working//train_aug_904_3.wav	05Angry
/kaggle/working//train_aug_905_0.wav	02Fearful
/kaggle/working//train_aug_905_1.wav	02Fearful
/kaggle/working//train_aug_905_2.wav	02Fearful
/kaggle/working//train_aug_905_3.wav	02Fearful
/kaggle/working//train_aug_906_0.wav	03Happy
/kaggle/working//train_aug_906_1.wav	03Happy
/kaggle/working//train_aug_906_2.wav	03Happy
/kaggle/working//train_aug_906_3.wav	03Happy
/kaggle/working//train_aug_907_0.wav	04Sad
/kaggle/working//train_aug_907_1.wav	04Sad
/kaggle/working//train_aug_907_2.wav	04Sad
/kaggle/working//train_aug_907_3.wav	04Sad
/kaggle/working//train_aug_908_0.wav	04Sad
/kaggle/working//train_aug_908_1.wav	04Sad
/kaggle/working//train_aug_908_2.wav	04Sad
/kaggle/working//train_aug_908_3.wav	04Sad
/kaggle/working//train_aug_909_0.wav	05Angry
/kaggle/working//train_aug_909_1.wav	05Angry
/kaggle/working//train_aug_909_2.wav	05Angry
/kaggle/working//train_aug_909_3.wav	05Angry
/kaggle/working//train_aug_910_0.wav	01Neutral
/kaggle/working//train_aug_910_1.wav	01Neutral
/kaggle/working//train_aug_910_2.wav	01Neutral
/kaggle/working//train_aug_910_3.wav	01Neutral
/kaggle/working//train_aug_911_0.wav	04Sad
/kaggle/working//train_aug_911_1.wav	04Sad
/kaggle/working//train_aug_911_2.wav	04Sad
/kaggle/working//train_aug_911_3.wav	04Sad
/kaggle/working//train_aug_912_0.wav	05Angry
/kaggle/working//train_aug_912_1.wav	05Angry
/kaggle/working//train_aug_912_2.wav	05Angry
/kaggle/working//train_aug_912_3.wav	05Angry
/kaggle/working//train_aug_913_0.wav	04Sad
/kaggle/working//train_aug_913_1.wav	04Sad
/kaggle/working//train_aug_913_2.wav	04Sad
/kaggle/working//train_aug_913_3.wav	04Sad
/kaggle/working//train_aug_914_0.wav	01Neutral
/kaggle/working//train_aug_914_1.wav	01Neutral
/kaggle/working//train_aug_914_2.wav	01Neutral
/kaggle/working//train_aug_914_3.wav	01Neutral
/kaggle/working//train_aug_915_0.wav	05Angry
/kaggle/working//train_aug_915_1.wav	05Angry
/kaggle/working//train_aug_915_2.wav	05Angry
/kaggle/working//train_aug_915_3.wav	05Angry
/kaggle/working//train_aug_916_0.wav	01Neutral
/kaggle/working//train_aug_916_1.wav	01Neutral
/kaggle/working//train_aug_916_2.wav	01Neutral
/kaggle/working//train_aug_916_3.wav	01Neutral
/kaggle/working//train_aug_917_0.wav	01Neutral
/kaggle/working//train_aug_917_1.wav	01Neutral
/kaggle/working//train_aug_917_2.wav	01Neutral
/kaggle/working//train_aug_917_3.wav	01Neutral
/kaggle/working//train_aug_918_0.wav	04Sad
/kaggle/working//train_aug_918_1.wav	04Sad
/kaggle/working//train_aug_918_2.wav	04Sad
/kaggle/working//train_aug_918_3.wav	04Sad
/kaggle/working//train_aug_919_0.wav	04Sad
/kaggle/working//train_aug_919_1.wav	04Sad
/kaggle/working//train_aug_919_2.wav	04Sad
/kaggle/working//train_aug_919_3.wav	04Sad
/kaggle/working//train_aug_920_0.wav	01Neutral
/kaggle/working//train_aug_920_1.wav	01Neutral
/kaggle/working//train_aug_920_2.wav	01Neutral
/kaggle/working//train_aug_920_3.wav	01Neutral
/kaggle/working//train_aug_921_0.wav	05Angry
/kaggle/working//train_aug_921_1.wav	05Angry
/kaggle/working//train_aug_921_2.wav	05Angry
/kaggle/working//train_aug_921_3.wav	05Angry
/kaggle/working//train_aug_922_0.wav	05Angry
/kaggle/working//train_aug_922_1.wav	05Angry
/kaggle/working//train_aug_922_2.wav	05Angry
/kaggle/working//train_aug_922_3.wav	05Angry
/kaggle/working//train_aug_923_0.wav	03Happy
/kaggle/working//train_aug_923_1.wav	03Happy
/kaggle/working//train_aug_923_2.wav	03Happy
/kaggle/working//train_aug_923_3.wav	03Happy
/kaggle/working//train_aug_924_0.wav	04Sad
/kaggle/working//train_aug_924_1.wav	04Sad
/kaggle/working//train_aug_924_2.wav	04Sad
/kaggle/working//train_aug_924_3.wav	04Sad
/kaggle/working//train_aug_925_0.wav	04Sad
/kaggle/working//train_aug_925_1.wav	04Sad
/kaggle/working//train_aug_925_2.wav	04Sad
/kaggle/working//train_aug_925_3.wav	04Sad
/kaggle/working//train_aug_926_0.wav	01Neutral
/kaggle/working//train_aug_926_1.wav	01Neutral
/kaggle/working//train_aug_926_2.wav	01Neutral
/kaggle/working//train_aug_926_3.wav	01Neutral
/kaggle/working//train_aug_927_0.wav	03Happy
/kaggle/working//train_aug_927_1.wav	03Happy
/kaggle/working//train_aug_927_2.wav	03Happy
/kaggle/working//train_aug_927_3.wav	03Happy
/kaggle/working//train_aug_928_0.wav	02Fearful
/kaggle/working//train_aug_928_1.wav	02Fearful
/kaggle/working//train_aug_928_2.wav	02Fearful
/kaggle/working//train_aug_928_3.wav	02Fearful
/kaggle/working//train_aug_929_0.wav	04Sad
/kaggle/working//train_aug_929_1.wav	04Sad
/kaggle/working//train_aug_929_2.wav	04Sad
/kaggle/working//train_aug_929_3.wav	04Sad
/kaggle/working//train_aug_930_0.wav	01Neutral
/kaggle/working//train_aug_930_1.wav	01Neutral
/kaggle/working//train_aug_930_2.wav	01Neutral
/kaggle/working//train_aug_930_3.wav	01Neutral
/kaggle/working//train_aug_931_0.wav	01Neutral
/kaggle/working//train_aug_931_1.wav	01Neutral
/kaggle/working//train_aug_931_2.wav	01Neutral
/kaggle/working//train_aug_931_3.wav	01Neutral
/kaggle/working//train_aug_932_0.wav	03Happy
/kaggle/working//train_aug_932_1.wav	03Happy
/kaggle/working//train_aug_932_2.wav	03Happy
/kaggle/working//train_aug_932_3.wav	03Happy
/kaggle/working//train_aug_933_0.wav	04Sad
/kaggle/working//train_aug_933_1.wav	04Sad
/kaggle/working//train_aug_933_2.wav	04Sad
/kaggle/working//train_aug_933_3.wav	04Sad
/kaggle/working//train_aug_934_0.wav	03Happy
/kaggle/working//train_aug_934_1.wav	03Happy
/kaggle/working//train_aug_934_2.wav	03Happy
/kaggle/working//train_aug_934_3.wav	03Happy
/kaggle/working//train_aug_935_0.wav	05Angry
/kaggle/working//train_aug_935_1.wav	05Angry
/kaggle/working//train_aug_935_2.wav	05Angry
/kaggle/working//train_aug_935_3.wav	05Angry
/kaggle/working//train_aug_936_0.wav	03Happy
/kaggle/working//train_aug_936_1.wav	03Happy
/kaggle/working//train_aug_936_2.wav	03Happy
/kaggle/working//train_aug_936_3.wav	03Happy
/kaggle/working//train_aug_937_0.wav	05Angry
/kaggle/working//train_aug_937_1.wav	05Angry
/kaggle/working//train_aug_937_2.wav	05Angry
/kaggle/working//train_aug_937_3.wav	05Angry
/kaggle/working//train_aug_938_0.wav	05Angry
/kaggle/working//train_aug_938_1.wav	05Angry
/kaggle/working//train_aug_938_2.wav	05Angry
/kaggle/working//train_aug_938_3.wav	05Angry
/kaggle/working//train_aug_939_0.wav	03Happy
/kaggle/working//train_aug_939_1.wav	03Happy
/kaggle/working//train_aug_939_2.wav	03Happy
/kaggle/working//train_aug_939_3.wav	03Happy
/kaggle/working//train_aug_940_0.wav	04Sad
/kaggle/working//train_aug_940_1.wav	04Sad
/kaggle/working//train_aug_940_2.wav	04Sad
/kaggle/working//train_aug_940_3.wav	04Sad
/kaggle/working//train_aug_941_0.wav	03Happy
/kaggle/working//train_aug_941_1.wav	03Happy
/kaggle/working//train_aug_941_2.wav	03Happy
/kaggle/working//train_aug_941_3.wav	03Happy
/kaggle/working//train_aug_942_0.wav	04Sad
/kaggle/working//train_aug_942_1.wav	04Sad
/kaggle/working//train_aug_942_2.wav	04Sad
/kaggle/working//train_aug_942_3.wav	04Sad
/kaggle/working//train_aug_943_0.wav	02Fearful
/kaggle/working//train_aug_943_1.wav	02Fearful
/kaggle/working//train_aug_943_2.wav	02Fearful
/kaggle/working//train_aug_943_3.wav	02Fearful
/kaggle/working//train_aug_944_0.wav	05Angry
/kaggle/working//train_aug_944_1.wav	05Angry
/kaggle/working//train_aug_944_2.wav	05Angry
/kaggle/working//train_aug_944_3.wav	05Angry
/kaggle/working//train_aug_945_0.wav	03Happy
/kaggle/working//train_aug_945_1.wav	03Happy
/kaggle/working//train_aug_945_2.wav	03Happy
/kaggle/working//train_aug_945_3.wav	03Happy
/kaggle/working//train_aug_946_0.wav	05Angry
/kaggle/working//train_aug_946_1.wav	05Angry
/kaggle/working//train_aug_946_2.wav	05Angry
/kaggle/working//train_aug_946_3.wav	05Angry
/kaggle/working//train_aug_947_0.wav	02Fearful
/kaggle/working//train_aug_947_1.wav	02Fearful
/kaggle/working//train_aug_947_2.wav	02Fearful
/kaggle/working//train_aug_947_3.wav	02Fearful
/kaggle/working//train_aug_948_0.wav	02Fearful
/kaggle/working//train_aug_948_1.wav	02Fearful
/kaggle/working//train_aug_948_2.wav	02Fearful
/kaggle/working//train_aug_948_3.wav	02Fearful
/kaggle/working//train_aug_949_0.wav	02Fearful
/kaggle/working//train_aug_949_1.wav	02Fearful
/kaggle/working//train_aug_949_2.wav	02Fearful
/kaggle/working//train_aug_949_3.wav	02Fearful
/kaggle/working//train_aug_950_0.wav	04Sad
/kaggle/working//train_aug_950_1.wav	04Sad
/kaggle/working//train_aug_950_2.wav	04Sad
/kaggle/working//train_aug_950_3.wav	04Sad
/kaggle/working//train_aug_951_0.wav	02Fearful
/kaggle/working//train_aug_951_1.wav	02Fearful
/kaggle/working//train_aug_951_2.wav	02Fearful
/kaggle/working//train_aug_951_3.wav	02Fearful
/kaggle/working//train_aug_952_0.wav	01Neutral
/kaggle/working//train_aug_952_1.wav	01Neutral
/kaggle/working//train_aug_952_2.wav	01Neutral
/kaggle/working//train_aug_952_3.wav	01Neutral
/kaggle/working//train_aug_953_0.wav	05Angry
/kaggle/working//train_aug_953_1.wav	05Angry
/kaggle/working//train_aug_953_2.wav	05Angry
/kaggle/working//train_aug_953_3.wav	05Angry
/kaggle/working//train_aug_954_0.wav	04Sad
/kaggle/working//train_aug_954_1.wav	04Sad
/kaggle/working//train_aug_954_2.wav	04Sad
/kaggle/working//train_aug_954_3.wav	04Sad
/kaggle/working//train_aug_955_0.wav	01Neutral
/kaggle/working//train_aug_955_1.wav	01Neutral
/kaggle/working//train_aug_955_2.wav	01Neutral
/kaggle/working//train_aug_955_3.wav	01Neutral
/kaggle/working//train_aug_956_0.wav	04Sad
/kaggle/working//train_aug_956_1.wav	04Sad
/kaggle/working//train_aug_956_2.wav	04Sad
/kaggle/working//train_aug_956_3.wav	04Sad
/kaggle/working//train_aug_957_0.wav	01Neutral
/kaggle/working//train_aug_957_1.wav	01Neutral
/kaggle/working//train_aug_957_2.wav	01Neutral
/kaggle/working//train_aug_957_3.wav	01Neutral
/kaggle/working//train_aug_958_0.wav	04Sad
/kaggle/working//train_aug_958_1.wav	04Sad
/kaggle/working//train_aug_958_2.wav	04Sad
/kaggle/working//train_aug_958_3.wav	04Sad
/kaggle/working//train_aug_959_0.wav	05Angry
/kaggle/working//train_aug_959_1.wav	05Angry
/kaggle/working//train_aug_959_2.wav	05Angry
/kaggle/working//train_aug_959_3.wav	05Angry
/kaggle/working//train_aug_960_0.wav	04Sad
/kaggle/working//train_aug_960_1.wav	04Sad
/kaggle/working//train_aug_960_2.wav	04Sad
/kaggle/working//train_aug_960_3.wav	04Sad
/kaggle/working//train_aug_961_0.wav	05Angry
/kaggle/working//train_aug_961_1.wav	05Angry
/kaggle/working//train_aug_961_2.wav	05Angry
/kaggle/working//train_aug_961_3.wav	05Angry
/kaggle/working//train_aug_962_0.wav	02Fearful
/kaggle/working//train_aug_962_1.wav	02Fearful
/kaggle/working//train_aug_962_2.wav	02Fearful
/kaggle/working//train_aug_962_3.wav	02Fearful
/kaggle/working//train_aug_963_0.wav	04Sad
/kaggle/working//train_aug_963_1.wav	04Sad
/kaggle/working//train_aug_963_2.wav	04Sad
/kaggle/working//train_aug_963_3.wav	04Sad
/kaggle/working//train_aug_964_0.wav	03Happy
/kaggle/working//train_aug_964_1.wav	03Happy
/kaggle/working//train_aug_964_2.wav	03Happy
/kaggle/working//train_aug_964_3.wav	03Happy
/kaggle/working//train_aug_965_0.wav	04Sad
/kaggle/working//train_aug_965_1.wav	04Sad
/kaggle/working//train_aug_965_2.wav	04Sad
/kaggle/working//train_aug_965_3.wav	04Sad
/kaggle/working//train_aug_966_0.wav	01Neutral
/kaggle/working//train_aug_966_1.wav	01Neutral
/kaggle/working//train_aug_966_2.wav	01Neutral
/kaggle/working//train_aug_966_3.wav	01Neutral
/kaggle/working//train_aug_967_0.wav	02Fearful
/kaggle/working//train_aug_967_1.wav	02Fearful
/kaggle/working//train_aug_967_2.wav	02Fearful
/kaggle/working//train_aug_967_3.wav	02Fearful
/kaggle/working//train_aug_968_0.wav	04Sad
/kaggle/working//train_aug_968_1.wav	04Sad
/kaggle/working//train_aug_968_2.wav	04Sad
/kaggle/working//train_aug_968_3.wav	04Sad
/kaggle/working//train_aug_969_0.wav	03Happy
/kaggle/working//train_aug_969_1.wav	03Happy
/kaggle/working//train_aug_969_2.wav	03Happy
/kaggle/working//train_aug_969_3.wav	03Happy
/kaggle/working//train_aug_970_0.wav	03Happy
/kaggle/working//train_aug_970_1.wav	03Happy
/kaggle/working//train_aug_970_2.wav	03Happy
/kaggle/working//train_aug_970_3.wav	03Happy
/kaggle/working//train_aug_971_0.wav	04Sad
/kaggle/working//train_aug_971_1.wav	04Sad
/kaggle/working//train_aug_971_2.wav	04Sad
/kaggle/working//train_aug_971_3.wav	04Sad
/kaggle/working//train_aug_972_0.wav	04Sad
/kaggle/working//train_aug_972_1.wav	04Sad
/kaggle/working//train_aug_972_2.wav	04Sad
/kaggle/working//train_aug_972_3.wav	04Sad
/kaggle/working//train_aug_973_0.wav	03Happy
/kaggle/working//train_aug_973_1.wav	03Happy
/kaggle/working//train_aug_973_2.wav	03Happy
/kaggle/working//train_aug_973_3.wav	03Happy
/kaggle/working//train_aug_974_0.wav	02Fearful
/kaggle/working//train_aug_974_1.wav	02Fearful
/kaggle/working//train_aug_974_2.wav	02Fearful
/kaggle/working//train_aug_974_3.wav	02Fearful
/kaggle/working//train_aug_975_0.wav	02Fearful
/kaggle/working//train_aug_975_1.wav	02Fearful
/kaggle/working//train_aug_975_2.wav	02Fearful
/kaggle/working//train_aug_975_3.wav	02Fearful
/kaggle/working//train_aug_976_0.wav	02Fearful
/kaggle/working//train_aug_976_1.wav	02Fearful
/kaggle/working//train_aug_976_2.wav	02Fearful
/kaggle/working//train_aug_976_3.wav	02Fearful
/kaggle/working//train_aug_977_0.wav	03Happy
/kaggle/working//train_aug_977_1.wav	03Happy
/kaggle/working//train_aug_977_2.wav	03Happy
/kaggle/working//train_aug_977_3.wav	03Happy
/kaggle/working//train_aug_978_0.wav	05Angry
/kaggle/working//train_aug_978_1.wav	05Angry
/kaggle/working//train_aug_978_2.wav	05Angry
/kaggle/working//train_aug_978_3.wav	05Angry
/kaggle/working//train_aug_979_0.wav	03Happy
/kaggle/working//train_aug_979_1.wav	03Happy
/kaggle/working//train_aug_979_2.wav	03Happy
/kaggle/working//train_aug_979_3.wav	03Happy
/kaggle/working//train_aug_980_0.wav	01Neutral
/kaggle/working//train_aug_980_1.wav	01Neutral
/kaggle/working//train_aug_980_2.wav	01Neutral
/kaggle/working//train_aug_980_3.wav	01Neutral
/kaggle/working//train_aug_981_0.wav	04Sad
/kaggle/working//train_aug_981_1.wav	04Sad
/kaggle/working//train_aug_981_2.wav	04Sad
/kaggle/working//train_aug_981_3.wav	04Sad
/kaggle/working//train_aug_982_0.wav	05Angry
/kaggle/working//train_aug_982_1.wav	05Angry
/kaggle/working//train_aug_982_2.wav	05Angry
/kaggle/working//train_aug_982_3.wav	05Angry
/kaggle/working//train_aug_983_0.wav	03Happy
/kaggle/working//train_aug_983_1.wav	03Happy
/kaggle/working//train_aug_983_2.wav	03Happy
/kaggle/working//train_aug_983_3.wav	03Happy
/kaggle/working//train_aug_984_0.wav	02Fearful
/kaggle/working//train_aug_984_1.wav	02Fearful
/kaggle/working//train_aug_984_2.wav	02Fearful
/kaggle/working//train_aug_984_3.wav	02Fearful
/kaggle/working//train_aug_985_0.wav	05Angry
/kaggle/working//train_aug_985_1.wav	05Angry
/kaggle/working//train_aug_985_2.wav	05Angry
/kaggle/working//train_aug_985_3.wav	05Angry
/kaggle/working//train_aug_986_0.wav	01Neutral
/kaggle/working//train_aug_986_1.wav	01Neutral
/kaggle/working//train_aug_986_2.wav	01Neutral
/kaggle/working//train_aug_986_3.wav	01Neutral
/kaggle/working//train_aug_987_0.wav	02Fearful
/kaggle/working//train_aug_987_1.wav	02Fearful
/kaggle/working//train_aug_987_2.wav	02Fearful
/kaggle/working//train_aug_987_3.wav	02Fearful
/kaggle/working//train_aug_988_0.wav	04Sad
/kaggle/working//train_aug_988_1.wav	04Sad
/kaggle/working//train_aug_988_2.wav	04Sad
/kaggle/working//train_aug_988_3.wav	04Sad
/kaggle/working//train_aug_989_0.wav	04Sad
/kaggle/working//train_aug_989_1.wav	04Sad
/kaggle/working//train_aug_989_2.wav	04Sad
/kaggle/working//train_aug_989_3.wav	04Sad
/kaggle/working//train_aug_990_0.wav	01Neutral
/kaggle/working//train_aug_990_1.wav	01Neutral
/kaggle/working//train_aug_990_2.wav	01Neutral
/kaggle/working//train_aug_990_3.wav	01Neutral
/kaggle/working//train_aug_991_0.wav	05Angry
/kaggle/working//train_aug_991_1.wav	05Angry
/kaggle/working//train_aug_991_2.wav	05Angry
/kaggle/working//train_aug_991_3.wav	05Angry
/kaggle/working//train_aug_992_0.wav	05Angry
/kaggle/working//train_aug_992_1.wav	05Angry
/kaggle/working//train_aug_992_2.wav	05Angry
/kaggle/working//train_aug_992_3.wav	05Angry
/kaggle/working//train_aug_993_0.wav	05Angry
/kaggle/working//train_aug_993_1.wav	05Angry
/kaggle/working//train_aug_993_2.wav	05Angry
/kaggle/working//train_aug_993_3.wav	05Angry
/kaggle/working//train_aug_994_0.wav	02Fearful
/kaggle/working//train_aug_994_1.wav	02Fearful
/kaggle/working//train_aug_994_2.wav	02Fearful
/kaggle/working//train_aug_994_3.wav	02Fearful
/kaggle/working//train_aug_995_0.wav	03Happy
/kaggle/working//train_aug_995_1.wav	03Happy
/kaggle/working//train_aug_995_2.wav	03Happy
/kaggle/working//train_aug_995_3.wav	03Happy
/kaggle/working//train_aug_996_0.wav	04Sad
/kaggle/working//train_aug_996_1.wav	04Sad
/kaggle/working//train_aug_996_2.wav	04Sad
/kaggle/working//train_aug_996_3.wav	04Sad
/kaggle/working//train_aug_997_0.wav	05Angry
/kaggle/working//train_aug_997_1.wav	05Angry
/kaggle/working//train_aug_997_2.wav	05Angry
/kaggle/working//train_aug_997_3.wav	05Angry
/kaggle/working//train_aug_998_0.wav	03Happy
/kaggle/working//train_aug_998_1.wav	03Happy
/kaggle/working//train_aug_998_2.wav	03Happy
/kaggle/working//train_aug_998_3.wav	03Happy
/kaggle/working//train_aug_999_0.wav	02Fearful
/kaggle/working//train_aug_999_1.wav	02Fearful
/kaggle/working//train_aug_999_2.wav	02Fearful
/kaggle/working//train_aug_999_3.wav	02Fearful
/kaggle/working//train_aug_1000_0.wav	02Fearful
/kaggle/working//train_aug_1000_1.wav	02Fearful
/kaggle/working//train_aug_1000_2.wav	02Fearful
/kaggle/working//train_aug_1000_3.wav	02Fearful
/kaggle/working//train_aug_1001_0.wav	04Sad
/kaggle/working//train_aug_1001_1.wav	04Sad
/kaggle/working//train_aug_1001_2.wav	04Sad
/kaggle/working//train_aug_1001_3.wav	04Sad
/kaggle/working//train_aug_1002_0.wav	05Angry
/kaggle/working//train_aug_1002_1.wav	05Angry
/kaggle/working//train_aug_1002_2.wav	05Angry
/kaggle/working//train_aug_1002_3.wav	05Angry
/kaggle/working//train_aug_1003_0.wav	03Happy
/kaggle/working//train_aug_1003_1.wav	03Happy
/kaggle/working//train_aug_1003_2.wav	03Happy
/kaggle/working//train_aug_1003_3.wav	03Happy
/kaggle/working//train_aug_1004_0.wav	05Angry
/kaggle/working//train_aug_1004_1.wav	05Angry
/kaggle/working//train_aug_1004_2.wav	05Angry
/kaggle/working//train_aug_1004_3.wav	05Angry
/kaggle/working//train_aug_1005_0.wav	02Fearful
/kaggle/working//train_aug_1005_1.wav	02Fearful
/kaggle/working//train_aug_1005_2.wav	02Fearful
/kaggle/working//train_aug_1005_3.wav	02Fearful
/kaggle/working//train_aug_1006_0.wav	02Fearful
/kaggle/working//train_aug_1006_1.wav	02Fearful
/kaggle/working//train_aug_1006_2.wav	02Fearful
/kaggle/working//train_aug_1006_3.wav	02Fearful
/kaggle/working//train_aug_1007_0.wav	05Angry
/kaggle/working//train_aug_1007_1.wav	05Angry
/kaggle/working//train_aug_1007_2.wav	05Angry
/kaggle/working//train_aug_1007_3.wav	05Angry
/kaggle/working//train_aug_1008_0.wav	03Happy
/kaggle/working//train_aug_1008_1.wav	03Happy
/kaggle/working//train_aug_1008_2.wav	03Happy
/kaggle/working//train_aug_1008_3.wav	03Happy
/kaggle/working//train_aug_1009_0.wav	01Neutral
/kaggle/working//train_aug_1009_1.wav	01Neutral
/kaggle/working//train_aug_1009_2.wav	01Neutral
/kaggle/working//train_aug_1009_3.wav	01Neutral
/kaggle/working//train_aug_1010_0.wav	04Sad
/kaggle/working//train_aug_1010_1.wav	04Sad
/kaggle/working//train_aug_1010_2.wav	04Sad
/kaggle/working//train_aug_1010_3.wav	04Sad
/kaggle/working//train_aug_1011_0.wav	04Sad
/kaggle/working//train_aug_1011_1.wav	04Sad
/kaggle/working//train_aug_1011_2.wav	04Sad
/kaggle/working//train_aug_1011_3.wav	04Sad
/kaggle/working//train_aug_1012_0.wav	01Neutral
/kaggle/working//train_aug_1012_1.wav	01Neutral
/kaggle/working//train_aug_1012_2.wav	01Neutral
/kaggle/working//train_aug_1012_3.wav	01Neutral
/kaggle/working//train_aug_1013_0.wav	04Sad
/kaggle/working//train_aug_1013_1.wav	04Sad
/kaggle/working//train_aug_1013_2.wav	04Sad
/kaggle/working//train_aug_1013_3.wav	04Sad
/kaggle/working//train_aug_1014_0.wav	03Happy
/kaggle/working//train_aug_1014_1.wav	03Happy
/kaggle/working//train_aug_1014_2.wav	03Happy
/kaggle/working//train_aug_1014_3.wav	03Happy
/kaggle/working//train_aug_1015_0.wav	02Fearful
/kaggle/working//train_aug_1015_1.wav	02Fearful
/kaggle/working//train_aug_1015_2.wav	02Fearful
/kaggle/working//train_aug_1015_3.wav	02Fearful
/kaggle/working//train_aug_1016_0.wav	04Sad
/kaggle/working//train_aug_1016_1.wav	04Sad
/kaggle/working//train_aug_1016_2.wav	04Sad
/kaggle/working//train_aug_1016_3.wav	04Sad
/kaggle/working//train_aug_1017_0.wav	01Neutral
/kaggle/working//train_aug_1017_1.wav	01Neutral
/kaggle/working//train_aug_1017_2.wav	01Neutral
/kaggle/working//train_aug_1017_3.wav	01Neutral
/kaggle/working//train_aug_1018_0.wav	03Happy
/kaggle/working//train_aug_1018_1.wav	03Happy
/kaggle/working//train_aug_1018_2.wav	03Happy
/kaggle/working//train_aug_1018_3.wav	03Happy
/kaggle/working//train_aug_1019_0.wav	02Fearful
/kaggle/working//train_aug_1019_1.wav	02Fearful
/kaggle/working//train_aug_1019_2.wav	02Fearful
/kaggle/working//train_aug_1019_3.wav	02Fearful
/kaggle/working//train_aug_1020_0.wav	05Angry
/kaggle/working//train_aug_1020_1.wav	05Angry
/kaggle/working//train_aug_1020_2.wav	05Angry
/kaggle/working//train_aug_1020_3.wav	05Angry
/kaggle/working//train_aug_1021_0.wav	05Angry
/kaggle/working//train_aug_1021_1.wav	05Angry
/kaggle/working//train_aug_1021_2.wav	05Angry
/kaggle/working//train_aug_1021_3.wav	05Angry
/kaggle/working//train_aug_1022_0.wav	05Angry
/kaggle/working//train_aug_1022_1.wav	05Angry
/kaggle/working//train_aug_1022_2.wav	05Angry
/kaggle/working//train_aug_1022_3.wav	05Angry
/kaggle/working//train_aug_1023_0.wav	02Fearful
/kaggle/working//train_aug_1023_1.wav	02Fearful
/kaggle/working//train_aug_1023_2.wav	02Fearful
/kaggle/working//train_aug_1023_3.wav	02Fearful
/kaggle/working//train_aug_1024_0.wav	04Sad
/kaggle/working//train_aug_1024_1.wav	04Sad
/kaggle/working//train_aug_1024_2.wav	04Sad
/kaggle/working//train_aug_1024_3.wav	04Sad
/kaggle/working//train_aug_1025_0.wav	01Neutral
/kaggle/working//train_aug_1025_1.wav	01Neutral
/kaggle/working//train_aug_1025_2.wav	01Neutral
/kaggle/working//train_aug_1025_3.wav	01Neutral
/kaggle/working//train_aug_1026_0.wav	02Fearful
/kaggle/working//train_aug_1026_1.wav	02Fearful
/kaggle/working//train_aug_1026_2.wav	02Fearful
/kaggle/working//train_aug_1026_3.wav	02Fearful
/kaggle/working//train_aug_1027_0.wav	03Happy
/kaggle/working//train_aug_1027_1.wav	03Happy
/kaggle/working//train_aug_1027_2.wav	03Happy
/kaggle/working//train_aug_1027_3.wav	03Happy
/kaggle/working//train_aug_1028_0.wav	05Angry
/kaggle/working//train_aug_1028_1.wav	05Angry
/kaggle/working//train_aug_1028_2.wav	05Angry
/kaggle/working//train_aug_1028_3.wav	05Angry
/kaggle/working//train_aug_1029_0.wav	04Sad
/kaggle/working//train_aug_1029_1.wav	04Sad
/kaggle/working//train_aug_1029_2.wav	04Sad
/kaggle/working//train_aug_1029_3.wav	04Sad
/kaggle/working//train_aug_1030_0.wav	02Fearful
/kaggle/working//train_aug_1030_1.wav	02Fearful
/kaggle/working//train_aug_1030_2.wav	02Fearful
/kaggle/working//train_aug_1030_3.wav	02Fearful
/kaggle/working//train_aug_1031_0.wav	03Happy
/kaggle/working//train_aug_1031_1.wav	03Happy
/kaggle/working//train_aug_1031_2.wav	03Happy
/kaggle/working//train_aug_1031_3.wav	03Happy
/kaggle/working//train_aug_1032_0.wav	01Neutral
/kaggle/working//train_aug_1032_1.wav	01Neutral
/kaggle/working//train_aug_1032_2.wav	01Neutral
/kaggle/working//train_aug_1032_3.wav	01Neutral
/kaggle/working//train_aug_1033_0.wav	02Fearful
/kaggle/working//train_aug_1033_1.wav	02Fearful
/kaggle/working//train_aug_1033_2.wav	02Fearful
/kaggle/working//train_aug_1033_3.wav	02Fearful
/kaggle/working//train_aug_1034_0.wav	02Fearful
/kaggle/working//train_aug_1034_1.wav	02Fearful
/kaggle/working//train_aug_1034_2.wav	02Fearful
/kaggle/working//train_aug_1034_3.wav	02Fearful
/kaggle/working//train_aug_1035_0.wav	03Happy
/kaggle/working//train_aug_1035_1.wav	03Happy
/kaggle/working//train_aug_1035_2.wav	03Happy
/kaggle/working//train_aug_1035_3.wav	03Happy
/kaggle/working//train_aug_1036_0.wav	01Neutral
/kaggle/working//train_aug_1036_1.wav	01Neutral
/kaggle/working//train_aug_1036_2.wav	01Neutral
/kaggle/working//train_aug_1036_3.wav	01Neutral
/kaggle/working//train_aug_1037_0.wav	02Fearful
/kaggle/working//train_aug_1037_1.wav	02Fearful
/kaggle/working//train_aug_1037_2.wav	02Fearful
/kaggle/working//train_aug_1037_3.wav	02Fearful
/kaggle/working//train_aug_1038_0.wav	01Neutral
/kaggle/working//train_aug_1038_1.wav	01Neutral
/kaggle/working//train_aug_1038_2.wav	01Neutral
/kaggle/working//train_aug_1038_3.wav	01Neutral
/kaggle/working//train_aug_1039_0.wav	01Neutral
/kaggle/working//train_aug_1039_1.wav	01Neutral
/kaggle/working//train_aug_1039_2.wav	01Neutral
/kaggle/working//train_aug_1039_3.wav	01Neutral
/kaggle/working//train_aug_1040_0.wav	05Angry
/kaggle/working//train_aug_1040_1.wav	05Angry
/kaggle/working//train_aug_1040_2.wav	05Angry
/kaggle/working//train_aug_1040_3.wav	05Angry
/kaggle/working//train_aug_1041_0.wav	02Fearful
/kaggle/working//train_aug_1041_1.wav	02Fearful
/kaggle/working//train_aug_1041_2.wav	02Fearful
/kaggle/working//train_aug_1041_3.wav	02Fearful
/kaggle/working//train_aug_1042_0.wav	02Fearful
/kaggle/working//train_aug_1042_1.wav	02Fearful
/kaggle/working//train_aug_1042_2.wav	02Fearful
/kaggle/working//train_aug_1042_3.wav	02Fearful
/kaggle/working//train_aug_1043_0.wav	05Angry
/kaggle/working//train_aug_1043_1.wav	05Angry
/kaggle/working//train_aug_1043_2.wav	05Angry
/kaggle/working//train_aug_1043_3.wav	05Angry
/kaggle/working//train_aug_1044_0.wav	03Happy
/kaggle/working//train_aug_1044_1.wav	03Happy
/kaggle/working//train_aug_1044_2.wav	03Happy
/kaggle/working//train_aug_1044_3.wav	03Happy
/kaggle/working//train_aug_1045_0.wav	03Happy
/kaggle/working//train_aug_1045_1.wav	03Happy
/kaggle/working//train_aug_1045_2.wav	03Happy
/kaggle/working//train_aug_1045_3.wav	03Happy
/kaggle/working//train_aug_1046_0.wav	04Sad
/kaggle/working//train_aug_1046_1.wav	04Sad
/kaggle/working//train_aug_1046_2.wav	04Sad
/kaggle/working//train_aug_1046_3.wav	04Sad
/kaggle/working//train_aug_1047_0.wav	02Fearful
/kaggle/working//train_aug_1047_1.wav	02Fearful
/kaggle/working//train_aug_1047_2.wav	02Fearful
/kaggle/working//train_aug_1047_3.wav	02Fearful
/kaggle/working//train_aug_1048_0.wav	05Angry
/kaggle/working//train_aug_1048_1.wav	05Angry
/kaggle/working//train_aug_1048_2.wav	05Angry
/kaggle/working//train_aug_1048_3.wav	05Angry
/kaggle/working//train_aug_1049_0.wav	03Happy
/kaggle/working//train_aug_1049_1.wav	03Happy
/kaggle/working//train_aug_1049_2.wav	03Happy
/kaggle/working//train_aug_1049_3.wav	03Happy
/kaggle/working//train_aug_1050_0.wav	04Sad
/kaggle/working//train_aug_1050_1.wav	04Sad
/kaggle/working//train_aug_1050_2.wav	04Sad
/kaggle/working//train_aug_1050_3.wav	04Sad
/kaggle/working//train_aug_1051_0.wav	04Sad
/kaggle/working//train_aug_1051_1.wav	04Sad
/kaggle/working//train_aug_1051_2.wav	04Sad
/kaggle/working//train_aug_1051_3.wav	04Sad
/kaggle/working//train_aug_1052_0.wav	02Fearful
/kaggle/working//train_aug_1052_1.wav	02Fearful
/kaggle/working//train_aug_1052_2.wav	02Fearful
/kaggle/working//train_aug_1052_3.wav	02Fearful
/kaggle/working//train_aug_1053_0.wav	05Angry
/kaggle/working//train_aug_1053_1.wav	05Angry
/kaggle/working//train_aug_1053_2.wav	05Angry
/kaggle/working//train_aug_1053_3.wav	05Angry
/kaggle/working//train_aug_1054_0.wav	02Fearful
/kaggle/working//train_aug_1054_1.wav	02Fearful
/kaggle/working//train_aug_1054_2.wav	02Fearful
/kaggle/working//train_aug_1054_3.wav	02Fearful
/kaggle/working//train_aug_1055_0.wav	02Fearful
/kaggle/working//train_aug_1055_1.wav	02Fearful
/kaggle/working//train_aug_1055_2.wav	02Fearful
/kaggle/working//train_aug_1055_3.wav	02Fearful
/kaggle/working//train_aug_1056_0.wav	03Happy
/kaggle/working//train_aug_1056_1.wav	03Happy
/kaggle/working//train_aug_1056_2.wav	03Happy
/kaggle/working//train_aug_1056_3.wav	03Happy
/kaggle/working//train_aug_1057_0.wav	01Neutral
/kaggle/working//train_aug_1057_1.wav	01Neutral
/kaggle/working//train_aug_1057_2.wav	01Neutral
/kaggle/working//train_aug_1057_3.wav	01Neutral
/kaggle/working//train_aug_1058_0.wav	03Happy
/kaggle/working//train_aug_1058_1.wav	03Happy
/kaggle/working//train_aug_1058_2.wav	03Happy
/kaggle/working//train_aug_1058_3.wav	03Happy
/kaggle/working//train_aug_1059_0.wav	01Neutral
/kaggle/working//train_aug_1059_1.wav	01Neutral
/kaggle/working//train_aug_1059_2.wav	01Neutral
/kaggle/working//train_aug_1059_3.wav	01Neutral
/kaggle/working//train_aug_1060_0.wav	01Neutral
/kaggle/working//train_aug_1060_1.wav	01Neutral
/kaggle/working//train_aug_1060_2.wav	01Neutral
/kaggle/working//train_aug_1060_3.wav	01Neutral
/kaggle/working//train_aug_1061_0.wav	04Sad
/kaggle/working//train_aug_1061_1.wav	04Sad
/kaggle/working//train_aug_1061_2.wav	04Sad
/kaggle/working//train_aug_1061_3.wav	04Sad
/kaggle/working//train_aug_1062_0.wav	02Fearful
/kaggle/working//train_aug_1062_1.wav	02Fearful
/kaggle/working//train_aug_1062_2.wav	02Fearful
/kaggle/working//train_aug_1062_3.wav	02Fearful
/kaggle/working//train_aug_1063_0.wav	01Neutral
/kaggle/working//train_aug_1063_1.wav	01Neutral
/kaggle/working//train_aug_1063_2.wav	01Neutral
/kaggle/working//train_aug_1063_3.wav	01Neutral
/kaggle/working//train_aug_1064_0.wav	05Angry
/kaggle/working//train_aug_1064_1.wav	05Angry
/kaggle/working//train_aug_1064_2.wav	05Angry
/kaggle/working//train_aug_1064_3.wav	05Angry
/kaggle/working//train_aug_1065_0.wav	02Fearful
/kaggle/working//train_aug_1065_1.wav	02Fearful
/kaggle/working//train_aug_1065_2.wav	02Fearful
/kaggle/working//train_aug_1065_3.wav	02Fearful
/kaggle/working//train_aug_1066_0.wav	01Neutral
/kaggle/working//train_aug_1066_1.wav	01Neutral
/kaggle/working//train_aug_1066_2.wav	01Neutral
/kaggle/working//train_aug_1066_3.wav	01Neutral
/kaggle/working//train_aug_1067_0.wav	03Happy
/kaggle/working//train_aug_1067_1.wav	03Happy
/kaggle/working//train_aug_1067_2.wav	03Happy
/kaggle/working//train_aug_1067_3.wav	03Happy
/kaggle/working//train_aug_1068_0.wav	05Angry
/kaggle/working//train_aug_1068_1.wav	05Angry
/kaggle/working//train_aug_1068_2.wav	05Angry
/kaggle/working//train_aug_1068_3.wav	05Angry
/kaggle/working//train_aug_1069_0.wav	05Angry
/kaggle/working//train_aug_1069_1.wav	05Angry
/kaggle/working//train_aug_1069_2.wav	05Angry
/kaggle/working//train_aug_1069_3.wav	05Angry
/kaggle/working//train_aug_1070_0.wav	03Happy
/kaggle/working//train_aug_1070_1.wav	03Happy
/kaggle/working//train_aug_1070_2.wav	03Happy
/kaggle/working//train_aug_1070_3.wav	03Happy
/kaggle/working//train_aug_1071_0.wav	02Fearful
/kaggle/working//train_aug_1071_1.wav	02Fearful
/kaggle/working//train_aug_1071_2.wav	02Fearful
/kaggle/working//train_aug_1071_3.wav	02Fearful
/kaggle/working//train_aug_1072_0.wav	03Happy
/kaggle/working//train_aug_1072_1.wav	03Happy
/kaggle/working//train_aug_1072_2.wav	03Happy
/kaggle/working//train_aug_1072_3.wav	03Happy
/kaggle/working//train_aug_1073_0.wav	01Neutral
/kaggle/working//train_aug_1073_1.wav	01Neutral
/kaggle/working//train_aug_1073_2.wav	01Neutral
/kaggle/working//train_aug_1073_3.wav	01Neutral
/kaggle/working//train_aug_1074_0.wav	03Happy
/kaggle/working//train_aug_1074_1.wav	03Happy
/kaggle/working//train_aug_1074_2.wav	03Happy
/kaggle/working//train_aug_1074_3.wav	03Happy
/kaggle/working//train_aug_1075_0.wav	05Angry
/kaggle/working//train_aug_1075_1.wav	05Angry
/kaggle/working//train_aug_1075_2.wav	05Angry
/kaggle/working//train_aug_1075_3.wav	05Angry
/kaggle/working//train_aug_1076_0.wav	02Fearful
/kaggle/working//train_aug_1076_1.wav	02Fearful
/kaggle/working//train_aug_1076_2.wav	02Fearful
/kaggle/working//train_aug_1076_3.wav	02Fearful
/kaggle/working//train_aug_1077_0.wav	05Angry
/kaggle/working//train_aug_1077_1.wav	05Angry
/kaggle/working//train_aug_1077_2.wav	05Angry
/kaggle/working//train_aug_1077_3.wav	05Angry
/kaggle/working//train_aug_1078_0.wav	04Sad
/kaggle/working//train_aug_1078_1.wav	04Sad
/kaggle/working//train_aug_1078_2.wav	04Sad
/kaggle/working//train_aug_1078_3.wav	04Sad
/kaggle/working//train_aug_1079_0.wav	05Angry
/kaggle/working//train_aug_1079_1.wav	05Angry
/kaggle/working//train_aug_1079_2.wav	05Angry
/kaggle/working//train_aug_1079_3.wav	05Angry
/kaggle/working//train_aug_1080_0.wav	05Angry
/kaggle/working//train_aug_1080_1.wav	05Angry
/kaggle/working//train_aug_1080_2.wav	05Angry
/kaggle/working//train_aug_1080_3.wav	05Angry
/kaggle/working//train_aug_1081_0.wav	01Neutral
/kaggle/working//train_aug_1081_1.wav	01Neutral
/kaggle/working//train_aug_1081_2.wav	01Neutral
/kaggle/working//train_aug_1081_3.wav	01Neutral
/kaggle/working//train_aug_1082_0.wav	05Angry
/kaggle/working//train_aug_1082_1.wav	05Angry
/kaggle/working//train_aug_1082_2.wav	05Angry
/kaggle/working//train_aug_1082_3.wav	05Angry
/kaggle/working//train_aug_1083_0.wav	03Happy
/kaggle/working//train_aug_1083_1.wav	03Happy
/kaggle/working//train_aug_1083_2.wav	03Happy
/kaggle/working//train_aug_1083_3.wav	03Happy
/kaggle/working//train_aug_1084_0.wav	05Angry
/kaggle/working//train_aug_1084_1.wav	05Angry
/kaggle/working//train_aug_1084_2.wav	05Angry
/kaggle/working//train_aug_1084_3.wav	05Angry
/kaggle/working//train_aug_1085_0.wav	04Sad
/kaggle/working//train_aug_1085_1.wav	04Sad
/kaggle/working//train_aug_1085_2.wav	04Sad
/kaggle/working//train_aug_1085_3.wav	04Sad
/kaggle/working//train_aug_1086_0.wav	05Angry
/kaggle/working//train_aug_1086_1.wav	05Angry
/kaggle/working//train_aug_1086_2.wav	05Angry
/kaggle/working//train_aug_1086_3.wav	05Angry
/kaggle/working//train_aug_1087_0.wav	01Neutral
/kaggle/working//train_aug_1087_1.wav	01Neutral
/kaggle/working//train_aug_1087_2.wav	01Neutral
/kaggle/working//train_aug_1087_3.wav	01Neutral
/kaggle/working//train_aug_1088_0.wav	04Sad
/kaggle/working//train_aug_1088_1.wav	04Sad
/kaggle/working//train_aug_1088_2.wav	04Sad
/kaggle/working//train_aug_1088_3.wav	04Sad
/kaggle/working//train_aug_1089_0.wav	05Angry
/kaggle/working//train_aug_1089_1.wav	05Angry
/kaggle/working//train_aug_1089_2.wav	05Angry
/kaggle/working//train_aug_1089_3.wav	05Angry
/kaggle/working//train_aug_1090_0.wav	02Fearful
/kaggle/working//train_aug_1090_1.wav	02Fearful
/kaggle/working//train_aug_1090_2.wav	02Fearful
/kaggle/working//train_aug_1090_3.wav	02Fearful
/kaggle/working//train_aug_1091_0.wav	01Neutral
/kaggle/working//train_aug_1091_1.wav	01Neutral
/kaggle/working//train_aug_1091_2.wav	01Neutral
/kaggle/working//train_aug_1091_3.wav	01Neutral
/kaggle/working//train_aug_1092_0.wav	04Sad
/kaggle/working//train_aug_1092_1.wav	04Sad
/kaggle/working//train_aug_1092_2.wav	04Sad
/kaggle/working//train_aug_1092_3.wav	04Sad
/kaggle/working//train_aug_1093_0.wav	02Fearful
/kaggle/working//train_aug_1093_1.wav	02Fearful
/kaggle/working//train_aug_1093_2.wav	02Fearful
/kaggle/working//train_aug_1093_3.wav	02Fearful
/kaggle/working//train_aug_1094_0.wav	03Happy
/kaggle/working//train_aug_1094_1.wav	03Happy
/kaggle/working//train_aug_1094_2.wav	03Happy
/kaggle/working//train_aug_1094_3.wav	03Happy
/kaggle/working//train_aug_1095_0.wav	02Fearful
/kaggle/working//train_aug_1095_1.wav	02Fearful
/kaggle/working//train_aug_1095_2.wav	02Fearful
/kaggle/working//train_aug_1095_3.wav	02Fearful
/kaggle/working//train_aug_1096_0.wav	04Sad
/kaggle/working//train_aug_1096_1.wav	04Sad
/kaggle/working//train_aug_1096_2.wav	04Sad
/kaggle/working//train_aug_1096_3.wav	04Sad
/kaggle/working//train_aug_1097_0.wav	04Sad
/kaggle/working//train_aug_1097_1.wav	04Sad
/kaggle/working//train_aug_1097_2.wav	04Sad
/kaggle/working//train_aug_1097_3.wav	04Sad
/kaggle/working//train_aug_1098_0.wav	02Fearful
/kaggle/working//train_aug_1098_1.wav	02Fearful
/kaggle/working//train_aug_1098_2.wav	02Fearful
/kaggle/working//train_aug_1098_3.wav	02Fearful
/kaggle/working//train_aug_1099_0.wav	02Fearful
/kaggle/working//train_aug_1099_1.wav	02Fearful
/kaggle/working//train_aug_1099_2.wav	02Fearful
/kaggle/working//train_aug_1099_3.wav	02Fearful
/kaggle/working//train_aug_1100_0.wav	04Sad
/kaggle/working//train_aug_1100_1.wav	04Sad
/kaggle/working//train_aug_1100_2.wav	04Sad
/kaggle/working//train_aug_1100_3.wav	04Sad
/kaggle/working//train_aug_1101_0.wav	01Neutral
/kaggle/working//train_aug_1101_1.wav	01Neutral
/kaggle/working//train_aug_1101_2.wav	01Neutral
/kaggle/working//train_aug_1101_3.wav	01Neutral
/kaggle/working//train_aug_1102_0.wav	01Neutral
/kaggle/working//train_aug_1102_1.wav	01Neutral
/kaggle/working//train_aug_1102_2.wav	01Neutral
/kaggle/working//train_aug_1102_3.wav	01Neutral
/kaggle/working//train_aug_1103_0.wav	03Happy
/kaggle/working//train_aug_1103_1.wav	03Happy
/kaggle/working//train_aug_1103_2.wav	03Happy
/kaggle/working//train_aug_1103_3.wav	03Happy
/kaggle/working//train_aug_1104_0.wav	01Neutral
/kaggle/working//train_aug_1104_1.wav	01Neutral
/kaggle/working//train_aug_1104_2.wav	01Neutral
/kaggle/working//train_aug_1104_3.wav	01Neutral
/kaggle/working//train_aug_1105_0.wav	05Angry
/kaggle/working//train_aug_1105_1.wav	05Angry
/kaggle/working//train_aug_1105_2.wav	05Angry
/kaggle/working//train_aug_1105_3.wav	05Angry
/kaggle/working//train_aug_1106_0.wav	05Angry
/kaggle/working//train_aug_1106_1.wav	05Angry
/kaggle/working//train_aug_1106_2.wav	05Angry
/kaggle/working//train_aug_1106_3.wav	05Angry
/kaggle/working//train_aug_1107_0.wav	02Fearful
/kaggle/working//train_aug_1107_1.wav	02Fearful
/kaggle/working//train_aug_1107_2.wav	02Fearful
/kaggle/working//train_aug_1107_3.wav	02Fearful
/kaggle/working//train_aug_1108_0.wav	05Angry
/kaggle/working//train_aug_1108_1.wav	05Angry
/kaggle/working//train_aug_1108_2.wav	05Angry
/kaggle/working//train_aug_1108_3.wav	05Angry
/kaggle/working//train_aug_1109_0.wav	03Happy
/kaggle/working//train_aug_1109_1.wav	03Happy
/kaggle/working//train_aug_1109_2.wav	03Happy
/kaggle/working//train_aug_1109_3.wav	03Happy
/kaggle/working//train_aug_1110_0.wav	03Happy
/kaggle/working//train_aug_1110_1.wav	03Happy
/kaggle/working//train_aug_1110_2.wav	03Happy
/kaggle/working//train_aug_1110_3.wav	03Happy
/kaggle/working//train_aug_1111_0.wav	02Fearful
/kaggle/working//train_aug_1111_1.wav	02Fearful
/kaggle/working//train_aug_1111_2.wav	02Fearful
/kaggle/working//train_aug_1111_3.wav	02Fearful
/kaggle/working//train_aug_1112_0.wav	05Angry
/kaggle/working//train_aug_1112_1.wav	05Angry
/kaggle/working//train_aug_1112_2.wav	05Angry
/kaggle/working//train_aug_1112_3.wav	05Angry
/kaggle/working//train_aug_1113_0.wav	04Sad
/kaggle/working//train_aug_1113_1.wav	04Sad
/kaggle/working//train_aug_1113_2.wav	04Sad
/kaggle/working//train_aug_1113_3.wav	04Sad
/kaggle/working//train_aug_1114_0.wav	04Sad
/kaggle/working//train_aug_1114_1.wav	04Sad
/kaggle/working//train_aug_1114_2.wav	04Sad
/kaggle/working//train_aug_1114_3.wav	04Sad
/kaggle/working//train_aug_1115_0.wav	01Neutral
/kaggle/working//train_aug_1115_1.wav	01Neutral
/kaggle/working//train_aug_1115_2.wav	01Neutral
/kaggle/working//train_aug_1115_3.wav	01Neutral
/kaggle/working//train_aug_1116_0.wav	02Fearful
/kaggle/working//train_aug_1116_1.wav	02Fearful
/kaggle/working//train_aug_1116_2.wav	02Fearful
/kaggle/working//train_aug_1116_3.wav	02Fearful
/kaggle/working//train_aug_1117_0.wav	03Happy
/kaggle/working//train_aug_1117_1.wav	03Happy
/kaggle/working//train_aug_1117_2.wav	03Happy
/kaggle/working//train_aug_1117_3.wav	03Happy
/kaggle/working//train_aug_1118_0.wav	03Happy
/kaggle/working//train_aug_1118_1.wav	03Happy
/kaggle/working//train_aug_1118_2.wav	03Happy
/kaggle/working//train_aug_1118_3.wav	03Happy
/kaggle/working//train_aug_1119_0.wav	01Neutral
/kaggle/working//train_aug_1119_1.wav	01Neutral
/kaggle/working//train_aug_1119_2.wav	01Neutral
/kaggle/working//train_aug_1119_3.wav	01Neutral
/kaggle/working//train_aug_1120_0.wav	05Angry
/kaggle/working//train_aug_1120_1.wav	05Angry
/kaggle/working//train_aug_1120_2.wav	05Angry
/kaggle/working//train_aug_1120_3.wav	05Angry
/kaggle/working//train_aug_1121_0.wav	01Neutral
/kaggle/working//train_aug_1121_1.wav	01Neutral
/kaggle/working//train_aug_1121_2.wav	01Neutral
/kaggle/working//train_aug_1121_3.wav	01Neutral
/kaggle/working//train_aug_1122_0.wav	02Fearful
/kaggle/working//train_aug_1122_1.wav	02Fearful
/kaggle/working//train_aug_1122_2.wav	02Fearful
/kaggle/working//train_aug_1122_3.wav	02Fearful
/kaggle/working//train_aug_1123_0.wav	04Sad
/kaggle/working//train_aug_1123_1.wav	04Sad
/kaggle/working//train_aug_1123_2.wav	04Sad
/kaggle/working//train_aug_1123_3.wav	04Sad
/kaggle/working//train_aug_1124_0.wav	03Happy
/kaggle/working//train_aug_1124_1.wav	03Happy
/kaggle/working//train_aug_1124_2.wav	03Happy
/kaggle/working//train_aug_1124_3.wav	03Happy
/kaggle/working//train_aug_1125_0.wav	01Neutral
/kaggle/working//train_aug_1125_1.wav	01Neutral
/kaggle/working//train_aug_1125_2.wav	01Neutral
/kaggle/working//train_aug_1125_3.wav	01Neutral
/kaggle/working//train_aug_1126_0.wav	05Angry
/kaggle/working//train_aug_1126_1.wav	05Angry
/kaggle/working//train_aug_1126_2.wav	05Angry
/kaggle/working//train_aug_1126_3.wav	05Angry
/kaggle/working//train_aug_1127_0.wav	05Angry
/kaggle/working//train_aug_1127_1.wav	05Angry
/kaggle/working//train_aug_1127_2.wav	05Angry
/kaggle/working//train_aug_1127_3.wav	05Angry
/kaggle/working//train_aug_1128_0.wav	04Sad
/kaggle/working//train_aug_1128_1.wav	04Sad
/kaggle/working//train_aug_1128_2.wav	04Sad
/kaggle/working//train_aug_1128_3.wav	04Sad
/kaggle/working//train_aug_1129_0.wav	01Neutral
/kaggle/working//train_aug_1129_1.wav	01Neutral
/kaggle/working//train_aug_1129_2.wav	01Neutral
/kaggle/working//train_aug_1129_3.wav	01Neutral
/kaggle/working//train_aug_1130_0.wav	03Happy
/kaggle/working//train_aug_1130_1.wav	03Happy
/kaggle/working//train_aug_1130_2.wav	03Happy
/kaggle/working//train_aug_1130_3.wav	03Happy
/kaggle/working//train_aug_1131_0.wav	02Fearful
/kaggle/working//train_aug_1131_1.wav	02Fearful
/kaggle/working//train_aug_1131_2.wav	02Fearful
/kaggle/working//train_aug_1131_3.wav	02Fearful
/kaggle/working//train_aug_1132_0.wav	04Sad
/kaggle/working//train_aug_1132_1.wav	04Sad
/kaggle/working//train_aug_1132_2.wav	04Sad
/kaggle/working//train_aug_1132_3.wav	04Sad
/kaggle/working//train_aug_1133_0.wav	04Sad
/kaggle/working//train_aug_1133_1.wav	04Sad
/kaggle/working//train_aug_1133_2.wav	04Sad
/kaggle/working//train_aug_1133_3.wav	04Sad
/kaggle/working//train_aug_1134_0.wav	03Happy
/kaggle/working//train_aug_1134_1.wav	03Happy
/kaggle/working//train_aug_1134_2.wav	03Happy
/kaggle/working//train_aug_1134_3.wav	03Happy
/kaggle/working//train_aug_1135_0.wav	02Fearful
/kaggle/working//train_aug_1135_1.wav	02Fearful
/kaggle/working//train_aug_1135_2.wav	02Fearful
/kaggle/working//train_aug_1135_3.wav	02Fearful
/kaggle/working//train_aug_1136_0.wav	04Sad
/kaggle/working//train_aug_1136_1.wav	04Sad
/kaggle/working//train_aug_1136_2.wav	04Sad
/kaggle/working//train_aug_1136_3.wav	04Sad
/kaggle/working//train_aug_1137_0.wav	04Sad
/kaggle/working//train_aug_1137_1.wav	04Sad
/kaggle/working//train_aug_1137_2.wav	04Sad
/kaggle/working//train_aug_1137_3.wav	04Sad
/kaggle/working//train_aug_1138_0.wav	05Angry
/kaggle/working//train_aug_1138_1.wav	05Angry
/kaggle/working//train_aug_1138_2.wav	05Angry
/kaggle/working//train_aug_1138_3.wav	05Angry
/kaggle/working//train_aug_1139_0.wav	01Neutral
/kaggle/working//train_aug_1139_1.wav	01Neutral
/kaggle/working//train_aug_1139_2.wav	01Neutral
/kaggle/working//train_aug_1139_3.wav	01Neutral
/kaggle/working//train_aug_1140_0.wav	03Happy
/kaggle/working//train_aug_1140_1.wav	03Happy
/kaggle/working//train_aug_1140_2.wav	03Happy
/kaggle/working//train_aug_1140_3.wav	03Happy
/kaggle/working//train_aug_1141_0.wav	03Happy
/kaggle/working//train_aug_1141_1.wav	03Happy
/kaggle/working//train_aug_1141_2.wav	03Happy
/kaggle/working//train_aug_1141_3.wav	03Happy
/kaggle/working//train_aug_1142_0.wav	05Angry
/kaggle/working//train_aug_1142_1.wav	05Angry
/kaggle/working//train_aug_1142_2.wav	05Angry
/kaggle/working//train_aug_1142_3.wav	05Angry
/kaggle/working//train_aug_1143_0.wav	03Happy
/kaggle/working//train_aug_1143_1.wav	03Happy
/kaggle/working//train_aug_1143_2.wav	03Happy
/kaggle/working//train_aug_1143_3.wav	03Happy
/kaggle/working//train_aug_1144_0.wav	03Happy
/kaggle/working//train_aug_1144_1.wav	03Happy
/kaggle/working//train_aug_1144_2.wav	03Happy
/kaggle/working//train_aug_1144_3.wav	03Happy
/kaggle/working//train_aug_1145_0.wav	01Neutral
/kaggle/working//train_aug_1145_1.wav	01Neutral
/kaggle/working//train_aug_1145_2.wav	01Neutral
/kaggle/working//train_aug_1145_3.wav	01Neutral
/kaggle/working//train_aug_1146_0.wav	05Angry
/kaggle/working//train_aug_1146_1.wav	05Angry
/kaggle/working//train_aug_1146_2.wav	05Angry
/kaggle/working//train_aug_1146_3.wav	05Angry
/kaggle/working//train_aug_1147_0.wav	03Happy
/kaggle/working//train_aug_1147_1.wav	03Happy
/kaggle/working//train_aug_1147_2.wav	03Happy
/kaggle/working//train_aug_1147_3.wav	03Happy
/kaggle/working//train_aug_1148_0.wav	04Sad
/kaggle/working//train_aug_1148_1.wav	04Sad
/kaggle/working//train_aug_1148_2.wav	04Sad
/kaggle/working//train_aug_1148_3.wav	04Sad
/kaggle/working//train_aug_1149_0.wav	01Neutral
/kaggle/working//train_aug_1149_1.wav	01Neutral
/kaggle/working//train_aug_1149_2.wav	01Neutral
/kaggle/working//train_aug_1149_3.wav	01Neutral
/kaggle/working//train_aug_1150_0.wav	03Happy
/kaggle/working//train_aug_1150_1.wav	03Happy
/kaggle/working//train_aug_1150_2.wav	03Happy
/kaggle/working//train_aug_1150_3.wav	03Happy
/kaggle/working//train_aug_1151_0.wav	03Happy
/kaggle/working//train_aug_1151_1.wav	03Happy
/kaggle/working//train_aug_1151_2.wav	03Happy
/kaggle/working//train_aug_1151_3.wav	03Happy
/kaggle/working//train_aug_1152_0.wav	04Sad
/kaggle/working//train_aug_1152_1.wav	04Sad
/kaggle/working//train_aug_1152_2.wav	04Sad
/kaggle/working//train_aug_1152_3.wav	04Sad
/kaggle/working//train_aug_1153_0.wav	05Angry
/kaggle/working//train_aug_1153_1.wav	05Angry
/kaggle/working//train_aug_1153_2.wav	05Angry
/kaggle/working//train_aug_1153_3.wav	05Angry
/kaggle/working//train_aug_1154_0.wav	04Sad
/kaggle/working//train_aug_1154_1.wav	04Sad
/kaggle/working//train_aug_1154_2.wav	04Sad
/kaggle/working//train_aug_1154_3.wav	04Sad
/kaggle/working//train_aug_1155_0.wav	05Angry
/kaggle/working//train_aug_1155_1.wav	05Angry
/kaggle/working//train_aug_1155_2.wav	05Angry
/kaggle/working//train_aug_1155_3.wav	05Angry
/kaggle/working//train_aug_1156_0.wav	04Sad
/kaggle/working//train_aug_1156_1.wav	04Sad
/kaggle/working//train_aug_1156_2.wav	04Sad
/kaggle/working//train_aug_1156_3.wav	04Sad
/kaggle/working//train_aug_1157_0.wav	04Sad
/kaggle/working//train_aug_1157_1.wav	04Sad
/kaggle/working//train_aug_1157_2.wav	04Sad
/kaggle/working//train_aug_1157_3.wav	04Sad
/kaggle/working//train_aug_1158_0.wav	02Fearful
/kaggle/working//train_aug_1158_1.wav	02Fearful
/kaggle/working//train_aug_1158_2.wav	02Fearful
/kaggle/working//train_aug_1158_3.wav	02Fearful
/kaggle/working//train_aug_1159_0.wav	01Neutral
/kaggle/working//train_aug_1159_1.wav	01Neutral
/kaggle/working//train_aug_1159_2.wav	01Neutral
/kaggle/working//train_aug_1159_3.wav	01Neutral
/kaggle/working//train_aug_1160_0.wav	02Fearful
/kaggle/working//train_aug_1160_1.wav	02Fearful
/kaggle/working//train_aug_1160_2.wav	02Fearful
/kaggle/working//train_aug_1160_3.wav	02Fearful
/kaggle/working//train_aug_1161_0.wav	03Happy
/kaggle/working//train_aug_1161_1.wav	03Happy
/kaggle/working//train_aug_1161_2.wav	03Happy
/kaggle/working//train_aug_1161_3.wav	03Happy
/kaggle/working//train_aug_1162_0.wav	02Fearful
/kaggle/working//train_aug_1162_1.wav	02Fearful
/kaggle/working//train_aug_1162_2.wav	02Fearful
/kaggle/working//train_aug_1162_3.wav	02Fearful
/kaggle/working//train_aug_1163_0.wav	04Sad
/kaggle/working//train_aug_1163_1.wav	04Sad
/kaggle/working//train_aug_1163_2.wav	04Sad
/kaggle/working//train_aug_1163_3.wav	04Sad
/kaggle/working//train_aug_1164_0.wav	03Happy
/kaggle/working//train_aug_1164_1.wav	03Happy
/kaggle/working//train_aug_1164_2.wav	03Happy
/kaggle/working//train_aug_1164_3.wav	03Happy
/kaggle/working//train_aug_1165_0.wav	04Sad
/kaggle/working//train_aug_1165_1.wav	04Sad
/kaggle/working//train_aug_1165_2.wav	04Sad
/kaggle/working//train_aug_1165_3.wav	04Sad
/kaggle/working//train_aug_1166_0.wav	05Angry
/kaggle/working//train_aug_1166_1.wav	05Angry
/kaggle/working//train_aug_1166_2.wav	05Angry
/kaggle/working//train_aug_1166_3.wav	05Angry
/kaggle/working//train_aug_1167_0.wav	01Neutral
/kaggle/working//train_aug_1167_1.wav	01Neutral
/kaggle/working//train_aug_1167_2.wav	01Neutral
/kaggle/working//train_aug_1167_3.wav	01Neutral
/kaggle/working//train_aug_1168_0.wav	01Neutral
/kaggle/working//train_aug_1168_1.wav	01Neutral
/kaggle/working//train_aug_1168_2.wav	01Neutral
/kaggle/working//train_aug_1168_3.wav	01Neutral
/kaggle/working//train_aug_1169_0.wav	05Angry
/kaggle/working//train_aug_1169_1.wav	05Angry
/kaggle/working//train_aug_1169_2.wav	05Angry
/kaggle/working//train_aug_1169_3.wav	05Angry
/kaggle/working//train_aug_1170_0.wav	03Happy
/kaggle/working//train_aug_1170_1.wav	03Happy
/kaggle/working//train_aug_1170_2.wav	03Happy
/kaggle/working//train_aug_1170_3.wav	03Happy
/kaggle/working//train_aug_1171_0.wav	01Neutral
/kaggle/working//train_aug_1171_1.wav	01Neutral
/kaggle/working//train_aug_1171_2.wav	01Neutral
/kaggle/working//train_aug_1171_3.wav	01Neutral
/kaggle/working//train_aug_1172_0.wav	05Angry
/kaggle/working//train_aug_1172_1.wav	05Angry
/kaggle/working//train_aug_1172_2.wav	05Angry
/kaggle/working//train_aug_1172_3.wav	05Angry
/kaggle/working//train_aug_1173_0.wav	05Angry
/kaggle/working//train_aug_1173_1.wav	05Angry
/kaggle/working//train_aug_1173_2.wav	05Angry
/kaggle/working//train_aug_1173_3.wav	05Angry
/kaggle/working//train_aug_1174_0.wav	04Sad
/kaggle/working//train_aug_1174_1.wav	04Sad
/kaggle/working//train_aug_1174_2.wav	04Sad
/kaggle/working//train_aug_1174_3.wav	04Sad
/kaggle/working//train_aug_1175_0.wav	02Fearful
/kaggle/working//train_aug_1175_1.wav	02Fearful
/kaggle/working//train_aug_1175_2.wav	02Fearful
/kaggle/working//train_aug_1175_3.wav	02Fearful
/kaggle/working//train_aug_1176_0.wav	03Happy
/kaggle/working//train_aug_1176_1.wav	03Happy
/kaggle/working//train_aug_1176_2.wav	03Happy
/kaggle/working//train_aug_1176_3.wav	03Happy
/kaggle/working//train_aug_1177_0.wav	03Happy
/kaggle/working//train_aug_1177_1.wav	03Happy
/kaggle/working//train_aug_1177_2.wav	03Happy
/kaggle/working//train_aug_1177_3.wav	03Happy
/kaggle/working//train_aug_1178_0.wav	02Fearful
/kaggle/working//train_aug_1178_1.wav	02Fearful
/kaggle/working//train_aug_1178_2.wav	02Fearful
/kaggle/working//train_aug_1178_3.wav	02Fearful
/kaggle/working//train_aug_1179_0.wav	02Fearful
/kaggle/working//train_aug_1179_1.wav	02Fearful
/kaggle/working//train_aug_1179_2.wav	02Fearful
/kaggle/working//train_aug_1179_3.wav	02Fearful
/kaggle/working//train_aug_1180_0.wav	02Fearful
/kaggle/working//train_aug_1180_1.wav	02Fearful
/kaggle/working//train_aug_1180_2.wav	02Fearful
/kaggle/working//train_aug_1180_3.wav	02Fearful
/kaggle/working//train_aug_1181_0.wav	05Angry
/kaggle/working//train_aug_1181_1.wav	05Angry
/kaggle/working//train_aug_1181_2.wav	05Angry
/kaggle/working//train_aug_1181_3.wav	05Angry
/kaggle/working//train_aug_1182_0.wav	04Sad
/kaggle/working//train_aug_1182_1.wav	04Sad
/kaggle/working//train_aug_1182_2.wav	04Sad
/kaggle/working//train_aug_1182_3.wav	04Sad
/kaggle/working//train_aug_1183_0.wav	03Happy
/kaggle/working//train_aug_1183_1.wav	03Happy
/kaggle/working//train_aug_1183_2.wav	03Happy
/kaggle/working//train_aug_1183_3.wav	03Happy
/kaggle/working//train_aug_1184_0.wav	01Neutral
/kaggle/working//train_aug_1184_1.wav	01Neutral
/kaggle/working//train_aug_1184_2.wav	01Neutral
/kaggle/working//train_aug_1184_3.wav	01Neutral
/kaggle/working//train_aug_1185_0.wav	03Happy
/kaggle/working//train_aug_1185_1.wav	03Happy
/kaggle/working//train_aug_1185_2.wav	03Happy
/kaggle/working//train_aug_1185_3.wav	03Happy
/kaggle/working//train_aug_1186_0.wav	02Fearful
/kaggle/working//train_aug_1186_1.wav	02Fearful
/kaggle/working//train_aug_1186_2.wav	02Fearful
/kaggle/working//train_aug_1186_3.wav	02Fearful
/kaggle/working//train_aug_1187_0.wav	03Happy
/kaggle/working//train_aug_1187_1.wav	03Happy
/kaggle/working//train_aug_1187_2.wav	03Happy
/kaggle/working//train_aug_1187_3.wav	03Happy
/kaggle/working//train_aug_1188_0.wav	02Fearful
/kaggle/working//train_aug_1188_1.wav	02Fearful
/kaggle/working//train_aug_1188_2.wav	02Fearful
/kaggle/working//train_aug_1188_3.wav	02Fearful
/kaggle/working//train_aug_1189_0.wav	03Happy
/kaggle/working//train_aug_1189_1.wav	03Happy
/kaggle/working//train_aug_1189_2.wav	03Happy
/kaggle/working//train_aug_1189_3.wav	03Happy
/kaggle/working//train_aug_1190_0.wav	04Sad
/kaggle/working//train_aug_1190_1.wav	04Sad
/kaggle/working//train_aug_1190_2.wav	04Sad
/kaggle/working//train_aug_1190_3.wav	04Sad
/kaggle/working//train_aug_1191_0.wav	03Happy
/kaggle/working//train_aug_1191_1.wav	03Happy
/kaggle/working//train_aug_1191_2.wav	03Happy
/kaggle/working//train_aug_1191_3.wav	03Happy
/kaggle/working//train_aug_1192_0.wav	01Neutral
/kaggle/working//train_aug_1192_1.wav	01Neutral
/kaggle/working//train_aug_1192_2.wav	01Neutral
/kaggle/working//train_aug_1192_3.wav	01Neutral
/kaggle/working//train_aug_1193_0.wav	03Happy
/kaggle/working//train_aug_1193_1.wav	03Happy
/kaggle/working//train_aug_1193_2.wav	03Happy
/kaggle/working//train_aug_1193_3.wav	03Happy
/kaggle/working//train_aug_1194_0.wav	02Fearful
/kaggle/working//train_aug_1194_1.wav	02Fearful
/kaggle/working//train_aug_1194_2.wav	02Fearful
/kaggle/working//train_aug_1194_3.wav	02Fearful
/kaggle/working//train_aug_1195_0.wav	01Neutral
/kaggle/working//train_aug_1195_1.wav	01Neutral
/kaggle/working//train_aug_1195_2.wav	01Neutral
/kaggle/working//train_aug_1195_3.wav	01Neutral
/kaggle/working//train_aug_1196_0.wav	04Sad
/kaggle/working//train_aug_1196_1.wav	04Sad
/kaggle/working//train_aug_1196_2.wav	04Sad
/kaggle/working//train_aug_1196_3.wav	04Sad
/kaggle/working//train_aug_1197_0.wav	01Neutral
/kaggle/working//train_aug_1197_1.wav	01Neutral
/kaggle/working//train_aug_1197_2.wav	01Neutral
/kaggle/working//train_aug_1197_3.wav	01Neutral
/kaggle/working//train_aug_1198_0.wav	03Happy
/kaggle/working//train_aug_1198_1.wav	03Happy
/kaggle/working//train_aug_1198_2.wav	03Happy
/kaggle/working//train_aug_1198_3.wav	03Happy
/kaggle/working//train_aug_1199_0.wav	01Neutral
/kaggle/working//train_aug_1199_1.wav	01Neutral
/kaggle/working//train_aug_1199_2.wav	01Neutral
/kaggle/working//train_aug_1199_3.wav	01Neutral
/kaggle/working//train_aug_1200_0.wav	03Happy
/kaggle/working//train_aug_1200_1.wav	03Happy
/kaggle/working//train_aug_1200_2.wav	03Happy
/kaggle/working//train_aug_1200_3.wav	03Happy
/kaggle/working//train_aug_1201_0.wav	02Fearful
/kaggle/working//train_aug_1201_1.wav	02Fearful
/kaggle/working//train_aug_1201_2.wav	02Fearful
/kaggle/working//train_aug_1201_3.wav	02Fearful
/kaggle/working//train_aug_1202_0.wav	05Angry
/kaggle/working//train_aug_1202_1.wav	05Angry
/kaggle/working//train_aug_1202_2.wav	05Angry
/kaggle/working//train_aug_1202_3.wav	05Angry
/kaggle/working//train_aug_1203_0.wav	02Fearful
/kaggle/working//train_aug_1203_1.wav	02Fearful
/kaggle/working//train_aug_1203_2.wav	02Fearful
/kaggle/working//train_aug_1203_3.wav	02Fearful
/kaggle/working//train_aug_1204_0.wav	05Angry
/kaggle/working//train_aug_1204_1.wav	05Angry
/kaggle/working//train_aug_1204_2.wav	05Angry
/kaggle/working//train_aug_1204_3.wav	05Angry
/kaggle/working//train_aug_1205_0.wav	05Angry
/kaggle/working//train_aug_1205_1.wav	05Angry
/kaggle/working//train_aug_1205_2.wav	05Angry
/kaggle/working//train_aug_1205_3.wav	05Angry
/kaggle/working//train_aug_1206_0.wav	05Angry
/kaggle/working//train_aug_1206_1.wav	05Angry
/kaggle/working//train_aug_1206_2.wav	05Angry
/kaggle/working//train_aug_1206_3.wav	05Angry
/kaggle/working//train_aug_1207_0.wav	04Sad
/kaggle/working//train_aug_1207_1.wav	04Sad
/kaggle/working//train_aug_1207_2.wav	04Sad
/kaggle/working//train_aug_1207_3.wav	04Sad
/kaggle/working//train_aug_1208_0.wav	02Fearful
/kaggle/working//train_aug_1208_1.wav	02Fearful
/kaggle/working//train_aug_1208_2.wav	02Fearful
/kaggle/working//train_aug_1208_3.wav	02Fearful
/kaggle/working//train_aug_1209_0.wav	03Happy
/kaggle/working//train_aug_1209_1.wav	03Happy
/kaggle/working//train_aug_1209_2.wav	03Happy
/kaggle/working//train_aug_1209_3.wav	03Happy
/kaggle/working//train_aug_1210_0.wav	02Fearful
/kaggle/working//train_aug_1210_1.wav	02Fearful
/kaggle/working//train_aug_1210_2.wav	02Fearful
/kaggle/working//train_aug_1210_3.wav	02Fearful
/kaggle/working//train_aug_1211_0.wav	03Happy
/kaggle/working//train_aug_1211_1.wav	03Happy
/kaggle/working//train_aug_1211_2.wav	03Happy
/kaggle/working//train_aug_1211_3.wav	03Happy
/kaggle/working//train_aug_1212_0.wav	02Fearful
/kaggle/working//train_aug_1212_1.wav	02Fearful
/kaggle/working//train_aug_1212_2.wav	02Fearful
/kaggle/working//train_aug_1212_3.wav	02Fearful
/kaggle/working//train_aug_1213_0.wav	05Angry
/kaggle/working//train_aug_1213_1.wav	05Angry
/kaggle/working//train_aug_1213_2.wav	05Angry
/kaggle/working//train_aug_1213_3.wav	05Angry
/kaggle/working//train_aug_1214_0.wav	04Sad
/kaggle/working//train_aug_1214_1.wav	04Sad
/kaggle/working//train_aug_1214_2.wav	04Sad
/kaggle/working//train_aug_1214_3.wav	04Sad
/kaggle/working//train_aug_1215_0.wav	02Fearful
/kaggle/working//train_aug_1215_1.wav	02Fearful
/kaggle/working//train_aug_1215_2.wav	02Fearful
/kaggle/working//train_aug_1215_3.wav	02Fearful
/kaggle/working//train_aug_1216_0.wav	01Neutral
/kaggle/working//train_aug_1216_1.wav	01Neutral
/kaggle/working//train_aug_1216_2.wav	01Neutral
/kaggle/working//train_aug_1216_3.wav	01Neutral
/kaggle/working//train_aug_1217_0.wav	01Neutral
/kaggle/working//train_aug_1217_1.wav	01Neutral
/kaggle/working//train_aug_1217_2.wav	01Neutral
/kaggle/working//train_aug_1217_3.wav	01Neutral
/kaggle/working//train_aug_1218_0.wav	02Fearful
/kaggle/working//train_aug_1218_1.wav	02Fearful
/kaggle/working//train_aug_1218_2.wav	02Fearful
/kaggle/working//train_aug_1218_3.wav	02Fearful
/kaggle/working//train_aug_1219_0.wav	02Fearful
/kaggle/working//train_aug_1219_1.wav	02Fearful
/kaggle/working//train_aug_1219_2.wav	02Fearful
/kaggle/working//train_aug_1219_3.wav	02Fearful
/kaggle/working//train_aug_1220_0.wav	01Neutral
/kaggle/working//train_aug_1220_1.wav	01Neutral
/kaggle/working//train_aug_1220_2.wav	01Neutral
/kaggle/working//train_aug_1220_3.wav	01Neutral
/kaggle/working//train_aug_1221_0.wav	02Fearful
/kaggle/working//train_aug_1221_1.wav	02Fearful
/kaggle/working//train_aug_1221_2.wav	02Fearful
/kaggle/working//train_aug_1221_3.wav	02Fearful
/kaggle/working//train_aug_1222_0.wav	04Sad
/kaggle/working//train_aug_1222_1.wav	04Sad
/kaggle/working//train_aug_1222_2.wav	04Sad
/kaggle/working//train_aug_1222_3.wav	04Sad
/kaggle/working//train_aug_1223_0.wav	01Neutral
/kaggle/working//train_aug_1223_1.wav	01Neutral
/kaggle/working//train_aug_1223_2.wav	01Neutral
/kaggle/working//train_aug_1223_3.wav	01Neutral
/kaggle/working//train_aug_1224_0.wav	02Fearful
/kaggle/working//train_aug_1224_1.wav	02Fearful
/kaggle/working//train_aug_1224_2.wav	02Fearful
/kaggle/working//train_aug_1224_3.wav	02Fearful
/kaggle/working//train_aug_1225_0.wav	02Fearful
/kaggle/working//train_aug_1225_1.wav	02Fearful
/kaggle/working//train_aug_1225_2.wav	02Fearful
/kaggle/working//train_aug_1225_3.wav	02Fearful
/kaggle/working//train_aug_1226_0.wav	02Fearful
/kaggle/working//train_aug_1226_1.wav	02Fearful
/kaggle/working//train_aug_1226_2.wav	02Fearful
/kaggle/working//train_aug_1226_3.wav	02Fearful
/kaggle/working//train_aug_1227_0.wav	05Angry
/kaggle/working//train_aug_1227_1.wav	05Angry
/kaggle/working//train_aug_1227_2.wav	05Angry
/kaggle/working//train_aug_1227_3.wav	05Angry
/kaggle/working//train_aug_1228_0.wav	03Happy
/kaggle/working//train_aug_1228_1.wav	03Happy
/kaggle/working//train_aug_1228_2.wav	03Happy
/kaggle/working//train_aug_1228_3.wav	03Happy
/kaggle/working//train_aug_1229_0.wav	05Angry
/kaggle/working//train_aug_1229_1.wav	05Angry
/kaggle/working//train_aug_1229_2.wav	05Angry
/kaggle/working//train_aug_1229_3.wav	05Angry
/kaggle/working//train_aug_1230_0.wav	04Sad
/kaggle/working//train_aug_1230_1.wav	04Sad
/kaggle/working//train_aug_1230_2.wav	04Sad
/kaggle/working//train_aug_1230_3.wav	04Sad
/kaggle/working//train_aug_1231_0.wav	01Neutral
/kaggle/working//train_aug_1231_1.wav	01Neutral
/kaggle/working//train_aug_1231_2.wav	01Neutral
/kaggle/working//train_aug_1231_3.wav	01Neutral
/kaggle/working//train_aug_1232_0.wav	05Angry
/kaggle/working//train_aug_1232_1.wav	05Angry
/kaggle/working//train_aug_1232_2.wav	05Angry
/kaggle/working//train_aug_1232_3.wav	05Angry
/kaggle/working//train_aug_1233_0.wav	03Happy
/kaggle/working//train_aug_1233_1.wav	03Happy
/kaggle/working//train_aug_1233_2.wav	03Happy
/kaggle/working//train_aug_1233_3.wav	03Happy
/kaggle/working//train_aug_1234_0.wav	03Happy
/kaggle/working//train_aug_1234_1.wav	03Happy
/kaggle/working//train_aug_1234_2.wav	03Happy
/kaggle/working//train_aug_1234_3.wav	03Happy
/kaggle/working//train_aug_1235_0.wav	05Angry
/kaggle/working//train_aug_1235_1.wav	05Angry
/kaggle/working//train_aug_1235_2.wav	05Angry
/kaggle/working//train_aug_1235_3.wav	05Angry
/kaggle/working//train_aug_1236_0.wav	02Fearful
/kaggle/working//train_aug_1236_1.wav	02Fearful
/kaggle/working//train_aug_1236_2.wav	02Fearful
/kaggle/working//train_aug_1236_3.wav	02Fearful
/kaggle/working//train_aug_1237_0.wav	03Happy
/kaggle/working//train_aug_1237_1.wav	03Happy
/kaggle/working//train_aug_1237_2.wav	03Happy
/kaggle/working//train_aug_1237_3.wav	03Happy
/kaggle/working//train_aug_1238_0.wav	02Fearful
/kaggle/working//train_aug_1238_1.wav	02Fearful
/kaggle/working//train_aug_1238_2.wav	02Fearful
/kaggle/working//train_aug_1238_3.wav	02Fearful
/kaggle/working//train_aug_1239_0.wav	02Fearful
/kaggle/working//train_aug_1239_1.wav	02Fearful
/kaggle/working//train_aug_1239_2.wav	02Fearful
/kaggle/working//train_aug_1239_3.wav	02Fearful
/kaggle/working//train_aug_1240_0.wav	02Fearful
/kaggle/working//train_aug_1240_1.wav	02Fearful
/kaggle/working//train_aug_1240_2.wav	02Fearful
/kaggle/working//train_aug_1240_3.wav	02Fearful
/kaggle/working//train_aug_1241_0.wav	05Angry
/kaggle/working//train_aug_1241_1.wav	05Angry
/kaggle/working//train_aug_1241_2.wav	05Angry
/kaggle/working//train_aug_1241_3.wav	05Angry
/kaggle/working//train_aug_1242_0.wav	05Angry
/kaggle/working//train_aug_1242_1.wav	05Angry
/kaggle/working//train_aug_1242_2.wav	05Angry
/kaggle/working//train_aug_1242_3.wav	05Angry
/kaggle/working//train_aug_1243_0.wav	05Angry
/kaggle/working//train_aug_1243_1.wav	05Angry
/kaggle/working//train_aug_1243_2.wav	05Angry
/kaggle/working//train_aug_1243_3.wav	05Angry
/kaggle/working//train_aug_1244_0.wav	01Neutral
/kaggle/working//train_aug_1244_1.wav	01Neutral
/kaggle/working//train_aug_1244_2.wav	01Neutral
/kaggle/working//train_aug_1244_3.wav	01Neutral
/kaggle/working//train_aug_1245_0.wav	01Neutral
/kaggle/working//train_aug_1245_1.wav	01Neutral
/kaggle/working//train_aug_1245_2.wav	01Neutral
/kaggle/working//train_aug_1245_3.wav	01Neutral
/kaggle/working//train_aug_1246_0.wav	03Happy
/kaggle/working//train_aug_1246_1.wav	03Happy
/kaggle/working//train_aug_1246_2.wav	03Happy
/kaggle/working//train_aug_1246_3.wav	03Happy
/kaggle/working//train_aug_1247_0.wav	03Happy
/kaggle/working//train_aug_1247_1.wav	03Happy
/kaggle/working//train_aug_1247_2.wav	03Happy
/kaggle/working//train_aug_1247_3.wav	03Happy
/kaggle/working//train_aug_1248_0.wav	01Neutral
/kaggle/working//train_aug_1248_1.wav	01Neutral
/kaggle/working//train_aug_1248_2.wav	01Neutral
/kaggle/working//train_aug_1248_3.wav	01Neutral
/kaggle/working//train_aug_1249_0.wav	04Sad
/kaggle/working//train_aug_1249_1.wav	04Sad
/kaggle/working//train_aug_1249_2.wav	04Sad
/kaggle/working//train_aug_1249_3.wav	04Sad
/kaggle/working//train_aug_1250_0.wav	02Fearful
/kaggle/working//train_aug_1250_1.wav	02Fearful
/kaggle/working//train_aug_1250_2.wav	02Fearful
/kaggle/working//train_aug_1250_3.wav	02Fearful
/kaggle/working//train_aug_1251_0.wav	05Angry
/kaggle/working//train_aug_1251_1.wav	05Angry
/kaggle/working//train_aug_1251_2.wav	05Angry
/kaggle/working//train_aug_1251_3.wav	05Angry
/kaggle/working//train_aug_1252_0.wav	01Neutral
/kaggle/working//train_aug_1252_1.wav	01Neutral
/kaggle/working//train_aug_1252_2.wav	01Neutral
/kaggle/working//train_aug_1252_3.wav	01Neutral
/kaggle/working//train_aug_1253_0.wav	01Neutral
/kaggle/working//train_aug_1253_1.wav	01Neutral
/kaggle/working//train_aug_1253_2.wav	01Neutral
/kaggle/working//train_aug_1253_3.wav	01Neutral
/kaggle/working//train_aug_1254_0.wav	03Happy
/kaggle/working//train_aug_1254_1.wav	03Happy
/kaggle/working//train_aug_1254_2.wav	03Happy
/kaggle/working//train_aug_1254_3.wav	03Happy
/kaggle/working//train_aug_1255_0.wav	05Angry
/kaggle/working//train_aug_1255_1.wav	05Angry
/kaggle/working//train_aug_1255_2.wav	05Angry
/kaggle/working//train_aug_1255_3.wav	05Angry
/kaggle/working//train_aug_1256_0.wav	01Neutral
/kaggle/working//train_aug_1256_1.wav	01Neutral
/kaggle/working//train_aug_1256_2.wav	01Neutral
/kaggle/working//train_aug_1256_3.wav	01Neutral
/kaggle/working//train_aug_1257_0.wav	02Fearful
/kaggle/working//train_aug_1257_1.wav	02Fearful
/kaggle/working//train_aug_1257_2.wav	02Fearful
/kaggle/working//train_aug_1257_3.wav	02Fearful
/kaggle/working//train_aug_1258_0.wav	02Fearful
/kaggle/working//train_aug_1258_1.wav	02Fearful
/kaggle/working//train_aug_1258_2.wav	02Fearful
/kaggle/working//train_aug_1258_3.wav	02Fearful
/kaggle/working//train_aug_1259_0.wav	01Neutral
/kaggle/working//train_aug_1259_1.wav	01Neutral
/kaggle/working//train_aug_1259_2.wav	01Neutral
/kaggle/working//train_aug_1259_3.wav	01Neutral
/kaggle/working//train_aug_1260_0.wav	02Fearful
/kaggle/working//train_aug_1260_1.wav	02Fearful
/kaggle/working//train_aug_1260_2.wav	02Fearful
/kaggle/working//train_aug_1260_3.wav	02Fearful
/kaggle/working//train_aug_1261_0.wav	03Happy
/kaggle/working//train_aug_1261_1.wav	03Happy
/kaggle/working//train_aug_1261_2.wav	03Happy
/kaggle/working//train_aug_1261_3.wav	03Happy
/kaggle/working//train_aug_1262_0.wav	05Angry
/kaggle/working//train_aug_1262_1.wav	05Angry
/kaggle/working//train_aug_1262_2.wav	05Angry
/kaggle/working//train_aug_1262_3.wav	05Angry
/kaggle/working//train_aug_1263_0.wav	02Fearful
/kaggle/working//train_aug_1263_1.wav	02Fearful
/kaggle/working//train_aug_1263_2.wav	02Fearful
/kaggle/working//train_aug_1263_3.wav	02Fearful
/kaggle/working//train_aug_1264_0.wav	03Happy
/kaggle/working//train_aug_1264_1.wav	03Happy
/kaggle/working//train_aug_1264_2.wav	03Happy
/kaggle/working//train_aug_1264_3.wav	03Happy
/kaggle/working//train_aug_1265_0.wav	01Neutral
/kaggle/working//train_aug_1265_1.wav	01Neutral
/kaggle/working//train_aug_1265_2.wav	01Neutral
/kaggle/working//train_aug_1265_3.wav	01Neutral
/kaggle/working//train_aug_1266_0.wav	04Sad
/kaggle/working//train_aug_1266_1.wav	04Sad
/kaggle/working//train_aug_1266_2.wav	04Sad
/kaggle/working//train_aug_1266_3.wav	04Sad
/kaggle/working//train_aug_1267_0.wav	04Sad
/kaggle/working//train_aug_1267_1.wav	04Sad
/kaggle/working//train_aug_1267_2.wav	04Sad
/kaggle/working//train_aug_1267_3.wav	04Sad
/kaggle/working//train_aug_1268_0.wav	04Sad
/kaggle/working//train_aug_1268_1.wav	04Sad
/kaggle/working//train_aug_1268_2.wav	04Sad
/kaggle/working//train_aug_1268_3.wav	04Sad
/kaggle/working//train_aug_1269_0.wav	03Happy
/kaggle/working//train_aug_1269_1.wav	03Happy
/kaggle/working//train_aug_1269_2.wav	03Happy
/kaggle/working//train_aug_1269_3.wav	03Happy
/kaggle/working//train_aug_1270_0.wav	01Neutral
/kaggle/working//train_aug_1270_1.wav	01Neutral
/kaggle/working//train_aug_1270_2.wav	01Neutral
/kaggle/working//train_aug_1270_3.wav	01Neutral
/kaggle/working//train_aug_1271_0.wav	04Sad
/kaggle/working//train_aug_1271_1.wav	04Sad
/kaggle/working//train_aug_1271_2.wav	04Sad
/kaggle/working//train_aug_1271_3.wav	04Sad
/kaggle/working//train_aug_1272_0.wav	03Happy
/kaggle/working//train_aug_1272_1.wav	03Happy
/kaggle/working//train_aug_1272_2.wav	03Happy
/kaggle/working//train_aug_1272_3.wav	03Happy
/kaggle/working//train_aug_1273_0.wav	02Fearful
/kaggle/working//train_aug_1273_1.wav	02Fearful
/kaggle/working//train_aug_1273_2.wav	02Fearful
/kaggle/working//train_aug_1273_3.wav	02Fearful
/kaggle/working//train_aug_1274_0.wav	05Angry
/kaggle/working//train_aug_1274_1.wav	05Angry
/kaggle/working//train_aug_1274_2.wav	05Angry
/kaggle/working//train_aug_1274_3.wav	05Angry
/kaggle/working//train_aug_1275_0.wav	03Happy
/kaggle/working//train_aug_1275_1.wav	03Happy
/kaggle/working//train_aug_1275_2.wav	03Happy
/kaggle/working//train_aug_1275_3.wav	03Happy
/kaggle/working//train_aug_1276_0.wav	02Fearful
/kaggle/working//train_aug_1276_1.wav	02Fearful
/kaggle/working//train_aug_1276_2.wav	02Fearful
/kaggle/working//train_aug_1276_3.wav	02Fearful
/kaggle/working//train_aug_1277_0.wav	01Neutral
/kaggle/working//train_aug_1277_1.wav	01Neutral
/kaggle/working//train_aug_1277_2.wav	01Neutral
/kaggle/working//train_aug_1277_3.wav	01Neutral
/kaggle/working//train_aug_1278_0.wav	01Neutral
/kaggle/working//train_aug_1278_1.wav	01Neutral
/kaggle/working//train_aug_1278_2.wav	01Neutral
/kaggle/working//train_aug_1278_3.wav	01Neutral
/kaggle/working//train_aug_1279_0.wav	05Angry
/kaggle/working//train_aug_1279_1.wav	05Angry
/kaggle/working//train_aug_1279_2.wav	05Angry
/kaggle/working//train_aug_1279_3.wav	05Angry
/kaggle/working//train_aug_1280_0.wav	03Happy
/kaggle/working//train_aug_1280_1.wav	03Happy
/kaggle/working//train_aug_1280_2.wav	03Happy
/kaggle/working//train_aug_1280_3.wav	03Happy
/kaggle/working//train_aug_1281_0.wav	01Neutral
/kaggle/working//train_aug_1281_1.wav	01Neutral
/kaggle/working//train_aug_1281_2.wav	01Neutral
/kaggle/working//train_aug_1281_3.wav	01Neutral
/kaggle/working//train_aug_1282_0.wav	02Fearful
/kaggle/working//train_aug_1282_1.wav	02Fearful
/kaggle/working//train_aug_1282_2.wav	02Fearful
/kaggle/working//train_aug_1282_3.wav	02Fearful
/kaggle/working//train_aug_1283_0.wav	02Fearful
/kaggle/working//train_aug_1283_1.wav	02Fearful
/kaggle/working//train_aug_1283_2.wav	02Fearful
/kaggle/working//train_aug_1283_3.wav	02Fearful
/kaggle/working//train_aug_1284_0.wav	01Neutral
/kaggle/working//train_aug_1284_1.wav	01Neutral
/kaggle/working//train_aug_1284_2.wav	01Neutral
/kaggle/working//train_aug_1284_3.wav	01Neutral
/kaggle/working//train_aug_1285_0.wav	04Sad
/kaggle/working//train_aug_1285_1.wav	04Sad
/kaggle/working//train_aug_1285_2.wav	04Sad
/kaggle/working//train_aug_1285_3.wav	04Sad
/kaggle/working//train_aug_1286_0.wav	04Sad
/kaggle/working//train_aug_1286_1.wav	04Sad
/kaggle/working//train_aug_1286_2.wav	04Sad
/kaggle/working//train_aug_1286_3.wav	04Sad
/kaggle/working//train_aug_1287_0.wav	01Neutral
/kaggle/working//train_aug_1287_1.wav	01Neutral
/kaggle/working//train_aug_1287_2.wav	01Neutral
/kaggle/working//train_aug_1287_3.wav	01Neutral
/kaggle/working//train_aug_1288_0.wav	05Angry
/kaggle/working//train_aug_1288_1.wav	05Angry
/kaggle/working//train_aug_1288_2.wav	05Angry
/kaggle/working//train_aug_1288_3.wav	05Angry
/kaggle/working//train_aug_1289_0.wav	05Angry
/kaggle/working//train_aug_1289_1.wav	05Angry
/kaggle/working//train_aug_1289_2.wav	05Angry
/kaggle/working//train_aug_1289_3.wav	05Angry
/kaggle/working//train_aug_1290_0.wav	03Happy
/kaggle/working//train_aug_1290_1.wav	03Happy
/kaggle/working//train_aug_1290_2.wav	03Happy
/kaggle/working//train_aug_1290_3.wav	03Happy
/kaggle/working//train_aug_1291_0.wav	05Angry
/kaggle/working//train_aug_1291_1.wav	05Angry
/kaggle/working//train_aug_1291_2.wav	05Angry
/kaggle/working//train_aug_1291_3.wav	05Angry
/kaggle/working//train_aug_1292_0.wav	03Happy
/kaggle/working//train_aug_1292_1.wav	03Happy
/kaggle/working//train_aug_1292_2.wav	03Happy
/kaggle/working//train_aug_1292_3.wav	03Happy
/kaggle/working//train_aug_1293_0.wav	04Sad
/kaggle/working//train_aug_1293_1.wav	04Sad
/kaggle/working//train_aug_1293_2.wav	04Sad
/kaggle/working//train_aug_1293_3.wav	04Sad
/kaggle/working//train_aug_1294_0.wav	05Angry
/kaggle/working//train_aug_1294_1.wav	05Angry
/kaggle/working//train_aug_1294_2.wav	05Angry
/kaggle/working//train_aug_1294_3.wav	05Angry
/kaggle/working//train_aug_1295_0.wav	02Fearful
/kaggle/working//train_aug_1295_1.wav	02Fearful
/kaggle/working//train_aug_1295_2.wav	02Fearful
/kaggle/working//train_aug_1295_3.wav	02Fearful
/kaggle/working//train_aug_1296_0.wav	01Neutral
/kaggle/working//train_aug_1296_1.wav	01Neutral
/kaggle/working//train_aug_1296_2.wav	01Neutral
/kaggle/working//train_aug_1296_3.wav	01Neutral
/kaggle/working//train_aug_1297_0.wav	03Happy
/kaggle/working//train_aug_1297_1.wav	03Happy
/kaggle/working//train_aug_1297_2.wav	03Happy
/kaggle/working//train_aug_1297_3.wav	03Happy
/kaggle/working//train_aug_1298_0.wav	01Neutral
/kaggle/working//train_aug_1298_1.wav	01Neutral
/kaggle/working//train_aug_1298_2.wav	01Neutral
/kaggle/working//train_aug_1298_3.wav	01Neutral
/kaggle/working//train_aug_1299_0.wav	01Neutral
/kaggle/working//train_aug_1299_1.wav	01Neutral
/kaggle/working//train_aug_1299_2.wav	01Neutral
/kaggle/working//train_aug_1299_3.wav	01Neutral
/kaggle/working//train_aug_1300_0.wav	03Happy
/kaggle/working//train_aug_1300_1.wav	03Happy
/kaggle/working//train_aug_1300_2.wav	03Happy
/kaggle/working//train_aug_1300_3.wav	03Happy
/kaggle/working//train_aug_1301_0.wav	03Happy
/kaggle/working//train_aug_1301_1.wav	03Happy
/kaggle/working//train_aug_1301_2.wav	03Happy
/kaggle/working//train_aug_1301_3.wav	03Happy
/kaggle/working//train_aug_1302_0.wav	03Happy
/kaggle/working//train_aug_1302_1.wav	03Happy
/kaggle/working//train_aug_1302_2.wav	03Happy
/kaggle/working//train_aug_1302_3.wav	03Happy
/kaggle/working//train_aug_1303_0.wav	05Angry
/kaggle/working//train_aug_1303_1.wav	05Angry
/kaggle/working//train_aug_1303_2.wav	05Angry
/kaggle/working//train_aug_1303_3.wav	05Angry
/kaggle/working//train_aug_1304_0.wav	04Sad
/kaggle/working//train_aug_1304_1.wav	04Sad
/kaggle/working//train_aug_1304_2.wav	04Sad
/kaggle/working//train_aug_1304_3.wav	04Sad
/kaggle/working//train_aug_1305_0.wav	01Neutral
/kaggle/working//train_aug_1305_1.wav	01Neutral
/kaggle/working//train_aug_1305_2.wav	01Neutral
/kaggle/working//train_aug_1305_3.wav	01Neutral
/kaggle/working//train_aug_1306_0.wav	01Neutral
/kaggle/working//train_aug_1306_1.wav	01Neutral
/kaggle/working//train_aug_1306_2.wav	01Neutral
/kaggle/working//train_aug_1306_3.wav	01Neutral
/kaggle/working//train_aug_1307_0.wav	03Happy
/kaggle/working//train_aug_1307_1.wav	03Happy
/kaggle/working//train_aug_1307_2.wav	03Happy
/kaggle/working//train_aug_1307_3.wav	03Happy
/kaggle/working//train_aug_1308_0.wav	02Fearful
/kaggle/working//train_aug_1308_1.wav	02Fearful
/kaggle/working//train_aug_1308_2.wav	02Fearful
/kaggle/working//train_aug_1308_3.wav	02Fearful
/kaggle/working//train_aug_1309_0.wav	01Neutral
/kaggle/working//train_aug_1309_1.wav	01Neutral
/kaggle/working//train_aug_1309_2.wav	01Neutral
/kaggle/working//train_aug_1309_3.wav	01Neutral
/kaggle/working//train_aug_1310_0.wav	03Happy
/kaggle/working//train_aug_1310_1.wav	03Happy
/kaggle/working//train_aug_1310_2.wav	03Happy
/kaggle/working//train_aug_1310_3.wav	03Happy
/kaggle/working//train_aug_1311_0.wav	03Happy
/kaggle/working//train_aug_1311_1.wav	03Happy
/kaggle/working//train_aug_1311_2.wav	03Happy
/kaggle/working//train_aug_1311_3.wav	03Happy
/kaggle/working//train_aug_1312_0.wav	03Happy
/kaggle/working//train_aug_1312_1.wav	03Happy
/kaggle/working//train_aug_1312_2.wav	03Happy
/kaggle/working//train_aug_1312_3.wav	03Happy
/kaggle/working//train_aug_1313_0.wav	05Angry
/kaggle/working//train_aug_1313_1.wav	05Angry
/kaggle/working//train_aug_1313_2.wav	05Angry
/kaggle/working//train_aug_1313_3.wav	05Angry
/kaggle/working//train_aug_1314_0.wav	02Fearful
/kaggle/working//train_aug_1314_1.wav	02Fearful
/kaggle/working//train_aug_1314_2.wav	02Fearful
/kaggle/working//train_aug_1314_3.wav	02Fearful
/kaggle/working//train_aug_1315_0.wav	04Sad
/kaggle/working//train_aug_1315_1.wav	04Sad
/kaggle/working//train_aug_1315_2.wav	04Sad
/kaggle/working//train_aug_1315_3.wav	04Sad
/kaggle/working//train_aug_1316_0.wav	05Angry
/kaggle/working//train_aug_1316_1.wav	05Angry
/kaggle/working//train_aug_1316_2.wav	05Angry
/kaggle/working//train_aug_1316_3.wav	05Angry
/kaggle/working//train_aug_1317_0.wav	01Neutral
/kaggle/working//train_aug_1317_1.wav	01Neutral
/kaggle/working//train_aug_1317_2.wav	01Neutral
/kaggle/working//train_aug_1317_3.wav	01Neutral
/kaggle/working//train_aug_1318_0.wav	03Happy
/kaggle/working//train_aug_1318_1.wav	03Happy
/kaggle/working//train_aug_1318_2.wav	03Happy
/kaggle/working//train_aug_1318_3.wav	03Happy
/kaggle/working//train_aug_1319_0.wav	01Neutral
/kaggle/working//train_aug_1319_1.wav	01Neutral
/kaggle/working//train_aug_1319_2.wav	01Neutral
/kaggle/working//train_aug_1319_3.wav	01Neutral
/kaggle/working//train_aug_1320_0.wav	02Fearful
/kaggle/working//train_aug_1320_1.wav	02Fearful
/kaggle/working//train_aug_1320_2.wav	02Fearful
/kaggle/working//train_aug_1320_3.wav	02Fearful
/kaggle/working//train_aug_1321_0.wav	05Angry
/kaggle/working//train_aug_1321_1.wav	05Angry
/kaggle/working//train_aug_1321_2.wav	05Angry
/kaggle/working//train_aug_1321_3.wav	05Angry
/kaggle/working//train_aug_1322_0.wav	03Happy
/kaggle/working//train_aug_1322_1.wav	03Happy
/kaggle/working//train_aug_1322_2.wav	03Happy
/kaggle/working//train_aug_1322_3.wav	03Happy
/kaggle/working//train_aug_1323_0.wav	02Fearful
/kaggle/working//train_aug_1323_1.wav	02Fearful
/kaggle/working//train_aug_1323_2.wav	02Fearful
/kaggle/working//train_aug_1323_3.wav	02Fearful
/kaggle/working//train_aug_1324_0.wav	01Neutral
/kaggle/working//train_aug_1324_1.wav	01Neutral
/kaggle/working//train_aug_1324_2.wav	01Neutral
/kaggle/working//train_aug_1324_3.wav	01Neutral
/kaggle/working//train_aug_1325_0.wav	05Angry
/kaggle/working//train_aug_1325_1.wav	05Angry
/kaggle/working//train_aug_1325_2.wav	05Angry
/kaggle/working//train_aug_1325_3.wav	05Angry
/kaggle/working//train_aug_1326_0.wav	03Happy
/kaggle/working//train_aug_1326_1.wav	03Happy
/kaggle/working//train_aug_1326_2.wav	03Happy
/kaggle/working//train_aug_1326_3.wav	03Happy
/kaggle/working//train_aug_1327_0.wav	02Fearful
/kaggle/working//train_aug_1327_1.wav	02Fearful
/kaggle/working//train_aug_1327_2.wav	02Fearful
/kaggle/working//train_aug_1327_3.wav	02Fearful
/kaggle/working//train_aug_1328_0.wav	01Neutral
/kaggle/working//train_aug_1328_1.wav	01Neutral
/kaggle/working//train_aug_1328_2.wav	01Neutral
/kaggle/working//train_aug_1328_3.wav	01Neutral
/kaggle/working//train_aug_1329_0.wav	04Sad
/kaggle/working//train_aug_1329_1.wav	04Sad
/kaggle/working//train_aug_1329_2.wav	04Sad
/kaggle/working//train_aug_1329_3.wav	04Sad
/kaggle/working//train_aug_1330_0.wav	01Neutral
/kaggle/working//train_aug_1330_1.wav	01Neutral
/kaggle/working//train_aug_1330_2.wav	01Neutral
/kaggle/working//train_aug_1330_3.wav	01Neutral
/kaggle/working//train_aug_1331_0.wav	03Happy
/kaggle/working//train_aug_1331_1.wav	03Happy
/kaggle/working//train_aug_1331_2.wav	03Happy
/kaggle/working//train_aug_1331_3.wav	03Happy
/kaggle/working//train_aug_1332_0.wav	04Sad
/kaggle/working//train_aug_1332_1.wav	04Sad
/kaggle/working//train_aug_1332_2.wav	04Sad
/kaggle/working//train_aug_1332_3.wav	04Sad
/kaggle/working//train_aug_1333_0.wav	04Sad
/kaggle/working//train_aug_1333_1.wav	04Sad
/kaggle/working//train_aug_1333_2.wav	04Sad
/kaggle/working//train_aug_1333_3.wav	04Sad
/kaggle/working//train_aug_1334_0.wav	05Angry
/kaggle/working//train_aug_1334_1.wav	05Angry
/kaggle/working//train_aug_1334_2.wav	05Angry
/kaggle/working//train_aug_1334_3.wav	05Angry
/kaggle/working//train_aug_1335_0.wav	03Happy
/kaggle/working//train_aug_1335_1.wav	03Happy
/kaggle/working//train_aug_1335_2.wav	03Happy
/kaggle/working//train_aug_1335_3.wav	03Happy
/kaggle/working//train_aug_1336_0.wav	03Happy
/kaggle/working//train_aug_1336_1.wav	03Happy
/kaggle/working//train_aug_1336_2.wav	03Happy
/kaggle/working//train_aug_1336_3.wav	03Happy
/kaggle/working//train_aug_1337_0.wav	02Fearful
/kaggle/working//train_aug_1337_1.wav	02Fearful
/kaggle/working//train_aug_1337_2.wav	02Fearful
/kaggle/working//train_aug_1337_3.wav	02Fearful
/kaggle/working//train_aug_1338_0.wav	02Fearful
/kaggle/working//train_aug_1338_1.wav	02Fearful
/kaggle/working//train_aug_1338_2.wav	02Fearful
/kaggle/working//train_aug_1338_3.wav	02Fearful
/kaggle/working//train_aug_1339_0.wav	05Angry
/kaggle/working//train_aug_1339_1.wav	05Angry
/kaggle/working//train_aug_1339_2.wav	05Angry
/kaggle/working//train_aug_1339_3.wav	05Angry
/kaggle/working//train_aug_1340_0.wav	04Sad
/kaggle/working//train_aug_1340_1.wav	04Sad
/kaggle/working//train_aug_1340_2.wav	04Sad
/kaggle/working//train_aug_1340_3.wav	04Sad
/kaggle/working//train_aug_1341_0.wav	04Sad
/kaggle/working//train_aug_1341_1.wav	04Sad
/kaggle/working//train_aug_1341_2.wav	04Sad
/kaggle/working//train_aug_1341_3.wav	04Sad
/kaggle/working//train_aug_1342_0.wav	03Happy
/kaggle/working//train_aug_1342_1.wav	03Happy
/kaggle/working//train_aug_1342_2.wav	03Happy
/kaggle/working//train_aug_1342_3.wav	03Happy
/kaggle/working//train_aug_1343_0.wav	02Fearful
/kaggle/working//train_aug_1343_1.wav	02Fearful
/kaggle/working//train_aug_1343_2.wav	02Fearful
/kaggle/working//train_aug_1343_3.wav	02Fearful
/kaggle/working//train_aug_1344_0.wav	02Fearful
/kaggle/working//train_aug_1344_1.wav	02Fearful
/kaggle/working//train_aug_1344_2.wav	02Fearful
/kaggle/working//train_aug_1344_3.wav	02Fearful
/kaggle/working//train_aug_1345_0.wav	04Sad
/kaggle/working//train_aug_1345_1.wav	04Sad
/kaggle/working//train_aug_1345_2.wav	04Sad
/kaggle/working//train_aug_1345_3.wav	04Sad
/kaggle/working//train_aug_1346_0.wav	02Fearful
/kaggle/working//train_aug_1346_1.wav	02Fearful
/kaggle/working//train_aug_1346_2.wav	02Fearful
/kaggle/working//train_aug_1346_3.wav	02Fearful
/kaggle/working//train_aug_1347_0.wav	02Fearful
/kaggle/working//train_aug_1347_1.wav	02Fearful
/kaggle/working//train_aug_1347_2.wav	02Fearful
/kaggle/working//train_aug_1347_3.wav	02Fearful
/kaggle/working//train_aug_1348_0.wav	05Angry
/kaggle/working//train_aug_1348_1.wav	05Angry
/kaggle/working//train_aug_1348_2.wav	05Angry
/kaggle/working//train_aug_1348_3.wav	05Angry
/kaggle/working//train_aug_1349_0.wav	03Happy
/kaggle/working//train_aug_1349_1.wav	03Happy
/kaggle/working//train_aug_1349_2.wav	03Happy
/kaggle/working//train_aug_1349_3.wav	03Happy
/kaggle/working//train_aug_1350_0.wav	04Sad
/kaggle/working//train_aug_1350_1.wav	04Sad
/kaggle/working//train_aug_1350_2.wav	04Sad
/kaggle/working//train_aug_1350_3.wav	04Sad
/kaggle/working//train_aug_1351_0.wav	02Fearful
/kaggle/working//train_aug_1351_1.wav	02Fearful
/kaggle/working//train_aug_1351_2.wav	02Fearful
/kaggle/working//train_aug_1351_3.wav	02Fearful
/kaggle/working//train_aug_1352_0.wav	02Fearful
/kaggle/working//train_aug_1352_1.wav	02Fearful
/kaggle/working//train_aug_1352_2.wav	02Fearful
/kaggle/working//train_aug_1352_3.wav	02Fearful
/kaggle/working//train_aug_1353_0.wav	04Sad
/kaggle/working//train_aug_1353_1.wav	04Sad
/kaggle/working//train_aug_1353_2.wav	04Sad
/kaggle/working//train_aug_1353_3.wav	04Sad
/kaggle/working//train_aug_1354_0.wav	01Neutral
/kaggle/working//train_aug_1354_1.wav	01Neutral
/kaggle/working//train_aug_1354_2.wav	01Neutral
/kaggle/working//train_aug_1354_3.wav	01Neutral
/kaggle/working//train_aug_1355_0.wav	01Neutral
/kaggle/working//train_aug_1355_1.wav	01Neutral
/kaggle/working//train_aug_1355_2.wav	01Neutral
/kaggle/working//train_aug_1355_3.wav	01Neutral
/kaggle/working//train_aug_1356_0.wav	02Fearful
/kaggle/working//train_aug_1356_1.wav	02Fearful
/kaggle/working//train_aug_1356_2.wav	02Fearful
/kaggle/working//train_aug_1356_3.wav	02Fearful
/kaggle/working//train_aug_1357_0.wav	03Happy
/kaggle/working//train_aug_1357_1.wav	03Happy
/kaggle/working//train_aug_1357_2.wav	03Happy
/kaggle/working//train_aug_1357_3.wav	03Happy
/kaggle/working//train_aug_1358_0.wav	05Angry
/kaggle/working//train_aug_1358_1.wav	05Angry
/kaggle/working//train_aug_1358_2.wav	05Angry
/kaggle/working//train_aug_1358_3.wav	05Angry
/kaggle/working//train_aug_1359_0.wav	01Neutral
/kaggle/working//train_aug_1359_1.wav	01Neutral
/kaggle/working//train_aug_1359_2.wav	01Neutral
/kaggle/working//train_aug_1359_3.wav	01Neutral
/kaggle/working//train_aug_1360_0.wav	05Angry
/kaggle/working//train_aug_1360_1.wav	05Angry
/kaggle/working//train_aug_1360_2.wav	05Angry
/kaggle/working//train_aug_1360_3.wav	05Angry
/kaggle/working//train_aug_1361_0.wav	03Happy
/kaggle/working//train_aug_1361_1.wav	03Happy
/kaggle/working//train_aug_1361_2.wav	03Happy
/kaggle/working//train_aug_1361_3.wav	03Happy
/kaggle/working//train_aug_1362_0.wav	04Sad
/kaggle/working//train_aug_1362_1.wav	04Sad
/kaggle/working//train_aug_1362_2.wav	04Sad
/kaggle/working//train_aug_1362_3.wav	04Sad
/kaggle/working//train_aug_1363_0.wav	02Fearful
/kaggle/working//train_aug_1363_1.wav	02Fearful
/kaggle/working//train_aug_1363_2.wav	02Fearful
/kaggle/working//train_aug_1363_3.wav	02Fearful
/kaggle/working//train_aug_1364_0.wav	02Fearful
/kaggle/working//train_aug_1364_1.wav	02Fearful
/kaggle/working//train_aug_1364_2.wav	02Fearful
/kaggle/working//train_aug_1364_3.wav	02Fearful
/kaggle/working//train_aug_1365_0.wav	04Sad
/kaggle/working//train_aug_1365_1.wav	04Sad
/kaggle/working//train_aug_1365_2.wav	04Sad
/kaggle/working//train_aug_1365_3.wav	04Sad
/kaggle/working//train_aug_1366_0.wav	02Fearful
/kaggle/working//train_aug_1366_1.wav	02Fearful
/kaggle/working//train_aug_1366_2.wav	02Fearful
/kaggle/working//train_aug_1366_3.wav	02Fearful
/kaggle/working//train_aug_1367_0.wav	05Angry
/kaggle/working//train_aug_1367_1.wav	05Angry
/kaggle/working//train_aug_1367_2.wav	05Angry
/kaggle/working//train_aug_1367_3.wav	05Angry
/kaggle/working//train_aug_1368_0.wav	03Happy
/kaggle/working//train_aug_1368_1.wav	03Happy
/kaggle/working//train_aug_1368_2.wav	03Happy
/kaggle/working//train_aug_1368_3.wav	03Happy
/kaggle/working//train_aug_1369_0.wav	01Neutral
/kaggle/working//train_aug_1369_1.wav	01Neutral
/kaggle/working//train_aug_1369_2.wav	01Neutral
/kaggle/working//train_aug_1369_3.wav	01Neutral
/kaggle/working//train_aug_1370_0.wav	04Sad
/kaggle/working//train_aug_1370_1.wav	04Sad
/kaggle/working//train_aug_1370_2.wav	04Sad
/kaggle/working//train_aug_1370_3.wav	04Sad
/kaggle/working//train_aug_1371_0.wav	04Sad
/kaggle/working//train_aug_1371_1.wav	04Sad
/kaggle/working//train_aug_1371_2.wav	04Sad
/kaggle/working//train_aug_1371_3.wav	04Sad
/kaggle/working//train_aug_1372_0.wav	03Happy
/kaggle/working//train_aug_1372_1.wav	03Happy
/kaggle/working//train_aug_1372_2.wav	03Happy
/kaggle/working//train_aug_1372_3.wav	03Happy
/kaggle/working//train_aug_1373_0.wav	04Sad
/kaggle/working//train_aug_1373_1.wav	04Sad
/kaggle/working//train_aug_1373_2.wav	04Sad
/kaggle/working//train_aug_1373_3.wav	04Sad
/kaggle/working//train_aug_1374_0.wav	01Neutral
/kaggle/working//train_aug_1374_1.wav	01Neutral
/kaggle/working//train_aug_1374_2.wav	01Neutral
/kaggle/working//train_aug_1374_3.wav	01Neutral
/kaggle/working//train_aug_1375_0.wav	01Neutral
/kaggle/working//train_aug_1375_1.wav	01Neutral
/kaggle/working//train_aug_1375_2.wav	01Neutral
/kaggle/working//train_aug_1375_3.wav	01Neutral
/kaggle/working//train_aug_1376_0.wav	05Angry
/kaggle/working//train_aug_1376_1.wav	05Angry
/kaggle/working//train_aug_1376_2.wav	05Angry
/kaggle/working//train_aug_1376_3.wav	05Angry
/kaggle/working//train_aug_1377_0.wav	01Neutral
/kaggle/working//train_aug_1377_1.wav	01Neutral
/kaggle/working//train_aug_1377_2.wav	01Neutral
/kaggle/working//train_aug_1377_3.wav	01Neutral
/kaggle/working//train_aug_1378_0.wav	05Angry
/kaggle/working//train_aug_1378_1.wav	05Angry
/kaggle/working//train_aug_1378_2.wav	05Angry
/kaggle/working//train_aug_1378_3.wav	05Angry
/kaggle/working//train_aug_1379_0.wav	03Happy
/kaggle/working//train_aug_1379_1.wav	03Happy
/kaggle/working//train_aug_1379_2.wav	03Happy
/kaggle/working//train_aug_1379_3.wav	03Happy
/kaggle/working//train_aug_1380_0.wav	02Fearful
/kaggle/working//train_aug_1380_1.wav	02Fearful
/kaggle/working//train_aug_1380_2.wav	02Fearful
/kaggle/working//train_aug_1380_3.wav	02Fearful
/kaggle/working//train_aug_1381_0.wav	05Angry
/kaggle/working//train_aug_1381_1.wav	05Angry
/kaggle/working//train_aug_1381_2.wav	05Angry
/kaggle/working//train_aug_1381_3.wav	05Angry
/kaggle/working//train_aug_1382_0.wav	01Neutral
/kaggle/working//train_aug_1382_1.wav	01Neutral
/kaggle/working//train_aug_1382_2.wav	01Neutral
/kaggle/working//train_aug_1382_3.wav	01Neutral
/kaggle/working//train_aug_1383_0.wav	01Neutral
/kaggle/working//train_aug_1383_1.wav	01Neutral
/kaggle/working//train_aug_1383_2.wav	01Neutral
/kaggle/working//train_aug_1383_3.wav	01Neutral
/kaggle/working//train_aug_1384_0.wav	01Neutral
/kaggle/working//train_aug_1384_1.wav	01Neutral
/kaggle/working//train_aug_1384_2.wav	01Neutral
/kaggle/working//train_aug_1384_3.wav	01Neutral
/kaggle/working//train_aug_1385_0.wav	03Happy
/kaggle/working//train_aug_1385_1.wav	03Happy
/kaggle/working//train_aug_1385_2.wav	03Happy
/kaggle/working//train_aug_1385_3.wav	03Happy
/kaggle/working//train_aug_1386_0.wav	03Happy
/kaggle/working//train_aug_1386_1.wav	03Happy
/kaggle/working//train_aug_1386_2.wav	03Happy
/kaggle/working//train_aug_1386_3.wav	03Happy
/kaggle/working//train_aug_1387_0.wav	03Happy
/kaggle/working//train_aug_1387_1.wav	03Happy
/kaggle/working//train_aug_1387_2.wav	03Happy
/kaggle/working//train_aug_1387_3.wav	03Happy
/kaggle/working//train_aug_1388_0.wav	05Angry
/kaggle/working//train_aug_1388_1.wav	05Angry
/kaggle/working//train_aug_1388_2.wav	05Angry
/kaggle/working//train_aug_1388_3.wav	05Angry
/kaggle/working//train_aug_1389_0.wav	04Sad
/kaggle/working//train_aug_1389_1.wav	04Sad
/kaggle/working//train_aug_1389_2.wav	04Sad
/kaggle/working//train_aug_1389_3.wav	04Sad
/kaggle/working//train_aug_1390_0.wav	02Fearful
/kaggle/working//train_aug_1390_1.wav	02Fearful
/kaggle/working//train_aug_1390_2.wav	02Fearful
/kaggle/working//train_aug_1390_3.wav	02Fearful
/kaggle/working//train_aug_1391_0.wav	02Fearful
/kaggle/working//train_aug_1391_1.wav	02Fearful
/kaggle/working//train_aug_1391_2.wav	02Fearful
/kaggle/working//train_aug_1391_3.wav	02Fearful
/kaggle/working//train_aug_1392_0.wav	03Happy
/kaggle/working//train_aug_1392_1.wav	03Happy
/kaggle/working//train_aug_1392_2.wav	03Happy
/kaggle/working//train_aug_1392_3.wav	03Happy
/kaggle/working//train_aug_1393_0.wav	02Fearful
/kaggle/working//train_aug_1393_1.wav	02Fearful
/kaggle/working//train_aug_1393_2.wav	02Fearful
/kaggle/working//train_aug_1393_3.wav	02Fearful
/kaggle/working//train_aug_1394_0.wav	03Happy
/kaggle/working//train_aug_1394_1.wav	03Happy
/kaggle/working//train_aug_1394_2.wav	03Happy
/kaggle/working//train_aug_1394_3.wav	03Happy
/kaggle/working//train_aug_1395_0.wav	05Angry
/kaggle/working//train_aug_1395_1.wav	05Angry
/kaggle/working//train_aug_1395_2.wav	05Angry
/kaggle/working//train_aug_1395_3.wav	05Angry
/kaggle/working//train_aug_1396_0.wav	05Angry
/kaggle/working//train_aug_1396_1.wav	05Angry
/kaggle/working//train_aug_1396_2.wav	05Angry
/kaggle/working//train_aug_1396_3.wav	05Angry
/kaggle/working//train_aug_1397_0.wav	04Sad
/kaggle/working//train_aug_1397_1.wav	04Sad
/kaggle/working//train_aug_1397_2.wav	04Sad
/kaggle/working//train_aug_1397_3.wav	04Sad
/kaggle/working//train_aug_1398_0.wav	04Sad
/kaggle/working//train_aug_1398_1.wav	04Sad
/kaggle/working//train_aug_1398_2.wav	04Sad
/kaggle/working//train_aug_1398_3.wav	04Sad
/kaggle/working//train_aug_1399_0.wav	04Sad
/kaggle/working//train_aug_1399_1.wav	04Sad
/kaggle/working//train_aug_1399_2.wav	04Sad
/kaggle/working//train_aug_1399_3.wav	04Sad
/kaggle/working//train_aug_1400_0.wav	02Fearful
/kaggle/working//train_aug_1400_1.wav	02Fearful
/kaggle/working//train_aug_1400_2.wav	02Fearful
/kaggle/working//train_aug_1400_3.wav	02Fearful
/kaggle/working//train_aug_1401_0.wav	02Fearful
/kaggle/working//train_aug_1401_1.wav	02Fearful
/kaggle/working//train_aug_1401_2.wav	02Fearful
/kaggle/working//train_aug_1401_3.wav	02Fearful
/kaggle/working//train_aug_1402_0.wav	04Sad
/kaggle/working//train_aug_1402_1.wav	04Sad
/kaggle/working//train_aug_1402_2.wav	04Sad
/kaggle/working//train_aug_1402_3.wav	04Sad
/kaggle/working//train_aug_1403_0.wav	03Happy
/kaggle/working//train_aug_1403_1.wav	03Happy
/kaggle/working//train_aug_1403_2.wav	03Happy
/kaggle/working//train_aug_1403_3.wav	03Happy
/kaggle/working//train_aug_1404_0.wav	03Happy
/kaggle/working//train_aug_1404_1.wav	03Happy
/kaggle/working//train_aug_1404_2.wav	03Happy
/kaggle/working//train_aug_1404_3.wav	03Happy
/kaggle/working//train_aug_1405_0.wav	05Angry
/kaggle/working//train_aug_1405_1.wav	05Angry
/kaggle/working//train_aug_1405_2.wav	05Angry
/kaggle/working//train_aug_1405_3.wav	05Angry
/kaggle/working//train_aug_1406_0.wav	03Happy
/kaggle/working//train_aug_1406_1.wav	03Happy
/kaggle/working//train_aug_1406_2.wav	03Happy
/kaggle/working//train_aug_1406_3.wav	03Happy
/kaggle/working//train_aug_1407_0.wav	04Sad
/kaggle/working//train_aug_1407_1.wav	04Sad
/kaggle/working//train_aug_1407_2.wav	04Sad
/kaggle/working//train_aug_1407_3.wav	04Sad
/kaggle/working//train_aug_1408_0.wav	02Fearful
/kaggle/working//train_aug_1408_1.wav	02Fearful
/kaggle/working//train_aug_1408_2.wav	02Fearful
/kaggle/working//train_aug_1408_3.wav	02Fearful
/kaggle/working//train_aug_1409_0.wav	03Happy
/kaggle/working//train_aug_1409_1.wav	03Happy
/kaggle/working//train_aug_1409_2.wav	03Happy
/kaggle/working//train_aug_1409_3.wav	03Happy
/kaggle/working//train_aug_1410_0.wav	03Happy
/kaggle/working//train_aug_1410_1.wav	03Happy
/kaggle/working//train_aug_1410_2.wav	03Happy
/kaggle/working//train_aug_1410_3.wav	03Happy
/kaggle/working//train_aug_1411_0.wav	05Angry
/kaggle/working//train_aug_1411_1.wav	05Angry
/kaggle/working//train_aug_1411_2.wav	05Angry
/kaggle/working//train_aug_1411_3.wav	05Angry
/kaggle/working//train_aug_1412_0.wav	05Angry
/kaggle/working//train_aug_1412_1.wav	05Angry
/kaggle/working//train_aug_1412_2.wav	05Angry
/kaggle/working//train_aug_1412_3.wav	05Angry
/kaggle/working//train_aug_1413_0.wav	01Neutral
/kaggle/working//train_aug_1413_1.wav	01Neutral
/kaggle/working//train_aug_1413_2.wav	01Neutral
/kaggle/working//train_aug_1413_3.wav	01Neutral
/kaggle/working//train_aug_1414_0.wav	04Sad
/kaggle/working//train_aug_1414_1.wav	04Sad
/kaggle/working//train_aug_1414_2.wav	04Sad
/kaggle/working//train_aug_1414_3.wav	04Sad
/kaggle/working//train_aug_1415_0.wav	03Happy
/kaggle/working//train_aug_1415_1.wav	03Happy
/kaggle/working//train_aug_1415_2.wav	03Happy
/kaggle/working//train_aug_1415_3.wav	03Happy
/kaggle/working//train_aug_1416_0.wav	01Neutral
/kaggle/working//train_aug_1416_1.wav	01Neutral
/kaggle/working//train_aug_1416_2.wav	01Neutral
/kaggle/working//train_aug_1416_3.wav	01Neutral
/kaggle/working//train_aug_1417_0.wav	03Happy
/kaggle/working//train_aug_1417_1.wav	03Happy
/kaggle/working//train_aug_1417_2.wav	03Happy
/kaggle/working//train_aug_1417_3.wav	03Happy
/kaggle/working//train_aug_1418_0.wav	01Neutral
/kaggle/working//train_aug_1418_1.wav	01Neutral
/kaggle/working//train_aug_1418_2.wav	01Neutral
/kaggle/working//train_aug_1418_3.wav	01Neutral
/kaggle/working//train_aug_1419_0.wav	05Angry
/kaggle/working//train_aug_1419_1.wav	05Angry
/kaggle/working//train_aug_1419_2.wav	05Angry
/kaggle/working//train_aug_1419_3.wav	05Angry
/kaggle/working//train_aug_1420_0.wav	01Neutral
/kaggle/working//train_aug_1420_1.wav	01Neutral
/kaggle/working//train_aug_1420_2.wav	01Neutral
/kaggle/working//train_aug_1420_3.wav	01Neutral
/kaggle/working//train_aug_1421_0.wav	04Sad
/kaggle/working//train_aug_1421_1.wav	04Sad
/kaggle/working//train_aug_1421_2.wav	04Sad
/kaggle/working//train_aug_1421_3.wav	04Sad
/kaggle/working//train_aug_1422_0.wav	02Fearful
/kaggle/working//train_aug_1422_1.wav	02Fearful
/kaggle/working//train_aug_1422_2.wav	02Fearful
/kaggle/working//train_aug_1422_3.wav	02Fearful
/kaggle/working//train_aug_1423_0.wav	03Happy
/kaggle/working//train_aug_1423_1.wav	03Happy
/kaggle/working//train_aug_1423_2.wav	03Happy
/kaggle/working//train_aug_1423_3.wav	03Happy
/kaggle/working//train_aug_1424_0.wav	04Sad
/kaggle/working//train_aug_1424_1.wav	04Sad
/kaggle/working//train_aug_1424_2.wav	04Sad
/kaggle/working//train_aug_1424_3.wav	04Sad
/kaggle/working//train_aug_1425_0.wav	03Happy
/kaggle/working//train_aug_1425_1.wav	03Happy
/kaggle/working//train_aug_1425_2.wav	03Happy
/kaggle/working//train_aug_1425_3.wav	03Happy
/kaggle/working//train_aug_1426_0.wav	05Angry
/kaggle/working//train_aug_1426_1.wav	05Angry
/kaggle/working//train_aug_1426_2.wav	05Angry
/kaggle/working//train_aug_1426_3.wav	05Angry
/kaggle/working//train_aug_1427_0.wav	05Angry
/kaggle/working//train_aug_1427_1.wav	05Angry
/kaggle/working//train_aug_1427_2.wav	05Angry
/kaggle/working//train_aug_1427_3.wav	05Angry
/kaggle/working//train_aug_1428_0.wav	02Fearful
/kaggle/working//train_aug_1428_1.wav	02Fearful
/kaggle/working//train_aug_1428_2.wav	02Fearful
/kaggle/working//train_aug_1428_3.wav	02Fearful
/kaggle/working//train_aug_1429_0.wav	05Angry
/kaggle/working//train_aug_1429_1.wav	05Angry
/kaggle/working//train_aug_1429_2.wav	05Angry
/kaggle/working//train_aug_1429_3.wav	05Angry
/kaggle/working//train_aug_1430_0.wav	02Fearful
/kaggle/working//train_aug_1430_1.wav	02Fearful
/kaggle/working//train_aug_1430_2.wav	02Fearful
/kaggle/working//train_aug_1430_3.wav	02Fearful
/kaggle/working//train_aug_1431_0.wav	02Fearful
/kaggle/working//train_aug_1431_1.wav	02Fearful
/kaggle/working//train_aug_1431_2.wav	02Fearful
/kaggle/working//train_aug_1431_3.wav	02Fearful
/kaggle/working//train_aug_1432_0.wav	03Happy
/kaggle/working//train_aug_1432_1.wav	03Happy
/kaggle/working//train_aug_1432_2.wav	03Happy
/kaggle/working//train_aug_1432_3.wav	03Happy
/kaggle/working//train_aug_1433_0.wav	04Sad
/kaggle/working//train_aug_1433_1.wav	04Sad
/kaggle/working//train_aug_1433_2.wav	04Sad
/kaggle/working//train_aug_1433_3.wav	04Sad
/kaggle/working//train_aug_1434_0.wav	04Sad
/kaggle/working//train_aug_1434_1.wav	04Sad
/kaggle/working//train_aug_1434_2.wav	04Sad
/kaggle/working//train_aug_1434_3.wav	04Sad
/kaggle/working//train_aug_1435_0.wav	03Happy
/kaggle/working//train_aug_1435_1.wav	03Happy
/kaggle/working//train_aug_1435_2.wav	03Happy
/kaggle/working//train_aug_1435_3.wav	03Happy
/kaggle/working//train_aug_1436_0.wav	03Happy
/kaggle/working//train_aug_1436_1.wav	03Happy
/kaggle/working//train_aug_1436_2.wav	03Happy
/kaggle/working//train_aug_1436_3.wav	03Happy
/kaggle/working//train_aug_1437_0.wav	01Neutral
/kaggle/working//train_aug_1437_1.wav	01Neutral
/kaggle/working//train_aug_1437_2.wav	01Neutral
/kaggle/working//train_aug_1437_3.wav	01Neutral
/kaggle/working//train_aug_1438_0.wav	03Happy
/kaggle/working//train_aug_1438_1.wav	03Happy
/kaggle/working//train_aug_1438_2.wav	03Happy
/kaggle/working//train_aug_1438_3.wav	03Happy
/kaggle/working//train_aug_1439_0.wav	01Neutral
/kaggle/working//train_aug_1439_1.wav	01Neutral
/kaggle/working//train_aug_1439_2.wav	01Neutral
/kaggle/working//train_aug_1439_3.wav	01Neutral
/kaggle/working//train_aug_1440_0.wav	01Neutral
/kaggle/working//train_aug_1440_1.wav	01Neutral
/kaggle/working//train_aug_1440_2.wav	01Neutral
/kaggle/working//train_aug_1440_3.wav	01Neutral
/kaggle/working//train_aug_1441_0.wav	05Angry
/kaggle/working//train_aug_1441_1.wav	05Angry
/kaggle/working//train_aug_1441_2.wav	05Angry
/kaggle/working//train_aug_1441_3.wav	05Angry
/kaggle/working//train_aug_1442_0.wav	03Happy
/kaggle/working//train_aug_1442_1.wav	03Happy
/kaggle/working//train_aug_1442_2.wav	03Happy
/kaggle/working//train_aug_1442_3.wav	03Happy
/kaggle/working//train_aug_1443_0.wav	05Angry
/kaggle/working//train_aug_1443_1.wav	05Angry
/kaggle/working//train_aug_1443_2.wav	05Angry
/kaggle/working//train_aug_1443_3.wav	05Angry
/kaggle/working//train_aug_1444_0.wav	03Happy
/kaggle/working//train_aug_1444_1.wav	03Happy
/kaggle/working//train_aug_1444_2.wav	03Happy
/kaggle/working//train_aug_1444_3.wav	03Happy
/kaggle/working//train_aug_1445_0.wav	01Neutral
/kaggle/working//train_aug_1445_1.wav	01Neutral
/kaggle/working//train_aug_1445_2.wav	01Neutral
/kaggle/working//train_aug_1445_3.wav	01Neutral
/kaggle/working//train_aug_1446_0.wav	05Angry
/kaggle/working//train_aug_1446_1.wav	05Angry
/kaggle/working//train_aug_1446_2.wav	05Angry
/kaggle/working//train_aug_1446_3.wav	05Angry
/kaggle/working//train_aug_1447_0.wav	02Fearful
/kaggle/working//train_aug_1447_1.wav	02Fearful
/kaggle/working//train_aug_1447_2.wav	02Fearful
/kaggle/working//train_aug_1447_3.wav	02Fearful
/kaggle/working//train_aug_1448_0.wav	05Angry
/kaggle/working//train_aug_1448_1.wav	05Angry
/kaggle/working//train_aug_1448_2.wav	05Angry
/kaggle/working//train_aug_1448_3.wav	05Angry
/kaggle/working//train_aug_1449_0.wav	03Happy
/kaggle/working//train_aug_1449_1.wav	03Happy
/kaggle/working//train_aug_1449_2.wav	03Happy
/kaggle/working//train_aug_1449_3.wav	03Happy
/kaggle/working//train_aug_1450_0.wav	04Sad
/kaggle/working//train_aug_1450_1.wav	04Sad
/kaggle/working//train_aug_1450_2.wav	04Sad
/kaggle/working//train_aug_1450_3.wav	04Sad
/kaggle/working//train_aug_1451_0.wav	01Neutral
/kaggle/working//train_aug_1451_1.wav	01Neutral
/kaggle/working//train_aug_1451_2.wav	01Neutral
/kaggle/working//train_aug_1451_3.wav	01Neutral
/kaggle/working//train_aug_1452_0.wav	02Fearful
/kaggle/working//train_aug_1452_1.wav	02Fearful
/kaggle/working//train_aug_1452_2.wav	02Fearful
/kaggle/working//train_aug_1452_3.wav	02Fearful
/kaggle/working//train_aug_1453_0.wav	05Angry
/kaggle/working//train_aug_1453_1.wav	05Angry
/kaggle/working//train_aug_1453_2.wav	05Angry
/kaggle/working//train_aug_1453_3.wav	05Angry
/kaggle/working//train_aug_1454_0.wav	05Angry
/kaggle/working//train_aug_1454_1.wav	05Angry
/kaggle/working//train_aug_1454_2.wav	05Angry
/kaggle/working//train_aug_1454_3.wav	05Angry
/kaggle/working//train_aug_1455_0.wav	05Angry
/kaggle/working//train_aug_1455_1.wav	05Angry
/kaggle/working//train_aug_1455_2.wav	05Angry
/kaggle/working//train_aug_1455_3.wav	05Angry
/kaggle/working//train_aug_1456_0.wav	03Happy
/kaggle/working//train_aug_1456_1.wav	03Happy
/kaggle/working//train_aug_1456_2.wav	03Happy
/kaggle/working//train_aug_1456_3.wav	03Happy
/kaggle/working//train_aug_1457_0.wav	02Fearful
/kaggle/working//train_aug_1457_1.wav	02Fearful
/kaggle/working//train_aug_1457_2.wav	02Fearful
/kaggle/working//train_aug_1457_3.wav	02Fearful
/kaggle/working//train_aug_1458_0.wav	03Happy
/kaggle/working//train_aug_1458_1.wav	03Happy
/kaggle/working//train_aug_1458_2.wav	03Happy
/kaggle/working//train_aug_1458_3.wav	03Happy
/kaggle/working//train_aug_1459_0.wav	04Sad
/kaggle/working//train_aug_1459_1.wav	04Sad
/kaggle/working//train_aug_1459_2.wav	04Sad
/kaggle/working//train_aug_1459_3.wav	04Sad
/kaggle/working//train_aug_1460_0.wav	04Sad
/kaggle/working//train_aug_1460_1.wav	04Sad
/kaggle/working//train_aug_1460_2.wav	04Sad
/kaggle/working//train_aug_1460_3.wav	04Sad
/kaggle/working//train_aug_1461_0.wav	04Sad
/kaggle/working//train_aug_1461_1.wav	04Sad
/kaggle/working//train_aug_1461_2.wav	04Sad
/kaggle/working//train_aug_1461_3.wav	04Sad
/kaggle/working//train_aug_1462_0.wav	03Happy
/kaggle/working//train_aug_1462_1.wav	03Happy
/kaggle/working//train_aug_1462_2.wav	03Happy
/kaggle/working//train_aug_1462_3.wav	03Happy
/kaggle/working//train_aug_1463_0.wav	01Neutral
/kaggle/working//train_aug_1463_1.wav	01Neutral
/kaggle/working//train_aug_1463_2.wav	01Neutral
/kaggle/working//train_aug_1463_3.wav	01Neutral
/kaggle/working//train_aug_1464_0.wav	05Angry
/kaggle/working//train_aug_1464_1.wav	05Angry
/kaggle/working//train_aug_1464_2.wav	05Angry
/kaggle/working//train_aug_1464_3.wav	05Angry
/kaggle/working//train_aug_1465_0.wav	02Fearful
/kaggle/working//train_aug_1465_1.wav	02Fearful
/kaggle/working//train_aug_1465_2.wav	02Fearful
/kaggle/working//train_aug_1465_3.wav	02Fearful
/kaggle/working//train_aug_1466_0.wav	01Neutral
/kaggle/working//train_aug_1466_1.wav	01Neutral
/kaggle/working//train_aug_1466_2.wav	01Neutral
/kaggle/working//train_aug_1466_3.wav	01Neutral
/kaggle/working//train_aug_1467_0.wav	02Fearful
/kaggle/working//train_aug_1467_1.wav	02Fearful
/kaggle/working//train_aug_1467_2.wav	02Fearful
/kaggle/working//train_aug_1467_3.wav	02Fearful
/kaggle/working//train_aug_1468_0.wav	01Neutral
/kaggle/working//train_aug_1468_1.wav	01Neutral
/kaggle/working//train_aug_1468_2.wav	01Neutral
/kaggle/working//train_aug_1468_3.wav	01Neutral
/kaggle/working//train_aug_1469_0.wav	04Sad
/kaggle/working//train_aug_1469_1.wav	04Sad
/kaggle/working//train_aug_1469_2.wav	04Sad
/kaggle/working//train_aug_1469_3.wav	04Sad
/kaggle/working//train_aug_1470_0.wav	03Happy
/kaggle/working//train_aug_1470_1.wav	03Happy
/kaggle/working//train_aug_1470_2.wav	03Happy
/kaggle/working//train_aug_1470_3.wav	03Happy
/kaggle/working//train_aug_1471_0.wav	02Fearful
/kaggle/working//train_aug_1471_1.wav	02Fearful
/kaggle/working//train_aug_1471_2.wav	02Fearful
/kaggle/working//train_aug_1471_3.wav	02Fearful
/kaggle/working//train_aug_1472_0.wav	04Sad
/kaggle/working//train_aug_1472_1.wav	04Sad
/kaggle/working//train_aug_1472_2.wav	04Sad
/kaggle/working//train_aug_1472_3.wav	04Sad
/kaggle/working//train_aug_1473_0.wav	05Angry
/kaggle/working//train_aug_1473_1.wav	05Angry
/kaggle/working//train_aug_1473_2.wav	05Angry
/kaggle/working//train_aug_1473_3.wav	05Angry
/kaggle/working//train_aug_1474_0.wav	01Neutral
/kaggle/working//train_aug_1474_1.wav	01Neutral
/kaggle/working//train_aug_1474_2.wav	01Neutral
/kaggle/working//train_aug_1474_3.wav	01Neutral
/kaggle/working//train_aug_1475_0.wav	03Happy
/kaggle/working//train_aug_1475_1.wav	03Happy
/kaggle/working//train_aug_1475_2.wav	03Happy
/kaggle/working//train_aug_1475_3.wav	03Happy
/kaggle/working//train_aug_1476_0.wav	03Happy
/kaggle/working//train_aug_1476_1.wav	03Happy
/kaggle/working//train_aug_1476_2.wav	03Happy
/kaggle/working//train_aug_1476_3.wav	03Happy
/kaggle/working//train_aug_1477_0.wav	03Happy
/kaggle/working//train_aug_1477_1.wav	03Happy
/kaggle/working//train_aug_1477_2.wav	03Happy
/kaggle/working//train_aug_1477_3.wav	03Happy
/kaggle/working//train_aug_1478_0.wav	01Neutral
/kaggle/working//train_aug_1478_1.wav	01Neutral
/kaggle/working//train_aug_1478_2.wav	01Neutral
/kaggle/working//train_aug_1478_3.wav	01Neutral
/kaggle/working//train_aug_1479_0.wav	04Sad
/kaggle/working//train_aug_1479_1.wav	04Sad
/kaggle/working//train_aug_1479_2.wav	04Sad
/kaggle/working//train_aug_1479_3.wav	04Sad
/kaggle/working//train_aug_1480_0.wav	05Angry
/kaggle/working//train_aug_1480_1.wav	05Angry
/kaggle/working//train_aug_1480_2.wav	05Angry
/kaggle/working//train_aug_1480_3.wav	05Angry
/kaggle/working//train_aug_1481_0.wav	05Angry
/kaggle/working//train_aug_1481_1.wav	05Angry
/kaggle/working//train_aug_1481_2.wav	05Angry
/kaggle/working//train_aug_1481_3.wav	05Angry
/kaggle/working//train_aug_1482_0.wav	02Fearful
/kaggle/working//train_aug_1482_1.wav	02Fearful
/kaggle/working//train_aug_1482_2.wav	02Fearful
/kaggle/working//train_aug_1482_3.wav	02Fearful
/kaggle/working//train_aug_1483_0.wav	03Happy
/kaggle/working//train_aug_1483_1.wav	03Happy
/kaggle/working//train_aug_1483_2.wav	03Happy
/kaggle/working//train_aug_1483_3.wav	03Happy
/kaggle/working//train_aug_1484_0.wav	04Sad
/kaggle/working//train_aug_1484_1.wav	04Sad
/kaggle/working//train_aug_1484_2.wav	04Sad
/kaggle/working//train_aug_1484_3.wav	04Sad
/kaggle/working//train_aug_1485_0.wav	05Angry
/kaggle/working//train_aug_1485_1.wav	05Angry
/kaggle/working//train_aug_1485_2.wav	05Angry
/kaggle/working//train_aug_1485_3.wav	05Angry
/kaggle/working//train_aug_1486_0.wav	05Angry
/kaggle/working//train_aug_1486_1.wav	05Angry
/kaggle/working//train_aug_1486_2.wav	05Angry
/kaggle/working//train_aug_1486_3.wav	05Angry
/kaggle/working//train_aug_1487_0.wav	04Sad
/kaggle/working//train_aug_1487_1.wav	04Sad
/kaggle/working//train_aug_1487_2.wav	04Sad
/kaggle/working//train_aug_1487_3.wav	04Sad
/kaggle/working//train_aug_1488_0.wav	04Sad
/kaggle/working//train_aug_1488_1.wav	04Sad
/kaggle/working//train_aug_1488_2.wav	04Sad
/kaggle/working//train_aug_1488_3.wav	04Sad
/kaggle/working//train_aug_1489_0.wav	05Angry
/kaggle/working//train_aug_1489_1.wav	05Angry
/kaggle/working//train_aug_1489_2.wav	05Angry
/kaggle/working//train_aug_1489_3.wav	05Angry
/kaggle/working//train_aug_1490_0.wav	03Happy
/kaggle/working//train_aug_1490_1.wav	03Happy
/kaggle/working//train_aug_1490_2.wav	03Happy
/kaggle/working//train_aug_1490_3.wav	03Happy
/kaggle/working//train_aug_1491_0.wav	01Neutral
/kaggle/working//train_aug_1491_1.wav	01Neutral
/kaggle/working//train_aug_1491_2.wav	01Neutral
/kaggle/working//train_aug_1491_3.wav	01Neutral
/kaggle/working//train_aug_1492_0.wav	01Neutral
/kaggle/working//train_aug_1492_1.wav	01Neutral
/kaggle/working//train_aug_1492_2.wav	01Neutral
/kaggle/working//train_aug_1492_3.wav	01Neutral
/kaggle/working//train_aug_1493_0.wav	03Happy
/kaggle/working//train_aug_1493_1.wav	03Happy
/kaggle/working//train_aug_1493_2.wav	03Happy
/kaggle/working//train_aug_1493_3.wav	03Happy
/kaggle/working//train_aug_1494_0.wav	04Sad
/kaggle/working//train_aug_1494_1.wav	04Sad
/kaggle/working//train_aug_1494_2.wav	04Sad
/kaggle/working//train_aug_1494_3.wav	04Sad
/kaggle/working//train_aug_1495_0.wav	03Happy
/kaggle/working//train_aug_1495_1.wav	03Happy
/kaggle/working//train_aug_1495_2.wav	03Happy
/kaggle/working//train_aug_1495_3.wav	03Happy
/kaggle/working//train_aug_1496_0.wav	04Sad
/kaggle/working//train_aug_1496_1.wav	04Sad
/kaggle/working//train_aug_1496_2.wav	04Sad
/kaggle/working//train_aug_1496_3.wav	04Sad
/kaggle/working//train_aug_1497_0.wav	04Sad
/kaggle/working//train_aug_1497_1.wav	04Sad
/kaggle/working//train_aug_1497_2.wav	04Sad
/kaggle/working//train_aug_1497_3.wav	04Sad
/kaggle/working//train_aug_1498_0.wav	01Neutral
/kaggle/working//train_aug_1498_1.wav	01Neutral
/kaggle/working//train_aug_1498_2.wav	01Neutral
/kaggle/working//train_aug_1498_3.wav	01Neutral
/kaggle/working//train_aug_1499_0.wav	03Happy
/kaggle/working//train_aug_1499_1.wav	03Happy
/kaggle/working//train_aug_1499_2.wav	03Happy
/kaggle/working//train_aug_1499_3.wav	03Happy
/kaggle/working//train_aug_1500_0.wav	01Neutral
/kaggle/working//train_aug_1500_1.wav	01Neutral
/kaggle/working//train_aug_1500_2.wav	01Neutral
/kaggle/working//train_aug_1500_3.wav	01Neutral
/kaggle/working//train_aug_1501_0.wav	01Neutral
/kaggle/working//train_aug_1501_1.wav	01Neutral
/kaggle/working//train_aug_1501_2.wav	01Neutral
/kaggle/working//train_aug_1501_3.wav	01Neutral
/kaggle/working//train_aug_1502_0.wav	01Neutral
/kaggle/working//train_aug_1502_1.wav	01Neutral
/kaggle/working//train_aug_1502_2.wav	01Neutral
/kaggle/working//train_aug_1502_3.wav	01Neutral
/kaggle/working//train_aug_1503_0.wav	05Angry
/kaggle/working//train_aug_1503_1.wav	05Angry
/kaggle/working//train_aug_1503_2.wav	05Angry
/kaggle/working//train_aug_1503_3.wav	05Angry
/kaggle/working//train_aug_1504_0.wav	05Angry
/kaggle/working//train_aug_1504_1.wav	05Angry
/kaggle/working//train_aug_1504_2.wav	05Angry
/kaggle/working//train_aug_1504_3.wav	05Angry
/kaggle/working//train_aug_1505_0.wav	02Fearful
/kaggle/working//train_aug_1505_1.wav	02Fearful
/kaggle/working//train_aug_1505_2.wav	02Fearful
/kaggle/working//train_aug_1505_3.wav	02Fearful
/kaggle/working//train_aug_1506_0.wav	05Angry
/kaggle/working//train_aug_1506_1.wav	05Angry
/kaggle/working//train_aug_1506_2.wav	05Angry
/kaggle/working//train_aug_1506_3.wav	05Angry
/kaggle/working//train_aug_1507_0.wav	01Neutral
/kaggle/working//train_aug_1507_1.wav	01Neutral
/kaggle/working//train_aug_1507_2.wav	01Neutral
/kaggle/working//train_aug_1507_3.wav	01Neutral
/kaggle/working//train_aug_1508_0.wav	01Neutral
/kaggle/working//train_aug_1508_1.wav	01Neutral
/kaggle/working//train_aug_1508_2.wav	01Neutral
/kaggle/working//train_aug_1508_3.wav	01Neutral
/kaggle/working//train_aug_1509_0.wav	02Fearful
/kaggle/working//train_aug_1509_1.wav	02Fearful
/kaggle/working//train_aug_1509_2.wav	02Fearful
/kaggle/working//train_aug_1509_3.wav	02Fearful
/kaggle/working//train_aug_1510_0.wav	03Happy
/kaggle/working//train_aug_1510_1.wav	03Happy
/kaggle/working//train_aug_1510_2.wav	03Happy
/kaggle/working//train_aug_1510_3.wav	03Happy
/kaggle/working//train_aug_1511_0.wav	01Neutral
/kaggle/working//train_aug_1511_1.wav	01Neutral
/kaggle/working//train_aug_1511_2.wav	01Neutral
/kaggle/working//train_aug_1511_3.wav	01Neutral
/kaggle/working//train_aug_1512_0.wav	05Angry
/kaggle/working//train_aug_1512_1.wav	05Angry
/kaggle/working//train_aug_1512_2.wav	05Angry
/kaggle/working//train_aug_1512_3.wav	05Angry
/kaggle/working//train_aug_1513_0.wav	05Angry
/kaggle/working//train_aug_1513_1.wav	05Angry
/kaggle/working//train_aug_1513_2.wav	05Angry
/kaggle/working//train_aug_1513_3.wav	05Angry
/kaggle/working//train_aug_1514_0.wav	01Neutral
/kaggle/working//train_aug_1514_1.wav	01Neutral
/kaggle/working//train_aug_1514_2.wav	01Neutral
/kaggle/working//train_aug_1514_3.wav	01Neutral
/kaggle/working//train_aug_1515_0.wav	05Angry
/kaggle/working//train_aug_1515_1.wav	05Angry
/kaggle/working//train_aug_1515_2.wav	05Angry
/kaggle/working//train_aug_1515_3.wav	05Angry
/kaggle/working//train_aug_1516_0.wav	04Sad
/kaggle/working//train_aug_1516_1.wav	04Sad
/kaggle/working//train_aug_1516_2.wav	04Sad
/kaggle/working//train_aug_1516_3.wav	04Sad
/kaggle/working//train_aug_1517_0.wav	05Angry
/kaggle/working//train_aug_1517_1.wav	05Angry
/kaggle/working//train_aug_1517_2.wav	05Angry
/kaggle/working//train_aug_1517_3.wav	05Angry
/kaggle/working//train_aug_1518_0.wav	02Fearful
/kaggle/working//train_aug_1518_1.wav	02Fearful
/kaggle/working//train_aug_1518_2.wav	02Fearful
/kaggle/working//train_aug_1518_3.wav	02Fearful
/kaggle/working//train_aug_1519_0.wav	04Sad
/kaggle/working//train_aug_1519_1.wav	04Sad
/kaggle/working//train_aug_1519_2.wav	04Sad
/kaggle/working//train_aug_1519_3.wav	04Sad
/kaggle/working//train_aug_1520_0.wav	05Angry
/kaggle/working//train_aug_1520_1.wav	05Angry
/kaggle/working//train_aug_1520_2.wav	05Angry
/kaggle/working//train_aug_1520_3.wav	05Angry
/kaggle/working//train_aug_1521_0.wav	03Happy
/kaggle/working//train_aug_1521_1.wav	03Happy
/kaggle/working//train_aug_1521_2.wav	03Happy
/kaggle/working//train_aug_1521_3.wav	03Happy
/kaggle/working//train_aug_1522_0.wav	02Fearful
/kaggle/working//train_aug_1522_1.wav	02Fearful
/kaggle/working//train_aug_1522_2.wav	02Fearful
/kaggle/working//train_aug_1522_3.wav	02Fearful
/kaggle/working//train_aug_1523_0.wav	04Sad
/kaggle/working//train_aug_1523_1.wav	04Sad
/kaggle/working//train_aug_1523_2.wav	04Sad
/kaggle/working//train_aug_1523_3.wav	04Sad
/kaggle/working//train_aug_1524_0.wav	01Neutral
/kaggle/working//train_aug_1524_1.wav	01Neutral
/kaggle/working//train_aug_1524_2.wav	01Neutral
/kaggle/working//train_aug_1524_3.wav	01Neutral
/kaggle/working//train_aug_1525_0.wav	05Angry
/kaggle/working//train_aug_1525_1.wav	05Angry
/kaggle/working//train_aug_1525_2.wav	05Angry
/kaggle/working//train_aug_1525_3.wav	05Angry
/kaggle/working//train_aug_1526_0.wav	05Angry
/kaggle/working//train_aug_1526_1.wav	05Angry
/kaggle/working//train_aug_1526_2.wav	05Angry
/kaggle/working//train_aug_1526_3.wav	05Angry
/kaggle/working//train_aug_1527_0.wav	01Neutral
/kaggle/working//train_aug_1527_1.wav	01Neutral
/kaggle/working//train_aug_1527_2.wav	01Neutral
/kaggle/working//train_aug_1527_3.wav	01Neutral
/kaggle/working//train_aug_1528_0.wav	01Neutral
/kaggle/working//train_aug_1528_1.wav	01Neutral
/kaggle/working//train_aug_1528_2.wav	01Neutral
/kaggle/working//train_aug_1528_3.wav	01Neutral
/kaggle/working//train_aug_1529_0.wav	01Neutral
/kaggle/working//train_aug_1529_1.wav	01Neutral
/kaggle/working//train_aug_1529_2.wav	01Neutral
/kaggle/working//train_aug_1529_3.wav	01Neutral
/kaggle/working//train_aug_1530_0.wav	05Angry
/kaggle/working//train_aug_1530_1.wav	05Angry
/kaggle/working//train_aug_1530_2.wav	05Angry
/kaggle/working//train_aug_1530_3.wav	05Angry
/kaggle/working//train_aug_1531_0.wav	02Fearful
/kaggle/working//train_aug_1531_1.wav	02Fearful
/kaggle/working//train_aug_1531_2.wav	02Fearful
/kaggle/working//train_aug_1531_3.wav	02Fearful
/kaggle/working//train_aug_1532_0.wav	05Angry
/kaggle/working//train_aug_1532_1.wav	05Angry
/kaggle/working//train_aug_1532_2.wav	05Angry
/kaggle/working//train_aug_1532_3.wav	05Angry
/kaggle/working//train_aug_1533_0.wav	04Sad
/kaggle/working//train_aug_1533_1.wav	04Sad
/kaggle/working//train_aug_1533_2.wav	04Sad
/kaggle/working//train_aug_1533_3.wav	04Sad
/kaggle/working//train_aug_1534_0.wav	05Angry
/kaggle/working//train_aug_1534_1.wav	05Angry
/kaggle/working//train_aug_1534_2.wav	05Angry
/kaggle/working//train_aug_1534_3.wav	05Angry
/kaggle/working//train_aug_1535_0.wav	05Angry
/kaggle/working//train_aug_1535_1.wav	05Angry
/kaggle/working//train_aug_1535_2.wav	05Angry
/kaggle/working//train_aug_1535_3.wav	05Angry
/kaggle/working//train_aug_1536_0.wav	03Happy
/kaggle/working//train_aug_1536_1.wav	03Happy
/kaggle/working//train_aug_1536_2.wav	03Happy
/kaggle/working//train_aug_1536_3.wav	03Happy
/kaggle/working//train_aug_1537_0.wav	04Sad
/kaggle/working//train_aug_1537_1.wav	04Sad
/kaggle/working//train_aug_1537_2.wav	04Sad
/kaggle/working//train_aug_1537_3.wav	04Sad
/kaggle/working//train_aug_1538_0.wav	04Sad
/kaggle/working//train_aug_1538_1.wav	04Sad
/kaggle/working//train_aug_1538_2.wav	04Sad
/kaggle/working//train_aug_1538_3.wav	04Sad
/kaggle/working//train_aug_1539_0.wav	03Happy
/kaggle/working//train_aug_1539_1.wav	03Happy
/kaggle/working//train_aug_1539_2.wav	03Happy
/kaggle/working//train_aug_1539_3.wav	03Happy
/kaggle/working//train_aug_1540_0.wav	04Sad
/kaggle/working//train_aug_1540_1.wav	04Sad
/kaggle/working//train_aug_1540_2.wav	04Sad
/kaggle/working//train_aug_1540_3.wav	04Sad
/kaggle/working//train_aug_1541_0.wav	02Fearful
/kaggle/working//train_aug_1541_1.wav	02Fearful
/kaggle/working//train_aug_1541_2.wav	02Fearful
/kaggle/working//train_aug_1541_3.wav	02Fearful
/kaggle/working//train_aug_1542_0.wav	05Angry
/kaggle/working//train_aug_1542_1.wav	05Angry
/kaggle/working//train_aug_1542_2.wav	05Angry
/kaggle/working//train_aug_1542_3.wav	05Angry
/kaggle/working//train_aug_1543_0.wav	01Neutral
/kaggle/working//train_aug_1543_1.wav	01Neutral
/kaggle/working//train_aug_1543_2.wav	01Neutral
/kaggle/working//train_aug_1543_3.wav	01Neutral
/kaggle/working//train_aug_1544_0.wav	04Sad
/kaggle/working//train_aug_1544_1.wav	04Sad
/kaggle/working//train_aug_1544_2.wav	04Sad
/kaggle/working//train_aug_1544_3.wav	04Sad
/kaggle/working//train_aug_1545_0.wav	01Neutral
/kaggle/working//train_aug_1545_1.wav	01Neutral
/kaggle/working//train_aug_1545_2.wav	01Neutral
/kaggle/working//train_aug_1545_3.wav	01Neutral
/kaggle/working//train_aug_1546_0.wav	03Happy
/kaggle/working//train_aug_1546_1.wav	03Happy
/kaggle/working//train_aug_1546_2.wav	03Happy
/kaggle/working//train_aug_1546_3.wav	03Happy
/kaggle/working//train_aug_1547_0.wav	01Neutral
/kaggle/working//train_aug_1547_1.wav	01Neutral
/kaggle/working//train_aug_1547_2.wav	01Neutral
/kaggle/working//train_aug_1547_3.wav	01Neutral
/kaggle/working//train_aug_1548_0.wav	02Fearful
/kaggle/working//train_aug_1548_1.wav	02Fearful
/kaggle/working//train_aug_1548_2.wav	02Fearful
/kaggle/working//train_aug_1548_3.wav	02Fearful
/kaggle/working//train_aug_1549_0.wav	05Angry
/kaggle/working//train_aug_1549_1.wav	05Angry
/kaggle/working//train_aug_1549_2.wav	05Angry
/kaggle/working//train_aug_1549_3.wav	05Angry
/kaggle/working//train_aug_1550_0.wav	04Sad
/kaggle/working//train_aug_1550_1.wav	04Sad
/kaggle/working//train_aug_1550_2.wav	04Sad
/kaggle/working//train_aug_1550_3.wav	04Sad
/kaggle/working//train_aug_1551_0.wav	05Angry
/kaggle/working//train_aug_1551_1.wav	05Angry
/kaggle/working//train_aug_1551_2.wav	05Angry
/kaggle/working//train_aug_1551_3.wav	05Angry
/kaggle/working//train_aug_1552_0.wav	01Neutral
/kaggle/working//train_aug_1552_1.wav	01Neutral
/kaggle/working//train_aug_1552_2.wav	01Neutral
/kaggle/working//train_aug_1552_3.wav	01Neutral
/kaggle/working//train_aug_1553_0.wav	02Fearful
/kaggle/working//train_aug_1553_1.wav	02Fearful
/kaggle/working//train_aug_1553_2.wav	02Fearful
/kaggle/working//train_aug_1553_3.wav	02Fearful
/kaggle/working//train_aug_1554_0.wav	03Happy
/kaggle/working//train_aug_1554_1.wav	03Happy
/kaggle/working//train_aug_1554_2.wav	03Happy
/kaggle/working//train_aug_1554_3.wav	03Happy
/kaggle/working//train_aug_1555_0.wav	05Angry
/kaggle/working//train_aug_1555_1.wav	05Angry
/kaggle/working//train_aug_1555_2.wav	05Angry
/kaggle/working//train_aug_1555_3.wav	05Angry
/kaggle/working//train_aug_1556_0.wav	05Angry
/kaggle/working//train_aug_1556_1.wav	05Angry
/kaggle/working//train_aug_1556_2.wav	05Angry
/kaggle/working//train_aug_1556_3.wav	05Angry
/kaggle/working//train_aug_1557_0.wav	02Fearful
/kaggle/working//train_aug_1557_1.wav	02Fearful
/kaggle/working//train_aug_1557_2.wav	02Fearful
/kaggle/working//train_aug_1557_3.wav	02Fearful
/kaggle/working//train_aug_1558_0.wav	05Angry
/kaggle/working//train_aug_1558_1.wav	05Angry
/kaggle/working//train_aug_1558_2.wav	05Angry
/kaggle/working//train_aug_1558_3.wav	05Angry
/kaggle/working//train_aug_1559_0.wav	04Sad
/kaggle/working//train_aug_1559_1.wav	04Sad
/kaggle/working//train_aug_1559_2.wav	04Sad
/kaggle/working//train_aug_1559_3.wav	04Sad
/kaggle/working//train_aug_1560_0.wav	03Happy
/kaggle/working//train_aug_1560_1.wav	03Happy
/kaggle/working//train_aug_1560_2.wav	03Happy
/kaggle/working//train_aug_1560_3.wav	03Happy
/kaggle/working//train_aug_1561_0.wav	01Neutral
/kaggle/working//train_aug_1561_1.wav	01Neutral
/kaggle/working//train_aug_1561_2.wav	01Neutral
/kaggle/working//train_aug_1561_3.wav	01Neutral
/kaggle/working//train_aug_1562_0.wav	02Fearful
/kaggle/working//train_aug_1562_1.wav	02Fearful
/kaggle/working//train_aug_1562_2.wav	02Fearful
/kaggle/working//train_aug_1562_3.wav	02Fearful
/kaggle/working//train_aug_1563_0.wav	02Fearful
/kaggle/working//train_aug_1563_1.wav	02Fearful
/kaggle/working//train_aug_1563_2.wav	02Fearful
/kaggle/working//train_aug_1563_3.wav	02Fearful
/kaggle/working//train_aug_1564_0.wav	02Fearful
/kaggle/working//train_aug_1564_1.wav	02Fearful
/kaggle/working//train_aug_1564_2.wav	02Fearful
/kaggle/working//train_aug_1564_3.wav	02Fearful
/kaggle/working//train_aug_1565_0.wav	04Sad
/kaggle/working//train_aug_1565_1.wav	04Sad
/kaggle/working//train_aug_1565_2.wav	04Sad
/kaggle/working//train_aug_1565_3.wav	04Sad
/kaggle/working//train_aug_1566_0.wav	03Happy
/kaggle/working//train_aug_1566_1.wav	03Happy
/kaggle/working//train_aug_1566_2.wav	03Happy
/kaggle/working//train_aug_1566_3.wav	03Happy
/kaggle/working//train_aug_1567_0.wav	04Sad
/kaggle/working//train_aug_1567_1.wav	04Sad
/kaggle/working//train_aug_1567_2.wav	04Sad
/kaggle/working//train_aug_1567_3.wav	04Sad
/kaggle/working//train_aug_1568_0.wav	04Sad
/kaggle/working//train_aug_1568_1.wav	04Sad
/kaggle/working//train_aug_1568_2.wav	04Sad
/kaggle/working//train_aug_1568_3.wav	04Sad
/kaggle/working//train_aug_1569_0.wav	01Neutral
/kaggle/working//train_aug_1569_1.wav	01Neutral
/kaggle/working//train_aug_1569_2.wav	01Neutral
/kaggle/working//train_aug_1569_3.wav	01Neutral
/kaggle/working//train_aug_1570_0.wav	05Angry
/kaggle/working//train_aug_1570_1.wav	05Angry
/kaggle/working//train_aug_1570_2.wav	05Angry
/kaggle/working//train_aug_1570_3.wav	05Angry
/kaggle/working//train_aug_1571_0.wav	02Fearful
/kaggle/working//train_aug_1571_1.wav	02Fearful
/kaggle/working//train_aug_1571_2.wav	02Fearful
/kaggle/working//train_aug_1571_3.wav	02Fearful
/kaggle/working//train_aug_1572_0.wav	01Neutral
/kaggle/working//train_aug_1572_1.wav	01Neutral
/kaggle/working//train_aug_1572_2.wav	01Neutral
/kaggle/working//train_aug_1572_3.wav	01Neutral
/kaggle/working//train_aug_1573_0.wav	05Angry
/kaggle/working//train_aug_1573_1.wav	05Angry
/kaggle/working//train_aug_1573_2.wav	05Angry
/kaggle/working//train_aug_1573_3.wav	05Angry
/kaggle/working//train_aug_1574_0.wav	04Sad
/kaggle/working//train_aug_1574_1.wav	04Sad
/kaggle/working//train_aug_1574_2.wav	04Sad
/kaggle/working//train_aug_1574_3.wav	04Sad
/kaggle/working//train_aug_1575_0.wav	02Fearful
/kaggle/working//train_aug_1575_1.wav	02Fearful
/kaggle/working//train_aug_1575_2.wav	02Fearful
/kaggle/working//train_aug_1575_3.wav	02Fearful
/kaggle/working//train_aug_1576_0.wav	05Angry
/kaggle/working//train_aug_1576_1.wav	05Angry
/kaggle/working//train_aug_1576_2.wav	05Angry
/kaggle/working//train_aug_1576_3.wav	05Angry
/kaggle/working//train_aug_1577_0.wav	01Neutral
/kaggle/working//train_aug_1577_1.wav	01Neutral
/kaggle/working//train_aug_1577_2.wav	01Neutral
/kaggle/working//train_aug_1577_3.wav	01Neutral
/kaggle/working//train_aug_1578_0.wav	02Fearful
/kaggle/working//train_aug_1578_1.wav	02Fearful
/kaggle/working//train_aug_1578_2.wav	02Fearful
/kaggle/working//train_aug_1578_3.wav	02Fearful
/kaggle/working//train_aug_1579_0.wav	05Angry
/kaggle/working//train_aug_1579_1.wav	05Angry
/kaggle/working//train_aug_1579_2.wav	05Angry
/kaggle/working//train_aug_1579_3.wav	05Angry
/kaggle/working//train_aug_1580_0.wav	01Neutral
/kaggle/working//train_aug_1580_1.wav	01Neutral
/kaggle/working//train_aug_1580_2.wav	01Neutral
/kaggle/working//train_aug_1580_3.wav	01Neutral
/kaggle/working//train_aug_1581_0.wav	01Neutral
/kaggle/working//train_aug_1581_1.wav	01Neutral
/kaggle/working//train_aug_1581_2.wav	01Neutral
/kaggle/working//train_aug_1581_3.wav	01Neutral
/kaggle/working//train_aug_1582_0.wav	01Neutral
/kaggle/working//train_aug_1582_1.wav	01Neutral
/kaggle/working//train_aug_1582_2.wav	01Neutral
/kaggle/working//train_aug_1582_3.wav	01Neutral
/kaggle/working//train_aug_1583_0.wav	01Neutral
/kaggle/working//train_aug_1583_1.wav	01Neutral
/kaggle/working//train_aug_1583_2.wav	01Neutral
/kaggle/working//train_aug_1583_3.wav	01Neutral
/kaggle/working//train_aug_1584_0.wav	02Fearful
/kaggle/working//train_aug_1584_1.wav	02Fearful
/kaggle/working//train_aug_1584_2.wav	02Fearful
/kaggle/working//train_aug_1584_3.wav	02Fearful
/kaggle/working//train_aug_1585_0.wav	04Sad
/kaggle/working//train_aug_1585_1.wav	04Sad
/kaggle/working//train_aug_1585_2.wav	04Sad
/kaggle/working//train_aug_1585_3.wav	04Sad
/kaggle/working//train_aug_1586_0.wav	04Sad
/kaggle/working//train_aug_1586_1.wav	04Sad
/kaggle/working//train_aug_1586_2.wav	04Sad
/kaggle/working//train_aug_1586_3.wav	04Sad
/kaggle/working//train_aug_1587_0.wav	03Happy
/kaggle/working//train_aug_1587_1.wav	03Happy
/kaggle/working//train_aug_1587_2.wav	03Happy
/kaggle/working//train_aug_1587_3.wav	03Happy
/kaggle/working//train_aug_1588_0.wav	03Happy
/kaggle/working//train_aug_1588_1.wav	03Happy
/kaggle/working//train_aug_1588_2.wav	03Happy
/kaggle/working//train_aug_1588_3.wav	03Happy
/kaggle/working//train_aug_1589_0.wav	02Fearful
/kaggle/working//train_aug_1589_1.wav	02Fearful
/kaggle/working//train_aug_1589_2.wav	02Fearful
/kaggle/working//train_aug_1589_3.wav	02Fearful
/kaggle/working//train_aug_1590_0.wav	03Happy
/kaggle/working//train_aug_1590_1.wav	03Happy
/kaggle/working//train_aug_1590_2.wav	03Happy
/kaggle/working//train_aug_1590_3.wav	03Happy
/kaggle/working//train_aug_1591_0.wav	01Neutral
/kaggle/working//train_aug_1591_1.wav	01Neutral
/kaggle/working//train_aug_1591_2.wav	01Neutral
/kaggle/working//train_aug_1591_3.wav	01Neutral
/kaggle/working//train_aug_1592_0.wav	03Happy
/kaggle/working//train_aug_1592_1.wav	03Happy
/kaggle/working//train_aug_1592_2.wav	03Happy
/kaggle/working//train_aug_1592_3.wav	03Happy
/kaggle/working//train_aug_1593_0.wav	01Neutral
/kaggle/working//train_aug_1593_1.wav	01Neutral
/kaggle/working//train_aug_1593_2.wav	01Neutral
/kaggle/working//train_aug_1593_3.wav	01Neutral
/kaggle/working//train_aug_1594_0.wav	04Sad
/kaggle/working//train_aug_1594_1.wav	04Sad
/kaggle/working//train_aug_1594_2.wav	04Sad
/kaggle/working//train_aug_1594_3.wav	04Sad
/kaggle/working//train_aug_1595_0.wav	04Sad
/kaggle/working//train_aug_1595_1.wav	04Sad
/kaggle/working//train_aug_1595_2.wav	04Sad
/kaggle/working//train_aug_1595_3.wav	04Sad
/kaggle/working//train_aug_1596_0.wav	04Sad
/kaggle/working//train_aug_1596_1.wav	04Sad
/kaggle/working//train_aug_1596_2.wav	04Sad
/kaggle/working//train_aug_1596_3.wav	04Sad
/kaggle/working//train_aug_1597_0.wav	01Neutral
/kaggle/working//train_aug_1597_1.wav	01Neutral
/kaggle/working//train_aug_1597_2.wav	01Neutral
/kaggle/working//train_aug_1597_3.wav	01Neutral
/kaggle/working//train_aug_1598_0.wav	03Happy
/kaggle/working//train_aug_1598_1.wav	03Happy
/kaggle/working//train_aug_1598_2.wav	03Happy
/kaggle/working//train_aug_1598_3.wav	03Happy
/kaggle/working//train_aug_1599_0.wav	05Angry
/kaggle/working//train_aug_1599_1.wav	05Angry
/kaggle/working//train_aug_1599_2.wav	05Angry
/kaggle/working//train_aug_1599_3.wav	05Angry
/kaggle/working//train_aug_1600_0.wav	01Neutral
/kaggle/working//train_aug_1600_1.wav	01Neutral
/kaggle/working//train_aug_1600_2.wav	01Neutral
/kaggle/working//train_aug_1600_3.wav	01Neutral
/kaggle/working//train_aug_1601_0.wav	04Sad
/kaggle/working//train_aug_1601_1.wav	04Sad
/kaggle/working//train_aug_1601_2.wav	04Sad
/kaggle/working//train_aug_1601_3.wav	04Sad
/kaggle/working//train_aug_1602_0.wav	02Fearful
/kaggle/working//train_aug_1602_1.wav	02Fearful
/kaggle/working//train_aug_1602_2.wav	02Fearful
/kaggle/working//train_aug_1602_3.wav	02Fearful
/kaggle/working//train_aug_1603_0.wav	04Sad
/kaggle/working//train_aug_1603_1.wav	04Sad
/kaggle/working//train_aug_1603_2.wav	04Sad
/kaggle/working//train_aug_1603_3.wav	04Sad
/kaggle/working//train_aug_1604_0.wav	01Neutral
/kaggle/working//train_aug_1604_1.wav	01Neutral
/kaggle/working//train_aug_1604_2.wav	01Neutral
/kaggle/working//train_aug_1604_3.wav	01Neutral
/kaggle/working//train_aug_1605_0.wav	02Fearful
/kaggle/working//train_aug_1605_1.wav	02Fearful
/kaggle/working//train_aug_1605_2.wav	02Fearful
/kaggle/working//train_aug_1605_3.wav	02Fearful
/kaggle/working//train_aug_1606_0.wav	04Sad
/kaggle/working//train_aug_1606_1.wav	04Sad
/kaggle/working//train_aug_1606_2.wav	04Sad
/kaggle/working//train_aug_1606_3.wav	04Sad
/kaggle/working//train_aug_1607_0.wav	02Fearful
/kaggle/working//train_aug_1607_1.wav	02Fearful
/kaggle/working//train_aug_1607_2.wav	02Fearful
/kaggle/working//train_aug_1607_3.wav	02Fearful
/kaggle/working//train_aug_1608_0.wav	04Sad
/kaggle/working//train_aug_1608_1.wav	04Sad
/kaggle/working//train_aug_1608_2.wav	04Sad
/kaggle/working//train_aug_1608_3.wav	04Sad
/kaggle/working//train_aug_1609_0.wav	02Fearful
/kaggle/working//train_aug_1609_1.wav	02Fearful
/kaggle/working//train_aug_1609_2.wav	02Fearful
/kaggle/working//train_aug_1609_3.wav	02Fearful
/kaggle/working//train_aug_1610_0.wav	02Fearful
/kaggle/working//train_aug_1610_1.wav	02Fearful
/kaggle/working//train_aug_1610_2.wav	02Fearful
/kaggle/working//train_aug_1610_3.wav	02Fearful
/kaggle/working//train_aug_1611_0.wav	02Fearful
/kaggle/working//train_aug_1611_1.wav	02Fearful
/kaggle/working//train_aug_1611_2.wav	02Fearful
/kaggle/working//train_aug_1611_3.wav	02Fearful
/kaggle/working//train_aug_1612_0.wav	04Sad
/kaggle/working//train_aug_1612_1.wav	04Sad
/kaggle/working//train_aug_1612_2.wav	04Sad
/kaggle/working//train_aug_1612_3.wav	04Sad
/kaggle/working//train_aug_1613_0.wav	04Sad
/kaggle/working//train_aug_1613_1.wav	04Sad
/kaggle/working//train_aug_1613_2.wav	04Sad
/kaggle/working//train_aug_1613_3.wav	04Sad
/kaggle/working//train_aug_1614_0.wav	05Angry
/kaggle/working//train_aug_1614_1.wav	05Angry
/kaggle/working//train_aug_1614_2.wav	05Angry
/kaggle/working//train_aug_1614_3.wav	05Angry
/kaggle/working//train_aug_1615_0.wav	02Fearful
/kaggle/working//train_aug_1615_1.wav	02Fearful
/kaggle/working//train_aug_1615_2.wav	02Fearful
/kaggle/working//train_aug_1615_3.wav	02Fearful
/kaggle/working//train_aug_1616_0.wav	04Sad
/kaggle/working//train_aug_1616_1.wav	04Sad
/kaggle/working//train_aug_1616_2.wav	04Sad
/kaggle/working//train_aug_1616_3.wav	04Sad
/kaggle/working//train_aug_1617_0.wav	01Neutral
/kaggle/working//train_aug_1617_1.wav	01Neutral
/kaggle/working//train_aug_1617_2.wav	01Neutral
/kaggle/working//train_aug_1617_3.wav	01Neutral
/kaggle/working//train_aug_1618_0.wav	05Angry
/kaggle/working//train_aug_1618_1.wav	05Angry
/kaggle/working//train_aug_1618_2.wav	05Angry
/kaggle/working//train_aug_1618_3.wav	05Angry
/kaggle/working//train_aug_1619_0.wav	01Neutral
/kaggle/working//train_aug_1619_1.wav	01Neutral
/kaggle/working//train_aug_1619_2.wav	01Neutral
/kaggle/working//train_aug_1619_3.wav	01Neutral
/kaggle/working//train_aug_1620_0.wav	01Neutral
/kaggle/working//train_aug_1620_1.wav	01Neutral
/kaggle/working//train_aug_1620_2.wav	01Neutral
/kaggle/working//train_aug_1620_3.wav	01Neutral
/kaggle/working//train_aug_1621_0.wav	03Happy
/kaggle/working//train_aug_1621_1.wav	03Happy
/kaggle/working//train_aug_1621_2.wav	03Happy
/kaggle/working//train_aug_1621_3.wav	03Happy
/kaggle/working//train_aug_1622_0.wav	02Fearful
/kaggle/working//train_aug_1622_1.wav	02Fearful
/kaggle/working//train_aug_1622_2.wav	02Fearful
/kaggle/working//train_aug_1622_3.wav	02Fearful
/kaggle/working//train_aug_1623_0.wav	04Sad
/kaggle/working//train_aug_1623_1.wav	04Sad
/kaggle/working//train_aug_1623_2.wav	04Sad
/kaggle/working//train_aug_1623_3.wav	04Sad
/kaggle/working//train_aug_1624_0.wav	01Neutral
/kaggle/working//train_aug_1624_1.wav	01Neutral
/kaggle/working//train_aug_1624_2.wav	01Neutral
/kaggle/working//train_aug_1624_3.wav	01Neutral
/kaggle/working//train_aug_1625_0.wav	04Sad
/kaggle/working//train_aug_1625_1.wav	04Sad
/kaggle/working//train_aug_1625_2.wav	04Sad
/kaggle/working//train_aug_1625_3.wav	04Sad
/kaggle/working//train_aug_1626_0.wav	04Sad
/kaggle/working//train_aug_1626_1.wav	04Sad
/kaggle/working//train_aug_1626_2.wav	04Sad
/kaggle/working//train_aug_1626_3.wav	04Sad
/kaggle/working//train_aug_1627_0.wav	05Angry
/kaggle/working//train_aug_1627_1.wav	05Angry
/kaggle/working//train_aug_1627_2.wav	05Angry
/kaggle/working//train_aug_1627_3.wav	05Angry
/kaggle/working//train_aug_1628_0.wav	05Angry
/kaggle/working//train_aug_1628_1.wav	05Angry
/kaggle/working//train_aug_1628_2.wav	05Angry
/kaggle/working//train_aug_1628_3.wav	05Angry
/kaggle/working//train_aug_1629_0.wav	04Sad
/kaggle/working//train_aug_1629_1.wav	04Sad
/kaggle/working//train_aug_1629_2.wav	04Sad
/kaggle/working//train_aug_1629_3.wav	04Sad
/kaggle/working//train_aug_1630_0.wav	03Happy
/kaggle/working//train_aug_1630_1.wav	03Happy
/kaggle/working//train_aug_1630_2.wav	03Happy
/kaggle/working//train_aug_1630_3.wav	03Happy
/kaggle/working//train_aug_1631_0.wav	03Happy
/kaggle/working//train_aug_1631_1.wav	03Happy
/kaggle/working//train_aug_1631_2.wav	03Happy
/kaggle/working//train_aug_1631_3.wav	03Happy
/kaggle/working//train_aug_1632_0.wav	03Happy
/kaggle/working//train_aug_1632_1.wav	03Happy
/kaggle/working//train_aug_1632_2.wav	03Happy
/kaggle/working//train_aug_1632_3.wav	03Happy
/kaggle/working//train_aug_1633_0.wav	05Angry
/kaggle/working//train_aug_1633_1.wav	05Angry
/kaggle/working//train_aug_1633_2.wav	05Angry
/kaggle/working//train_aug_1633_3.wav	05Angry
/kaggle/working//train_aug_1634_0.wav	01Neutral
/kaggle/working//train_aug_1634_1.wav	01Neutral
/kaggle/working//train_aug_1634_2.wav	01Neutral
/kaggle/working//train_aug_1634_3.wav	01Neutral
/kaggle/working//train_aug_1635_0.wav	05Angry
/kaggle/working//train_aug_1635_1.wav	05Angry
/kaggle/working//train_aug_1635_2.wav	05Angry
/kaggle/working//train_aug_1635_3.wav	05Angry
/kaggle/working//train_aug_1636_0.wav	03Happy
/kaggle/working//train_aug_1636_1.wav	03Happy
/kaggle/working//train_aug_1636_2.wav	03Happy
/kaggle/working//train_aug_1636_3.wav	03Happy
/kaggle/working//train_aug_1637_0.wav	04Sad
/kaggle/working//train_aug_1637_1.wav	04Sad
/kaggle/working//train_aug_1637_2.wav	04Sad
/kaggle/working//train_aug_1637_3.wav	04Sad
/kaggle/working//train_aug_1638_0.wav	02Fearful
/kaggle/working//train_aug_1638_1.wav	02Fearful
/kaggle/working//train_aug_1638_2.wav	02Fearful
/kaggle/working//train_aug_1638_3.wav	02Fearful
/kaggle/working//train_aug_1639_0.wav	05Angry
/kaggle/working//train_aug_1639_1.wav	05Angry
/kaggle/working//train_aug_1639_2.wav	05Angry
/kaggle/working//train_aug_1639_3.wav	05Angry
/kaggle/working//train_aug_1640_0.wav	05Angry
/kaggle/working//train_aug_1640_1.wav	05Angry
/kaggle/working//train_aug_1640_2.wav	05Angry
/kaggle/working//train_aug_1640_3.wav	05Angry
/kaggle/working//train_aug_1641_0.wav	03Happy
/kaggle/working//train_aug_1641_1.wav	03Happy
/kaggle/working//train_aug_1641_2.wav	03Happy
/kaggle/working//train_aug_1641_3.wav	03Happy
/kaggle/working//train_aug_1642_0.wav	05Angry
/kaggle/working//train_aug_1642_1.wav	05Angry
/kaggle/working//train_aug_1642_2.wav	05Angry
/kaggle/working//train_aug_1642_3.wav	05Angry
/kaggle/working//train_aug_1643_0.wav	01Neutral
/kaggle/working//train_aug_1643_1.wav	01Neutral
/kaggle/working//train_aug_1643_2.wav	01Neutral
/kaggle/working//train_aug_1643_3.wav	01Neutral
/kaggle/working//train_aug_1644_0.wav	03Happy
/kaggle/working//train_aug_1644_1.wav	03Happy
/kaggle/working//train_aug_1644_2.wav	03Happy
/kaggle/working//train_aug_1644_3.wav	03Happy
/kaggle/working//train_aug_1645_0.wav	01Neutral
/kaggle/working//train_aug_1645_1.wav	01Neutral
/kaggle/working//train_aug_1645_2.wav	01Neutral
/kaggle/working//train_aug_1645_3.wav	01Neutral
/kaggle/working//train_aug_1646_0.wav	02Fearful
/kaggle/working//train_aug_1646_1.wav	02Fearful
/kaggle/working//train_aug_1646_2.wav	02Fearful
/kaggle/working//train_aug_1646_3.wav	02Fearful
/kaggle/working//train_aug_1647_0.wav	05Angry
/kaggle/working//train_aug_1647_1.wav	05Angry
/kaggle/working//train_aug_1647_2.wav	05Angry
/kaggle/working//train_aug_1647_3.wav	05Angry
/kaggle/working//train_aug_1648_0.wav	02Fearful
/kaggle/working//train_aug_1648_1.wav	02Fearful
/kaggle/working//train_aug_1648_2.wav	02Fearful
/kaggle/working//train_aug_1648_3.wav	02Fearful
/kaggle/working//train_aug_1649_0.wav	02Fearful
/kaggle/working//train_aug_1649_1.wav	02Fearful
/kaggle/working//train_aug_1649_2.wav	02Fearful
/kaggle/working//train_aug_1649_3.wav	02Fearful
/kaggle/working//train_aug_1650_0.wav	02Fearful
/kaggle/working//train_aug_1650_1.wav	02Fearful
/kaggle/working//train_aug_1650_2.wav	02Fearful
/kaggle/working//train_aug_1650_3.wav	02Fearful
/kaggle/working//train_aug_1651_0.wav	04Sad
/kaggle/working//train_aug_1651_1.wav	04Sad
/kaggle/working//train_aug_1651_2.wav	04Sad
/kaggle/working//train_aug_1651_3.wav	04Sad
/kaggle/working//train_aug_1652_0.wav	02Fearful
/kaggle/working//train_aug_1652_1.wav	02Fearful
/kaggle/working//train_aug_1652_2.wav	02Fearful
/kaggle/working//train_aug_1652_3.wav	02Fearful
/kaggle/working//train_aug_1653_0.wav	01Neutral
/kaggle/working//train_aug_1653_1.wav	01Neutral
/kaggle/working//train_aug_1653_2.wav	01Neutral
/kaggle/working//train_aug_1653_3.wav	01Neutral
/kaggle/working//train_aug_1654_0.wav	05Angry
/kaggle/working//train_aug_1654_1.wav	05Angry
/kaggle/working//train_aug_1654_2.wav	05Angry
/kaggle/working//train_aug_1654_3.wav	05Angry
/kaggle/working//train_aug_1655_0.wav	03Happy
/kaggle/working//train_aug_1655_1.wav	03Happy
/kaggle/working//train_aug_1655_2.wav	03Happy
/kaggle/working//train_aug_1655_3.wav	03Happy
/kaggle/working//train_aug_1656_0.wav	03Happy
/kaggle/working//train_aug_1656_1.wav	03Happy
/kaggle/working//train_aug_1656_2.wav	03Happy
/kaggle/working//train_aug_1656_3.wav	03Happy
/kaggle/working//train_aug_1657_0.wav	01Neutral
/kaggle/working//train_aug_1657_1.wav	01Neutral
/kaggle/working//train_aug_1657_2.wav	01Neutral
/kaggle/working//train_aug_1657_3.wav	01Neutral
/kaggle/working//train_aug_1658_0.wav	04Sad
/kaggle/working//train_aug_1658_1.wav	04Sad
/kaggle/working//train_aug_1658_2.wav	04Sad
/kaggle/working//train_aug_1658_3.wav	04Sad
/kaggle/working//train_aug_1659_0.wav	02Fearful
/kaggle/working//train_aug_1659_1.wav	02Fearful
/kaggle/working//train_aug_1659_2.wav	02Fearful
/kaggle/working//train_aug_1659_3.wav	02Fearful
/kaggle/working//train_aug_1660_0.wav	05Angry
/kaggle/working//train_aug_1660_1.wav	05Angry
/kaggle/working//train_aug_1660_2.wav	05Angry
/kaggle/working//train_aug_1660_3.wav	05Angry
/kaggle/working//train_aug_1661_0.wav	01Neutral
/kaggle/working//train_aug_1661_1.wav	01Neutral
/kaggle/working//train_aug_1661_2.wav	01Neutral
/kaggle/working//train_aug_1661_3.wav	01Neutral
/kaggle/working//train_aug_1662_0.wav	05Angry
/kaggle/working//train_aug_1662_1.wav	05Angry
/kaggle/working//train_aug_1662_2.wav	05Angry
/kaggle/working//train_aug_1662_3.wav	05Angry
/kaggle/working//train_aug_1663_0.wav	01Neutral
/kaggle/working//train_aug_1663_1.wav	01Neutral
/kaggle/working//train_aug_1663_2.wav	01Neutral
/kaggle/working//train_aug_1663_3.wav	01Neutral
/kaggle/working//train_aug_1664_0.wav	03Happy
/kaggle/working//train_aug_1664_1.wav	03Happy
/kaggle/working//train_aug_1664_2.wav	03Happy
/kaggle/working//train_aug_1664_3.wav	03Happy
/kaggle/working//train_aug_1665_0.wav	01Neutral
/kaggle/working//train_aug_1665_1.wav	01Neutral
/kaggle/working//train_aug_1665_2.wav	01Neutral
/kaggle/working//train_aug_1665_3.wav	01Neutral
/kaggle/working//train_aug_1666_0.wav	01Neutral
/kaggle/working//train_aug_1666_1.wav	01Neutral
/kaggle/working//train_aug_1666_2.wav	01Neutral
/kaggle/working//train_aug_1666_3.wav	01Neutral
/kaggle/working//train_aug_1667_0.wav	01Neutral
/kaggle/working//train_aug_1667_1.wav	01Neutral
/kaggle/working//train_aug_1667_2.wav	01Neutral
/kaggle/working//train_aug_1667_3.wav	01Neutral
/kaggle/working//train_aug_1668_0.wav	02Fearful
/kaggle/working//train_aug_1668_1.wav	02Fearful
/kaggle/working//train_aug_1668_2.wav	02Fearful
/kaggle/working//train_aug_1668_3.wav	02Fearful
/kaggle/working//train_aug_1669_0.wav	01Neutral
/kaggle/working//train_aug_1669_1.wav	01Neutral
/kaggle/working//train_aug_1669_2.wav	01Neutral
/kaggle/working//train_aug_1669_3.wav	01Neutral
/kaggle/working//train_aug_1670_0.wav	05Angry
/kaggle/working//train_aug_1670_1.wav	05Angry
/kaggle/working//train_aug_1670_2.wav	05Angry
/kaggle/working//train_aug_1670_3.wav	05Angry
/kaggle/working//train_aug_1671_0.wav	01Neutral
/kaggle/working//train_aug_1671_1.wav	01Neutral
/kaggle/working//train_aug_1671_2.wav	01Neutral
/kaggle/working//train_aug_1671_3.wav	01Neutral
/kaggle/working//train_aug_1672_0.wav	05Angry
/kaggle/working//train_aug_1672_1.wav	05Angry
/kaggle/working//train_aug_1672_2.wav	05Angry
/kaggle/working//train_aug_1672_3.wav	05Angry
/kaggle/working//train_aug_1673_0.wav	04Sad
/kaggle/working//train_aug_1673_1.wav	04Sad
/kaggle/working//train_aug_1673_2.wav	04Sad
/kaggle/working//train_aug_1673_3.wav	04Sad
/kaggle/working//train_aug_1674_0.wav	05Angry
/kaggle/working//train_aug_1674_1.wav	05Angry
/kaggle/working//train_aug_1674_2.wav	05Angry
/kaggle/working//train_aug_1674_3.wav	05Angry
/kaggle/working//train_aug_1675_0.wav	04Sad
/kaggle/working//train_aug_1675_1.wav	04Sad
/kaggle/working//train_aug_1675_2.wav	04Sad
/kaggle/working//train_aug_1675_3.wav	04Sad
/kaggle/working//train_aug_1676_0.wav	05Angry
/kaggle/working//train_aug_1676_1.wav	05Angry
/kaggle/working//train_aug_1676_2.wav	05Angry
/kaggle/working//train_aug_1676_3.wav	05Angry
/kaggle/working//train_aug_1677_0.wav	05Angry
/kaggle/working//train_aug_1677_1.wav	05Angry
/kaggle/working//train_aug_1677_2.wav	05Angry
/kaggle/working//train_aug_1677_3.wav	05Angry
/kaggle/working//train_aug_1678_0.wav	02Fearful
/kaggle/working//train_aug_1678_1.wav	02Fearful
/kaggle/working//train_aug_1678_2.wav	02Fearful
/kaggle/working//train_aug_1678_3.wav	02Fearful
/kaggle/working//train_aug_1679_0.wav	04Sad
/kaggle/working//train_aug_1679_1.wav	04Sad
/kaggle/working//train_aug_1679_2.wav	04Sad
/kaggle/working//train_aug_1679_3.wav	04Sad
/kaggle/working//train_aug_1680_0.wav	02Fearful
/kaggle/working//train_aug_1680_1.wav	02Fearful
/kaggle/working//train_aug_1680_2.wav	02Fearful
/kaggle/working//train_aug_1680_3.wav	02Fearful
/kaggle/working//train_aug_1681_0.wav	05Angry
/kaggle/working//train_aug_1681_1.wav	05Angry
/kaggle/working//train_aug_1681_2.wav	05Angry
/kaggle/working//train_aug_1681_3.wav	05Angry
/kaggle/working//train_aug_1682_0.wav	02Fearful
/kaggle/working//train_aug_1682_1.wav	02Fearful
/kaggle/working//train_aug_1682_2.wav	02Fearful
/kaggle/working//train_aug_1682_3.wav	02Fearful
/kaggle/working//train_aug_1683_0.wav	01Neutral
/kaggle/working//train_aug_1683_1.wav	01Neutral
/kaggle/working//train_aug_1683_2.wav	01Neutral
/kaggle/working//train_aug_1683_3.wav	01Neutral
/kaggle/working//train_aug_1684_0.wav	01Neutral
/kaggle/working//train_aug_1684_1.wav	01Neutral
/kaggle/working//train_aug_1684_2.wav	01Neutral
/kaggle/working//train_aug_1684_3.wav	01Neutral
/kaggle/working//train_aug_1685_0.wav	02Fearful
/kaggle/working//train_aug_1685_1.wav	02Fearful
/kaggle/working//train_aug_1685_2.wav	02Fearful
/kaggle/working//train_aug_1685_3.wav	02Fearful
/kaggle/working//train_aug_1686_0.wav	01Neutral
/kaggle/working//train_aug_1686_1.wav	01Neutral
/kaggle/working//train_aug_1686_2.wav	01Neutral
/kaggle/working//train_aug_1686_3.wav	01Neutral
/kaggle/working//train_aug_1687_0.wav	05Angry
/kaggle/working//train_aug_1687_1.wav	05Angry
/kaggle/working//train_aug_1687_2.wav	05Angry
/kaggle/working//train_aug_1687_3.wav	05Angry
/kaggle/working//train_aug_1688_0.wav	02Fearful
/kaggle/working//train_aug_1688_1.wav	02Fearful
/kaggle/working//train_aug_1688_2.wav	02Fearful
/kaggle/working//train_aug_1688_3.wav	02Fearful
/kaggle/working//train_aug_1689_0.wav	03Happy
/kaggle/working//train_aug_1689_1.wav	03Happy
/kaggle/working//train_aug_1689_2.wav	03Happy
/kaggle/working//train_aug_1689_3.wav	03Happy
/kaggle/working//train_aug_1690_0.wav	02Fearful
/kaggle/working//train_aug_1690_1.wav	02Fearful
/kaggle/working//train_aug_1690_2.wav	02Fearful
/kaggle/working//train_aug_1690_3.wav	02Fearful
/kaggle/working//train_aug_1691_0.wav	05Angry
/kaggle/working//train_aug_1691_1.wav	05Angry
/kaggle/working//train_aug_1691_2.wav	05Angry
/kaggle/working//train_aug_1691_3.wav	05Angry
/kaggle/working//train_aug_1692_0.wav	05Angry
/kaggle/working//train_aug_1692_1.wav	05Angry
/kaggle/working//train_aug_1692_2.wav	05Angry
/kaggle/working//train_aug_1692_3.wav	05Angry
/kaggle/working//train_aug_1693_0.wav	01Neutral
/kaggle/working//train_aug_1693_1.wav	01Neutral
/kaggle/working//train_aug_1693_2.wav	01Neutral
/kaggle/working//train_aug_1693_3.wav	01Neutral
/kaggle/working//train_aug_1694_0.wav	01Neutral
/kaggle/working//train_aug_1694_1.wav	01Neutral
/kaggle/working//train_aug_1694_2.wav	01Neutral
/kaggle/working//train_aug_1694_3.wav	01Neutral
/kaggle/working//train_aug_1695_0.wav	04Sad
/kaggle/working//train_aug_1695_1.wav	04Sad
/kaggle/working//train_aug_1695_2.wav	04Sad
/kaggle/working//train_aug_1695_3.wav	04Sad
/kaggle/working//train_aug_1696_0.wav	02Fearful
/kaggle/working//train_aug_1696_1.wav	02Fearful
/kaggle/working//train_aug_1696_2.wav	02Fearful
/kaggle/working//train_aug_1696_3.wav	02Fearful
/kaggle/working//train_aug_1697_0.wav	01Neutral
/kaggle/working//train_aug_1697_1.wav	01Neutral
/kaggle/working//train_aug_1697_2.wav	01Neutral
/kaggle/working//train_aug_1697_3.wav	01Neutral
/kaggle/working//train_aug_1698_0.wav	01Neutral
/kaggle/working//train_aug_1698_1.wav	01Neutral
/kaggle/working//train_aug_1698_2.wav	01Neutral
/kaggle/working//train_aug_1698_3.wav	01Neutral
/kaggle/working//train_aug_1699_0.wav	03Happy
/kaggle/working//train_aug_1699_1.wav	03Happy
/kaggle/working//train_aug_1699_2.wav	03Happy
/kaggle/working//train_aug_1699_3.wav	03Happy
/kaggle/working//train_aug_1700_0.wav	01Neutral
/kaggle/working//train_aug_1700_1.wav	01Neutral
/kaggle/working//train_aug_1700_2.wav	01Neutral
/kaggle/working//train_aug_1700_3.wav	01Neutral
/kaggle/working//train_aug_1701_0.wav	03Happy
/kaggle/working//train_aug_1701_1.wav	03Happy
/kaggle/working//train_aug_1701_2.wav	03Happy
/kaggle/working//train_aug_1701_3.wav	03Happy
/kaggle/working//train_aug_1702_0.wav	04Sad
/kaggle/working//train_aug_1702_1.wav	04Sad
/kaggle/working//train_aug_1702_2.wav	04Sad
/kaggle/working//train_aug_1702_3.wav	04Sad
/kaggle/working//train_aug_1703_0.wav	05Angry
/kaggle/working//train_aug_1703_1.wav	05Angry
/kaggle/working//train_aug_1703_2.wav	05Angry
/kaggle/working//train_aug_1703_3.wav	05Angry
/kaggle/working//train_aug_1704_0.wav	02Fearful
/kaggle/working//train_aug_1704_1.wav	02Fearful
/kaggle/working//train_aug_1704_2.wav	02Fearful
/kaggle/working//train_aug_1704_3.wav	02Fearful
/kaggle/working//train_aug_1705_0.wav	02Fearful
/kaggle/working//train_aug_1705_1.wav	02Fearful
/kaggle/working//train_aug_1705_2.wav	02Fearful
/kaggle/working//train_aug_1705_3.wav	02Fearful
/kaggle/working//train_aug_1706_0.wav	05Angry
/kaggle/working//train_aug_1706_1.wav	05Angry
/kaggle/working//train_aug_1706_2.wav	05Angry
/kaggle/working//train_aug_1706_3.wav	05Angry
/kaggle/working//train_aug_1707_0.wav	02Fearful
/kaggle/working//train_aug_1707_1.wav	02Fearful
/kaggle/working//train_aug_1707_2.wav	02Fearful
/kaggle/working//train_aug_1707_3.wav	02Fearful
/kaggle/working//train_aug_1708_0.wav	01Neutral
/kaggle/working//train_aug_1708_1.wav	01Neutral
/kaggle/working//train_aug_1708_2.wav	01Neutral
/kaggle/working//train_aug_1708_3.wav	01Neutral
/kaggle/working//train_aug_1709_0.wav	01Neutral
/kaggle/working//train_aug_1709_1.wav	01Neutral
/kaggle/working//train_aug_1709_2.wav	01Neutral
/kaggle/working//train_aug_1709_3.wav	01Neutral
/kaggle/working//train_aug_1710_0.wav	05Angry
/kaggle/working//train_aug_1710_1.wav	05Angry
/kaggle/working//train_aug_1710_2.wav	05Angry
/kaggle/working//train_aug_1710_3.wav	05Angry
/kaggle/working//train_aug_1711_0.wav	01Neutral
/kaggle/working//train_aug_1711_1.wav	01Neutral
/kaggle/working//train_aug_1711_2.wav	01Neutral
/kaggle/working//train_aug_1711_3.wav	01Neutral
/kaggle/working//train_aug_1712_0.wav	03Happy
/kaggle/working//train_aug_1712_1.wav	03Happy
/kaggle/working//train_aug_1712_2.wav	03Happy
/kaggle/working//train_aug_1712_3.wav	03Happy
/kaggle/working//train_aug_1713_0.wav	02Fearful
/kaggle/working//train_aug_1713_1.wav	02Fearful
/kaggle/working//train_aug_1713_2.wav	02Fearful
/kaggle/working//train_aug_1713_3.wav	02Fearful
/kaggle/working//train_aug_1714_0.wav	05Angry
/kaggle/working//train_aug_1714_1.wav	05Angry
/kaggle/working//train_aug_1714_2.wav	05Angry
/kaggle/working//train_aug_1714_3.wav	05Angry
/kaggle/working//train_aug_1715_0.wav	02Fearful
/kaggle/working//train_aug_1715_1.wav	02Fearful
/kaggle/working//train_aug_1715_2.wav	02Fearful
/kaggle/working//train_aug_1715_3.wav	02Fearful
/kaggle/working//train_aug_1716_0.wav	02Fearful
/kaggle/working//train_aug_1716_1.wav	02Fearful
/kaggle/working//train_aug_1716_2.wav	02Fearful
/kaggle/working//train_aug_1716_3.wav	02Fearful
/kaggle/working//train_aug_1717_0.wav	05Angry
/kaggle/working//train_aug_1717_1.wav	05Angry
/kaggle/working//train_aug_1717_2.wav	05Angry
/kaggle/working//train_aug_1717_3.wav	05Angry
/kaggle/working//train_aug_1718_0.wav	03Happy
/kaggle/working//train_aug_1718_1.wav	03Happy
/kaggle/working//train_aug_1718_2.wav	03Happy
/kaggle/working//train_aug_1718_3.wav	03Happy
/kaggle/working//train_aug_1719_0.wav	05Angry
/kaggle/working//train_aug_1719_1.wav	05Angry
/kaggle/working//train_aug_1719_2.wav	05Angry
/kaggle/working//train_aug_1719_3.wav	05Angry
/kaggle/working//train_aug_1720_0.wav	01Neutral
/kaggle/working//train_aug_1720_1.wav	01Neutral
/kaggle/working//train_aug_1720_2.wav	01Neutral
/kaggle/working//train_aug_1720_3.wav	01Neutral
/kaggle/working//train_aug_1721_0.wav	02Fearful
/kaggle/working//train_aug_1721_1.wav	02Fearful
/kaggle/working//train_aug_1721_2.wav	02Fearful
/kaggle/working//train_aug_1721_3.wav	02Fearful
/kaggle/working//train_aug_1722_0.wav	05Angry
/kaggle/working//train_aug_1722_1.wav	05Angry
/kaggle/working//train_aug_1722_2.wav	05Angry
/kaggle/working//train_aug_1722_3.wav	05Angry
/kaggle/working//train_aug_1723_0.wav	02Fearful
/kaggle/working//train_aug_1723_1.wav	02Fearful
/kaggle/working//train_aug_1723_2.wav	02Fearful
/kaggle/working//train_aug_1723_3.wav	02Fearful
/kaggle/working//train_aug_1724_0.wav	04Sad
/kaggle/working//train_aug_1724_1.wav	04Sad
/kaggle/working//train_aug_1724_2.wav	04Sad
/kaggle/working//train_aug_1724_3.wav	04Sad
/kaggle/working//train_aug_1725_0.wav	05Angry
/kaggle/working//train_aug_1725_1.wav	05Angry
/kaggle/working//train_aug_1725_2.wav	05Angry
/kaggle/working//train_aug_1725_3.wav	05Angry
/kaggle/working//train_aug_1726_0.wav	04Sad
/kaggle/working//train_aug_1726_1.wav	04Sad
/kaggle/working//train_aug_1726_2.wav	04Sad
/kaggle/working//train_aug_1726_3.wav	04Sad
/kaggle/working//train_aug_1727_0.wav	03Happy
/kaggle/working//train_aug_1727_1.wav	03Happy
/kaggle/working//train_aug_1727_2.wav	03Happy
/kaggle/working//train_aug_1727_3.wav	03Happy
/kaggle/working//train_aug_1728_0.wav	05Angry
/kaggle/working//train_aug_1728_1.wav	05Angry
/kaggle/working//train_aug_1728_2.wav	05Angry
/kaggle/working//train_aug_1728_3.wav	05Angry
/kaggle/working//train_aug_1729_0.wav	04Sad
/kaggle/working//train_aug_1729_1.wav	04Sad
/kaggle/working//train_aug_1729_2.wav	04Sad
/kaggle/working//train_aug_1729_3.wav	04Sad
/kaggle/working//train_aug_1730_0.wav	01Neutral
/kaggle/working//train_aug_1730_1.wav	01Neutral
/kaggle/working//train_aug_1730_2.wav	01Neutral
/kaggle/working//train_aug_1730_3.wav	01Neutral
/kaggle/working//train_aug_1731_0.wav	01Neutral
/kaggle/working//train_aug_1731_1.wav	01Neutral
/kaggle/working//train_aug_1731_2.wav	01Neutral
/kaggle/working//train_aug_1731_3.wav	01Neutral
/kaggle/working//train_aug_1732_0.wav	01Neutral
/kaggle/working//train_aug_1732_1.wav	01Neutral
/kaggle/working//train_aug_1732_2.wav	01Neutral
/kaggle/working//train_aug_1732_3.wav	01Neutral
/kaggle/working//train_aug_1733_0.wav	05Angry
/kaggle/working//train_aug_1733_1.wav	05Angry
/kaggle/working//train_aug_1733_2.wav	05Angry
/kaggle/working//train_aug_1733_3.wav	05Angry
/kaggle/working//train_aug_1734_0.wav	04Sad
/kaggle/working//train_aug_1734_1.wav	04Sad
/kaggle/working//train_aug_1734_2.wav	04Sad
/kaggle/working//train_aug_1734_3.wav	04Sad
/kaggle/working//train_aug_1735_0.wav	02Fearful
/kaggle/working//train_aug_1735_1.wav	02Fearful
/kaggle/working//train_aug_1735_2.wav	02Fearful
/kaggle/working//train_aug_1735_3.wav	02Fearful
/kaggle/working//train_aug_1736_0.wav	04Sad
/kaggle/working//train_aug_1736_1.wav	04Sad
/kaggle/working//train_aug_1736_2.wav	04Sad
/kaggle/working//train_aug_1736_3.wav	04Sad
/kaggle/working//train_aug_1737_0.wav	04Sad
/kaggle/working//train_aug_1737_1.wav	04Sad
/kaggle/working//train_aug_1737_2.wav	04Sad
/kaggle/working//train_aug_1737_3.wav	04Sad
/kaggle/working//train_aug_1738_0.wav	01Neutral
/kaggle/working//train_aug_1738_1.wav	01Neutral
/kaggle/working//train_aug_1738_2.wav	01Neutral
/kaggle/working//train_aug_1738_3.wav	01Neutral
/kaggle/working//train_aug_1739_0.wav	02Fearful
/kaggle/working//train_aug_1739_1.wav	02Fearful
/kaggle/working//train_aug_1739_2.wav	02Fearful
/kaggle/working//train_aug_1739_3.wav	02Fearful
/kaggle/working//train_aug_1740_0.wav	04Sad
/kaggle/working//train_aug_1740_1.wav	04Sad
/kaggle/working//train_aug_1740_2.wav	04Sad
/kaggle/working//train_aug_1740_3.wav	04Sad
/kaggle/working//train_aug_1741_0.wav	05Angry
/kaggle/working//train_aug_1741_1.wav	05Angry
/kaggle/working//train_aug_1741_2.wav	05Angry
/kaggle/working//train_aug_1741_3.wav	05Angry
/kaggle/working//train_aug_1742_0.wav	04Sad
/kaggle/working//train_aug_1742_1.wav	04Sad
/kaggle/working//train_aug_1742_2.wav	04Sad
/kaggle/working//train_aug_1742_3.wav	04Sad
/kaggle/working//train_aug_1743_0.wav	02Fearful
/kaggle/working//train_aug_1743_1.wav	02Fearful
/kaggle/working//train_aug_1743_2.wav	02Fearful
/kaggle/working//train_aug_1743_3.wav	02Fearful
/kaggle/working//train_aug_1744_0.wav	02Fearful
/kaggle/working//train_aug_1744_1.wav	02Fearful
/kaggle/working//train_aug_1744_2.wav	02Fearful
/kaggle/working//train_aug_1744_3.wav	02Fearful
/kaggle/working//train_aug_1745_0.wav	01Neutral
/kaggle/working//train_aug_1745_1.wav	01Neutral
/kaggle/working//train_aug_1745_2.wav	01Neutral
/kaggle/working//train_aug_1745_3.wav	01Neutral
/kaggle/working//train_aug_1746_0.wav	03Happy
/kaggle/working//train_aug_1746_1.wav	03Happy
/kaggle/working//train_aug_1746_2.wav	03Happy
/kaggle/working//train_aug_1746_3.wav	03Happy
/kaggle/working//train_aug_1747_0.wav	01Neutral
/kaggle/working//train_aug_1747_1.wav	01Neutral
/kaggle/working//train_aug_1747_2.wav	01Neutral
/kaggle/working//train_aug_1747_3.wav	01Neutral
/kaggle/working//train_aug_1748_0.wav	03Happy
/kaggle/working//train_aug_1748_1.wav	03Happy
/kaggle/working//train_aug_1748_2.wav	03Happy
/kaggle/working//train_aug_1748_3.wav	03Happy
/kaggle/working//train_aug_1749_0.wav	04Sad
/kaggle/working//train_aug_1749_1.wav	04Sad
/kaggle/working//train_aug_1749_2.wav	04Sad
/kaggle/working//train_aug_1749_3.wav	04Sad
/kaggle/working//train_aug_1750_0.wav	01Neutral
/kaggle/working//train_aug_1750_1.wav	01Neutral
/kaggle/working//train_aug_1750_2.wav	01Neutral
/kaggle/working//train_aug_1750_3.wav	01Neutral
/kaggle/working//train_aug_1751_0.wav	03Happy
/kaggle/working//train_aug_1751_1.wav	03Happy
/kaggle/working//train_aug_1751_2.wav	03Happy
/kaggle/working//train_aug_1751_3.wav	03Happy
/kaggle/working//train_aug_1752_0.wav	04Sad
/kaggle/working//train_aug_1752_1.wav	04Sad
/kaggle/working//train_aug_1752_2.wav	04Sad
/kaggle/working//train_aug_1752_3.wav	04Sad
/kaggle/working//train_aug_1753_0.wav	05Angry
/kaggle/working//train_aug_1753_1.wav	05Angry
/kaggle/working//train_aug_1753_2.wav	05Angry
/kaggle/working//train_aug_1753_3.wav	05Angry
/kaggle/working//train_aug_1754_0.wav	03Happy
/kaggle/working//train_aug_1754_1.wav	03Happy
/kaggle/working//train_aug_1754_2.wav	03Happy
/kaggle/working//train_aug_1754_3.wav	03Happy
/kaggle/working//train_aug_1755_0.wav	01Neutral
/kaggle/working//train_aug_1755_1.wav	01Neutral
/kaggle/working//train_aug_1755_2.wav	01Neutral
/kaggle/working//train_aug_1755_3.wav	01Neutral
/kaggle/working//train_aug_1756_0.wav	03Happy
/kaggle/working//train_aug_1756_1.wav	03Happy
/kaggle/working//train_aug_1756_2.wav	03Happy
/kaggle/working//train_aug_1756_3.wav	03Happy
/kaggle/working//train_aug_1757_0.wav	02Fearful
/kaggle/working//train_aug_1757_1.wav	02Fearful
/kaggle/working//train_aug_1757_2.wav	02Fearful
/kaggle/working//train_aug_1757_3.wav	02Fearful
/kaggle/working//train_aug_1758_0.wav	04Sad
/kaggle/working//train_aug_1758_1.wav	04Sad
/kaggle/working//train_aug_1758_2.wav	04Sad
/kaggle/working//train_aug_1758_3.wav	04Sad
/kaggle/working//train_aug_1759_0.wav	03Happy
/kaggle/working//train_aug_1759_1.wav	03Happy
/kaggle/working//train_aug_1759_2.wav	03Happy
/kaggle/working//train_aug_1759_3.wav	03Happy
/kaggle/working//train_aug_1760_0.wav	04Sad
/kaggle/working//train_aug_1760_1.wav	04Sad
/kaggle/working//train_aug_1760_2.wav	04Sad
/kaggle/working//train_aug_1760_3.wav	04Sad
/kaggle/working//train_aug_1761_0.wav	02Fearful
/kaggle/working//train_aug_1761_1.wav	02Fearful
/kaggle/working//train_aug_1761_2.wav	02Fearful
/kaggle/working//train_aug_1761_3.wav	02Fearful
/kaggle/working//train_aug_1762_0.wav	01Neutral
/kaggle/working//train_aug_1762_1.wav	01Neutral
/kaggle/working//train_aug_1762_2.wav	01Neutral
/kaggle/working//train_aug_1762_3.wav	01Neutral
/kaggle/working//train_aug_1763_0.wav	02Fearful
/kaggle/working//train_aug_1763_1.wav	02Fearful
/kaggle/working//train_aug_1763_2.wav	02Fearful
/kaggle/working//train_aug_1763_3.wav	02Fearful
/kaggle/working//train_aug_1764_0.wav	01Neutral
/kaggle/working//train_aug_1764_1.wav	01Neutral
/kaggle/working//train_aug_1764_2.wav	01Neutral
/kaggle/working//train_aug_1764_3.wav	01Neutral
/kaggle/working//train_aug_1765_0.wav	02Fearful
/kaggle/working//train_aug_1765_1.wav	02Fearful
/kaggle/working//train_aug_1765_2.wav	02Fearful
/kaggle/working//train_aug_1765_3.wav	02Fearful
/kaggle/working//train_aug_1766_0.wav	04Sad
/kaggle/working//train_aug_1766_1.wav	04Sad
/kaggle/working//train_aug_1766_2.wav	04Sad
/kaggle/working//train_aug_1766_3.wav	04Sad
/kaggle/working//train_aug_1767_0.wav	05Angry
/kaggle/working//train_aug_1767_1.wav	05Angry
/kaggle/working//train_aug_1767_2.wav	05Angry
/kaggle/working//train_aug_1767_3.wav	05Angry
/kaggle/working//train_aug_1768_0.wav	03Happy
/kaggle/working//train_aug_1768_1.wav	03Happy
/kaggle/working//train_aug_1768_2.wav	03Happy
/kaggle/working//train_aug_1768_3.wav	03Happy
/kaggle/working//train_aug_1769_0.wav	05Angry
/kaggle/working//train_aug_1769_1.wav	05Angry
/kaggle/working//train_aug_1769_2.wav	05Angry
/kaggle/working//train_aug_1769_3.wav	05Angry
/kaggle/working//train_aug_1770_0.wav	02Fearful
/kaggle/working//train_aug_1770_1.wav	02Fearful
/kaggle/working//train_aug_1770_2.wav	02Fearful
/kaggle/working//train_aug_1770_3.wav	02Fearful
/kaggle/working//train_aug_1771_0.wav	02Fearful
/kaggle/working//train_aug_1771_1.wav	02Fearful
/kaggle/working//train_aug_1771_2.wav	02Fearful
/kaggle/working//train_aug_1771_3.wav	02Fearful
/kaggle/working//train_aug_1772_0.wav	03Happy
/kaggle/working//train_aug_1772_1.wav	03Happy
/kaggle/working//train_aug_1772_2.wav	03Happy
/kaggle/working//train_aug_1772_3.wav	03Happy
/kaggle/working//train_aug_1773_0.wav	05Angry
/kaggle/working//train_aug_1773_1.wav	05Angry
/kaggle/working//train_aug_1773_2.wav	05Angry
/kaggle/working//train_aug_1773_3.wav	05Angry
/kaggle/working//train_aug_1774_0.wav	01Neutral
/kaggle/working//train_aug_1774_1.wav	01Neutral
/kaggle/working//train_aug_1774_2.wav	01Neutral
/kaggle/working//train_aug_1774_3.wav	01Neutral
/kaggle/working//train_aug_1775_0.wav	01Neutral
/kaggle/working//train_aug_1775_1.wav	01Neutral
/kaggle/working//train_aug_1775_2.wav	01Neutral
/kaggle/working//train_aug_1775_3.wav	01Neutral
/kaggle/working//train_aug_1776_0.wav	02Fearful
/kaggle/working//train_aug_1776_1.wav	02Fearful
/kaggle/working//train_aug_1776_2.wav	02Fearful
/kaggle/working//train_aug_1776_3.wav	02Fearful
/kaggle/working//train_aug_1777_0.wav	01Neutral
/kaggle/working//train_aug_1777_1.wav	01Neutral
/kaggle/working//train_aug_1777_2.wav	01Neutral
/kaggle/working//train_aug_1777_3.wav	01Neutral
/kaggle/working//train_aug_1778_0.wav	02Fearful
/kaggle/working//train_aug_1778_1.wav	02Fearful
/kaggle/working//train_aug_1778_2.wav	02Fearful
/kaggle/working//train_aug_1778_3.wav	02Fearful
/kaggle/working//train_aug_1779_0.wav	03Happy
/kaggle/working//train_aug_1779_1.wav	03Happy
/kaggle/working//train_aug_1779_2.wav	03Happy
/kaggle/working//train_aug_1779_3.wav	03Happy
/kaggle/working//train_aug_1780_0.wav	05Angry
/kaggle/working//train_aug_1780_1.wav	05Angry
/kaggle/working//train_aug_1780_2.wav	05Angry
/kaggle/working//train_aug_1780_3.wav	05Angry
/kaggle/working//train_aug_1781_0.wav	04Sad
/kaggle/working//train_aug_1781_1.wav	04Sad
/kaggle/working//train_aug_1781_2.wav	04Sad
/kaggle/working//train_aug_1781_3.wav	04Sad
/kaggle/working//train_aug_1782_0.wav	03Happy
/kaggle/working//train_aug_1782_1.wav	03Happy
/kaggle/working//train_aug_1782_2.wav	03Happy
/kaggle/working//train_aug_1782_3.wav	03Happy
/kaggle/working//train_aug_1783_0.wav	02Fearful
/kaggle/working//train_aug_1783_1.wav	02Fearful
/kaggle/working//train_aug_1783_2.wav	02Fearful
/kaggle/working//train_aug_1783_3.wav	02Fearful
/kaggle/working//train_aug_1784_0.wav	05Angry
/kaggle/working//train_aug_1784_1.wav	05Angry
/kaggle/working//train_aug_1784_2.wav	05Angry
/kaggle/working//train_aug_1784_3.wav	05Angry
/kaggle/working//train_aug_1785_0.wav	01Neutral
/kaggle/working//train_aug_1785_1.wav	01Neutral
/kaggle/working//train_aug_1785_2.wav	01Neutral
/kaggle/working//train_aug_1785_3.wav	01Neutral
/kaggle/working//train_aug_1786_0.wav	05Angry
/kaggle/working//train_aug_1786_1.wav	05Angry
/kaggle/working//train_aug_1786_2.wav	05Angry
/kaggle/working//train_aug_1786_3.wav	05Angry
/kaggle/working//train_aug_1787_0.wav	01Neutral
/kaggle/working//train_aug_1787_1.wav	01Neutral
/kaggle/working//train_aug_1787_2.wav	01Neutral
/kaggle/working//train_aug_1787_3.wav	01Neutral
/kaggle/working//train_aug_1788_0.wav	05Angry
/kaggle/working//train_aug_1788_1.wav	05Angry
/kaggle/working//train_aug_1788_2.wav	05Angry
/kaggle/working//train_aug_1788_3.wav	05Angry
/kaggle/working//train_aug_1789_0.wav	03Happy
/kaggle/working//train_aug_1789_1.wav	03Happy
/kaggle/working//train_aug_1789_2.wav	03Happy
/kaggle/working//train_aug_1789_3.wav	03Happy
/kaggle/working//train_aug_1790_0.wav	05Angry
/kaggle/working//train_aug_1790_1.wav	05Angry
/kaggle/working//train_aug_1790_2.wav	05Angry
/kaggle/working//train_aug_1790_3.wav	05Angry
/kaggle/working//train_aug_1791_0.wav	03Happy
/kaggle/working//train_aug_1791_1.wav	03Happy
/kaggle/working//train_aug_1791_2.wav	03Happy
/kaggle/working//train_aug_1791_3.wav	03Happy
/kaggle/working//train_aug_1792_0.wav	02Fearful
/kaggle/working//train_aug_1792_1.wav	02Fearful
/kaggle/working//train_aug_1792_2.wav	02Fearful
/kaggle/working//train_aug_1792_3.wav	02Fearful
/kaggle/working//train_aug_1793_0.wav	03Happy
/kaggle/working//train_aug_1793_1.wav	03Happy
/kaggle/working//train_aug_1793_2.wav	03Happy
/kaggle/working//train_aug_1793_3.wav	03Happy
/kaggle/working//train_aug_1794_0.wav	03Happy
/kaggle/working//train_aug_1794_1.wav	03Happy
/kaggle/working//train_aug_1794_2.wav	03Happy
/kaggle/working//train_aug_1794_3.wav	03Happy
/kaggle/working//train_aug_1795_0.wav	03Happy
/kaggle/working//train_aug_1795_1.wav	03Happy
/kaggle/working//train_aug_1795_2.wav	03Happy
/kaggle/working//train_aug_1795_3.wav	03Happy
/kaggle/working//train_aug_1796_0.wav	04Sad
/kaggle/working//train_aug_1796_1.wav	04Sad
/kaggle/working//train_aug_1796_2.wav	04Sad
/kaggle/working//train_aug_1796_3.wav	04Sad
/kaggle/working//train_aug_1797_0.wav	02Fearful
/kaggle/working//train_aug_1797_1.wav	02Fearful
/kaggle/working//train_aug_1797_2.wav	02Fearful
/kaggle/working//train_aug_1797_3.wav	02Fearful
/kaggle/working//train_aug_1798_0.wav	03Happy
/kaggle/working//train_aug_1798_1.wav	03Happy
/kaggle/working//train_aug_1798_2.wav	03Happy
/kaggle/working//train_aug_1798_3.wav	03Happy
/kaggle/working//train_aug_1799_0.wav	05Angry
/kaggle/working//train_aug_1799_1.wav	05Angry
/kaggle/working//train_aug_1799_2.wav	05Angry
/kaggle/working//train_aug_1799_3.wav	05Angry
/kaggle/working//train_aug_1800_0.wav	03Happy
/kaggle/working//train_aug_1800_1.wav	03Happy
/kaggle/working//train_aug_1800_2.wav	03Happy
/kaggle/working//train_aug_1800_3.wav	03Happy
/kaggle/working//train_aug_1801_0.wav	03Happy
/kaggle/working//train_aug_1801_1.wav	03Happy
/kaggle/working//train_aug_1801_2.wav	03Happy
/kaggle/working//train_aug_1801_3.wav	03Happy
/kaggle/working//train_aug_1802_0.wav	02Fearful
/kaggle/working//train_aug_1802_1.wav	02Fearful
/kaggle/working//train_aug_1802_2.wav	02Fearful
/kaggle/working//train_aug_1802_3.wav	02Fearful
/kaggle/working//train_aug_1803_0.wav	03Happy
/kaggle/working//train_aug_1803_1.wav	03Happy
/kaggle/working//train_aug_1803_2.wav	03Happy
/kaggle/working//train_aug_1803_3.wav	03Happy
/kaggle/working//train_aug_1804_0.wav	04Sad
/kaggle/working//train_aug_1804_1.wav	04Sad
/kaggle/working//train_aug_1804_2.wav	04Sad
/kaggle/working//train_aug_1804_3.wav	04Sad
/kaggle/working//train_aug_1805_0.wav	05Angry
/kaggle/working//train_aug_1805_1.wav	05Angry
/kaggle/working//train_aug_1805_2.wav	05Angry
/kaggle/working//train_aug_1805_3.wav	05Angry
/kaggle/working//train_aug_1806_0.wav	01Neutral
/kaggle/working//train_aug_1806_1.wav	01Neutral
/kaggle/working//train_aug_1806_2.wav	01Neutral
/kaggle/working//train_aug_1806_3.wav	01Neutral
/kaggle/working//train_aug_1807_0.wav	05Angry
/kaggle/working//train_aug_1807_1.wav	05Angry
/kaggle/working//train_aug_1807_2.wav	05Angry
/kaggle/working//train_aug_1807_3.wav	05Angry
/kaggle/working//train_aug_1808_0.wav	01Neutral
/kaggle/working//train_aug_1808_1.wav	01Neutral
/kaggle/working//train_aug_1808_2.wav	01Neutral
/kaggle/working//train_aug_1808_3.wav	01Neutral
/kaggle/working//train_aug_1809_0.wav	03Happy
/kaggle/working//train_aug_1809_1.wav	03Happy
/kaggle/working//train_aug_1809_2.wav	03Happy
/kaggle/working//train_aug_1809_3.wav	03Happy
/kaggle/working//train_aug_1810_0.wav	02Fearful
/kaggle/working//train_aug_1810_1.wav	02Fearful
/kaggle/working//train_aug_1810_2.wav	02Fearful
/kaggle/working//train_aug_1810_3.wav	02Fearful
/kaggle/working//train_aug_1811_0.wav	05Angry
/kaggle/working//train_aug_1811_1.wav	05Angry
/kaggle/working//train_aug_1811_2.wav	05Angry
/kaggle/working//train_aug_1811_3.wav	05Angry
/kaggle/working//train_aug_1812_0.wav	01Neutral
/kaggle/working//train_aug_1812_1.wav	01Neutral
/kaggle/working//train_aug_1812_2.wav	01Neutral
/kaggle/working//train_aug_1812_3.wav	01Neutral
/kaggle/working//train_aug_1813_0.wav	01Neutral
/kaggle/working//train_aug_1813_1.wav	01Neutral
/kaggle/working//train_aug_1813_2.wav	01Neutral
/kaggle/working//train_aug_1813_3.wav	01Neutral
/kaggle/working//train_aug_1814_0.wav	04Sad
/kaggle/working//train_aug_1814_1.wav	04Sad
/kaggle/working//train_aug_1814_2.wav	04Sad
/kaggle/working//train_aug_1814_3.wav	04Sad
/kaggle/working//train_aug_1815_0.wav	02Fearful
/kaggle/working//train_aug_1815_1.wav	02Fearful
/kaggle/working//train_aug_1815_2.wav	02Fearful
/kaggle/working//train_aug_1815_3.wav	02Fearful
/kaggle/working//train_aug_1816_0.wav	01Neutral
/kaggle/working//train_aug_1816_1.wav	01Neutral
/kaggle/working//train_aug_1816_2.wav	01Neutral
/kaggle/working//train_aug_1816_3.wav	01Neutral
/kaggle/working//train_aug_1817_0.wav	02Fearful
/kaggle/working//train_aug_1817_1.wav	02Fearful
/kaggle/working//train_aug_1817_2.wav	02Fearful
/kaggle/working//train_aug_1817_3.wav	02Fearful
/kaggle/working//train_aug_1818_0.wav	04Sad
/kaggle/working//train_aug_1818_1.wav	04Sad
/kaggle/working//train_aug_1818_2.wav	04Sad
/kaggle/working//train_aug_1818_3.wav	04Sad
/kaggle/working//train_aug_1819_0.wav	01Neutral
/kaggle/working//train_aug_1819_1.wav	01Neutral
/kaggle/working//train_aug_1819_2.wav	01Neutral
/kaggle/working//train_aug_1819_3.wav	01Neutral
/kaggle/working//train_aug_1820_0.wav	05Angry
/kaggle/working//train_aug_1820_1.wav	05Angry
/kaggle/working//train_aug_1820_2.wav	05Angry
/kaggle/working//train_aug_1820_3.wav	05Angry
/kaggle/working//train_aug_1821_0.wav	05Angry
/kaggle/working//train_aug_1821_1.wav	05Angry
/kaggle/working//train_aug_1821_2.wav	05Angry
/kaggle/working//train_aug_1821_3.wav	05Angry
/kaggle/working//train_aug_1822_0.wav	04Sad
/kaggle/working//train_aug_1822_1.wav	04Sad
/kaggle/working//train_aug_1822_2.wav	04Sad
/kaggle/working//train_aug_1822_3.wav	04Sad
/kaggle/working//train_aug_1823_0.wav	05Angry
/kaggle/working//train_aug_1823_1.wav	05Angry
/kaggle/working//train_aug_1823_2.wav	05Angry
/kaggle/working//train_aug_1823_3.wav	05Angry
/kaggle/working//train_aug_1824_0.wav	03Happy
/kaggle/working//train_aug_1824_1.wav	03Happy
/kaggle/working//train_aug_1824_2.wav	03Happy
/kaggle/working//train_aug_1824_3.wav	03Happy
/kaggle/working//train_aug_1825_0.wav	01Neutral
/kaggle/working//train_aug_1825_1.wav	01Neutral
/kaggle/working//train_aug_1825_2.wav	01Neutral
/kaggle/working//train_aug_1825_3.wav	01Neutral
/kaggle/working//train_aug_1826_0.wav	03Happy
/kaggle/working//train_aug_1826_1.wav	03Happy
/kaggle/working//train_aug_1826_2.wav	03Happy
/kaggle/working//train_aug_1826_3.wav	03Happy
/kaggle/working//train_aug_1827_0.wav	02Fearful
/kaggle/working//train_aug_1827_1.wav	02Fearful
/kaggle/working//train_aug_1827_2.wav	02Fearful
/kaggle/working//train_aug_1827_3.wav	02Fearful
/kaggle/working//train_aug_1828_0.wav	05Angry
/kaggle/working//train_aug_1828_1.wav	05Angry
/kaggle/working//train_aug_1828_2.wav	05Angry
/kaggle/working//train_aug_1828_3.wav	05Angry
/kaggle/working//train_aug_1829_0.wav	04Sad
/kaggle/working//train_aug_1829_1.wav	04Sad
/kaggle/working//train_aug_1829_2.wav	04Sad
/kaggle/working//train_aug_1829_3.wav	04Sad
/kaggle/working//train_aug_1830_0.wav	01Neutral
/kaggle/working//train_aug_1830_1.wav	01Neutral
/kaggle/working//train_aug_1830_2.wav	01Neutral
/kaggle/working//train_aug_1830_3.wav	01Neutral
/kaggle/working//train_aug_1831_0.wav	05Angry
/kaggle/working//train_aug_1831_1.wav	05Angry
/kaggle/working//train_aug_1831_2.wav	05Angry
/kaggle/working//train_aug_1831_3.wav	05Angry
/kaggle/working//train_aug_1832_0.wav	04Sad
/kaggle/working//train_aug_1832_1.wav	04Sad
/kaggle/working//train_aug_1832_2.wav	04Sad
/kaggle/working//train_aug_1832_3.wav	04Sad
/kaggle/working//train_aug_1833_0.wav	03Happy
/kaggle/working//train_aug_1833_1.wav	03Happy
/kaggle/working//train_aug_1833_2.wav	03Happy
/kaggle/working//train_aug_1833_3.wav	03Happy
/kaggle/working//train_aug_1834_0.wav	03Happy
/kaggle/working//train_aug_1834_1.wav	03Happy
/kaggle/working//train_aug_1834_2.wav	03Happy
/kaggle/working//train_aug_1834_3.wav	03Happy
/kaggle/working//train_aug_1835_0.wav	03Happy
/kaggle/working//train_aug_1835_1.wav	03Happy
/kaggle/working//train_aug_1835_2.wav	03Happy
/kaggle/working//train_aug_1835_3.wav	03Happy
/kaggle/working//train_aug_1836_0.wav	01Neutral
/kaggle/working//train_aug_1836_1.wav	01Neutral
/kaggle/working//train_aug_1836_2.wav	01Neutral
/kaggle/working//train_aug_1836_3.wav	01Neutral
/kaggle/working//train_aug_1837_0.wav	04Sad
/kaggle/working//train_aug_1837_1.wav	04Sad
/kaggle/working//train_aug_1837_2.wav	04Sad
/kaggle/working//train_aug_1837_3.wav	04Sad
/kaggle/working//train_aug_1838_0.wav	05Angry
/kaggle/working//train_aug_1838_1.wav	05Angry
/kaggle/working//train_aug_1838_2.wav	05Angry
/kaggle/working//train_aug_1838_3.wav	05Angry
/kaggle/working//train_aug_1839_0.wav	04Sad
/kaggle/working//train_aug_1839_1.wav	04Sad
/kaggle/working//train_aug_1839_2.wav	04Sad
/kaggle/working//train_aug_1839_3.wav	04Sad
/kaggle/working//train_aug_1840_0.wav	03Happy
/kaggle/working//train_aug_1840_1.wav	03Happy
/kaggle/working//train_aug_1840_2.wav	03Happy
/kaggle/working//train_aug_1840_3.wav	03Happy
/kaggle/working//train_aug_1841_0.wav	05Angry
/kaggle/working//train_aug_1841_1.wav	05Angry
/kaggle/working//train_aug_1841_2.wav	05Angry
/kaggle/working//train_aug_1841_3.wav	05Angry
/kaggle/working//train_aug_1842_0.wav	04Sad
/kaggle/working//train_aug_1842_1.wav	04Sad
/kaggle/working//train_aug_1842_2.wav	04Sad
/kaggle/working//train_aug_1842_3.wav	04Sad
/kaggle/working//train_aug_1843_0.wav	02Fearful
/kaggle/working//train_aug_1843_1.wav	02Fearful
/kaggle/working//train_aug_1843_2.wav	02Fearful
/kaggle/working//train_aug_1843_3.wav	02Fearful
/kaggle/working//train_aug_1844_0.wav	02Fearful
/kaggle/working//train_aug_1844_1.wav	02Fearful
/kaggle/working//train_aug_1844_2.wav	02Fearful
/kaggle/working//train_aug_1844_3.wav	02Fearful
/kaggle/working//train_aug_1845_0.wav	01Neutral
/kaggle/working//train_aug_1845_1.wav	01Neutral
/kaggle/working//train_aug_1845_2.wav	01Neutral
/kaggle/working//train_aug_1845_3.wav	01Neutral
/kaggle/working//train_aug_1846_0.wav	05Angry
/kaggle/working//train_aug_1846_1.wav	05Angry
/kaggle/working//train_aug_1846_2.wav	05Angry
/kaggle/working//train_aug_1846_3.wav	05Angry
/kaggle/working//train_aug_1847_0.wav	04Sad
/kaggle/working//train_aug_1847_1.wav	04Sad
/kaggle/working//train_aug_1847_2.wav	04Sad
/kaggle/working//train_aug_1847_3.wav	04Sad
/kaggle/working//train_aug_1848_0.wav	01Neutral
/kaggle/working//train_aug_1848_1.wav	01Neutral
/kaggle/working//train_aug_1848_2.wav	01Neutral
/kaggle/working//train_aug_1848_3.wav	01Neutral
/kaggle/working//train_aug_1849_0.wav	02Fearful
/kaggle/working//train_aug_1849_1.wav	02Fearful
/kaggle/working//train_aug_1849_2.wav	02Fearful
/kaggle/working//train_aug_1849_3.wav	02Fearful
/kaggle/working//train_aug_1850_0.wav	01Neutral
/kaggle/working//train_aug_1850_1.wav	01Neutral
/kaggle/working//train_aug_1850_2.wav	01Neutral
/kaggle/working//train_aug_1850_3.wav	01Neutral
/kaggle/working//train_aug_1851_0.wav	03Happy
/kaggle/working//train_aug_1851_1.wav	03Happy
/kaggle/working//train_aug_1851_2.wav	03Happy
/kaggle/working//train_aug_1851_3.wav	03Happy
/kaggle/working//train_aug_1852_0.wav	04Sad
/kaggle/working//train_aug_1852_1.wav	04Sad
/kaggle/working//train_aug_1852_2.wav	04Sad
/kaggle/working//train_aug_1852_3.wav	04Sad
/kaggle/working//train_aug_1853_0.wav	05Angry
/kaggle/working//train_aug_1853_1.wav	05Angry
/kaggle/working//train_aug_1853_2.wav	05Angry
/kaggle/working//train_aug_1853_3.wav	05Angry
/kaggle/working//train_aug_1854_0.wav	01Neutral
/kaggle/working//train_aug_1854_1.wav	01Neutral
/kaggle/working//train_aug_1854_2.wav	01Neutral
/kaggle/working//train_aug_1854_3.wav	01Neutral
/kaggle/working//train_aug_1855_0.wav	05Angry
/kaggle/working//train_aug_1855_1.wav	05Angry
/kaggle/working//train_aug_1855_2.wav	05Angry
/kaggle/working//train_aug_1855_3.wav	05Angry
/kaggle/working//train_aug_1856_0.wav	04Sad
/kaggle/working//train_aug_1856_1.wav	04Sad
/kaggle/working//train_aug_1856_2.wav	04Sad
/kaggle/working//train_aug_1856_3.wav	04Sad
/kaggle/working//train_aug_1857_0.wav	01Neutral
/kaggle/working//train_aug_1857_1.wav	01Neutral
/kaggle/working//train_aug_1857_2.wav	01Neutral
/kaggle/working//train_aug_1857_3.wav	01Neutral
/kaggle/working//train_aug_1858_0.wav	05Angry
/kaggle/working//train_aug_1858_1.wav	05Angry
/kaggle/working//train_aug_1858_2.wav	05Angry
/kaggle/working//train_aug_1858_3.wav	05Angry
/kaggle/working//train_aug_1859_0.wav	04Sad
/kaggle/working//train_aug_1859_1.wav	04Sad
/kaggle/working//train_aug_1859_2.wav	04Sad
/kaggle/working//train_aug_1859_3.wav	04Sad
/kaggle/working//train_aug_1860_0.wav	03Happy
/kaggle/working//train_aug_1860_1.wav	03Happy
/kaggle/working//train_aug_1860_2.wav	03Happy
/kaggle/working//train_aug_1860_3.wav	03Happy
/kaggle/working//train_aug_1861_0.wav	05Angry
/kaggle/working//train_aug_1861_1.wav	05Angry
/kaggle/working//train_aug_1861_2.wav	05Angry
/kaggle/working//train_aug_1861_3.wav	05Angry
/kaggle/working//train_aug_1862_0.wav	04Sad
/kaggle/working//train_aug_1862_1.wav	04Sad
/kaggle/working//train_aug_1862_2.wav	04Sad
/kaggle/working//train_aug_1862_3.wav	04Sad
/kaggle/working//train_aug_1863_0.wav	05Angry
/kaggle/working//train_aug_1863_1.wav	05Angry
/kaggle/working//train_aug_1863_2.wav	05Angry
/kaggle/working//train_aug_1863_3.wav	05Angry
/kaggle/working//train_aug_1864_0.wav	03Happy
/kaggle/working//train_aug_1864_1.wav	03Happy
/kaggle/working//train_aug_1864_2.wav	03Happy
/kaggle/working//train_aug_1864_3.wav	03Happy
/kaggle/working//train_aug_1865_0.wav	02Fearful
/kaggle/working//train_aug_1865_1.wav	02Fearful
/kaggle/working//train_aug_1865_2.wav	02Fearful
/kaggle/working//train_aug_1865_3.wav	02Fearful
/kaggle/working//train_aug_1866_0.wav	05Angry
/kaggle/working//train_aug_1866_1.wav	05Angry
/kaggle/working//train_aug_1866_2.wav	05Angry
/kaggle/working//train_aug_1866_3.wav	05Angry
/kaggle/working//train_aug_1867_0.wav	02Fearful
/kaggle/working//train_aug_1867_1.wav	02Fearful
/kaggle/working//train_aug_1867_2.wav	02Fearful
/kaggle/working//train_aug_1867_3.wav	02Fearful
/kaggle/working//train_aug_1868_0.wav	03Happy
/kaggle/working//train_aug_1868_1.wav	03Happy
/kaggle/working//train_aug_1868_2.wav	03Happy
/kaggle/working//train_aug_1868_3.wav	03Happy
/kaggle/working//train_aug_1869_0.wav	02Fearful
/kaggle/working//train_aug_1869_1.wav	02Fearful
/kaggle/working//train_aug_1869_2.wav	02Fearful
/kaggle/working//train_aug_1869_3.wav	02Fearful
/kaggle/working//train_aug_1870_0.wav	05Angry
/kaggle/working//train_aug_1870_1.wav	05Angry
/kaggle/working//train_aug_1870_2.wav	05Angry
/kaggle/working//train_aug_1870_3.wav	05Angry
/kaggle/working//train_aug_1871_0.wav	01Neutral
/kaggle/working//train_aug_1871_1.wav	01Neutral
/kaggle/working//train_aug_1871_2.wav	01Neutral
/kaggle/working//train_aug_1871_3.wav	01Neutral
/kaggle/working//train_aug_1872_0.wav	01Neutral
/kaggle/working//train_aug_1872_1.wav	01Neutral
/kaggle/working//train_aug_1872_2.wav	01Neutral
/kaggle/working//train_aug_1872_3.wav	01Neutral
/kaggle/working//train_aug_1873_0.wav	04Sad
/kaggle/working//train_aug_1873_1.wav	04Sad
/kaggle/working//train_aug_1873_2.wav	04Sad
/kaggle/working//train_aug_1873_3.wav	04Sad
/kaggle/working//train_aug_1874_0.wav	02Fearful
/kaggle/working//train_aug_1874_1.wav	02Fearful
/kaggle/working//train_aug_1874_2.wav	02Fearful
/kaggle/working//train_aug_1874_3.wav	02Fearful
/kaggle/working//train_aug_1875_0.wav	01Neutral
/kaggle/working//train_aug_1875_1.wav	01Neutral
/kaggle/working//train_aug_1875_2.wav	01Neutral
/kaggle/working//train_aug_1875_3.wav	01Neutral
/kaggle/working//train_aug_1876_0.wav	05Angry
/kaggle/working//train_aug_1876_1.wav	05Angry
/kaggle/working//train_aug_1876_2.wav	05Angry
/kaggle/working//train_aug_1876_3.wav	05Angry
/kaggle/working//train_aug_1877_0.wav	02Fearful
/kaggle/working//train_aug_1877_1.wav	02Fearful
/kaggle/working//train_aug_1877_2.wav	02Fearful
/kaggle/working//train_aug_1877_3.wav	02Fearful
/kaggle/working//train_aug_1878_0.wav	05Angry
/kaggle/working//train_aug_1878_1.wav	05Angry
/kaggle/working//train_aug_1878_2.wav	05Angry
/kaggle/working//train_aug_1878_3.wav	05Angry
/kaggle/working//train_aug_1879_0.wav	05Angry
/kaggle/working//train_aug_1879_1.wav	05Angry
/kaggle/working//train_aug_1879_2.wav	05Angry
/kaggle/working//train_aug_1879_3.wav	05Angry
/kaggle/working//train_aug_1880_0.wav	02Fearful
/kaggle/working//train_aug_1880_1.wav	02Fearful
/kaggle/working//train_aug_1880_2.wav	02Fearful
/kaggle/working//train_aug_1880_3.wav	02Fearful
/kaggle/working//train_aug_1881_0.wav	02Fearful
/kaggle/working//train_aug_1881_1.wav	02Fearful
/kaggle/working//train_aug_1881_2.wav	02Fearful
/kaggle/working//train_aug_1881_3.wav	02Fearful
/kaggle/working//train_aug_1882_0.wav	04Sad
/kaggle/working//train_aug_1882_1.wav	04Sad
/kaggle/working//train_aug_1882_2.wav	04Sad
/kaggle/working//train_aug_1882_3.wav	04Sad
/kaggle/working//train_aug_1883_0.wav	04Sad
/kaggle/working//train_aug_1883_1.wav	04Sad
/kaggle/working//train_aug_1883_2.wav	04Sad
/kaggle/working//train_aug_1883_3.wav	04Sad
/kaggle/working//train_aug_1884_0.wav	02Fearful
/kaggle/working//train_aug_1884_1.wav	02Fearful
/kaggle/working//train_aug_1884_2.wav	02Fearful
/kaggle/working//train_aug_1884_3.wav	02Fearful
/kaggle/working//train_aug_1885_0.wav	02Fearful
/kaggle/working//train_aug_1885_1.wav	02Fearful
/kaggle/working//train_aug_1885_2.wav	02Fearful
/kaggle/working//train_aug_1885_3.wav	02Fearful
/kaggle/working//train_aug_1886_0.wav	03Happy
/kaggle/working//train_aug_1886_1.wav	03Happy
/kaggle/working//train_aug_1886_2.wav	03Happy
/kaggle/working//train_aug_1886_3.wav	03Happy
/kaggle/working//train_aug_1887_0.wav	03Happy
/kaggle/working//train_aug_1887_1.wav	03Happy
/kaggle/working//train_aug_1887_2.wav	03Happy
/kaggle/working//train_aug_1887_3.wav	03Happy
/kaggle/working//train_aug_1888_0.wav	02Fearful
/kaggle/working//train_aug_1888_1.wav	02Fearful
/kaggle/working//train_aug_1888_2.wav	02Fearful
/kaggle/working//train_aug_1888_3.wav	02Fearful
/kaggle/working//train_aug_1889_0.wav	05Angry
/kaggle/working//train_aug_1889_1.wav	05Angry
/kaggle/working//train_aug_1889_2.wav	05Angry
/kaggle/working//train_aug_1889_3.wav	05Angry
/kaggle/working//train_aug_1890_0.wav	02Fearful
/kaggle/working//train_aug_1890_1.wav	02Fearful
/kaggle/working//train_aug_1890_2.wav	02Fearful
/kaggle/working//train_aug_1890_3.wav	02Fearful
/kaggle/working//train_aug_1891_0.wav	03Happy
/kaggle/working//train_aug_1891_1.wav	03Happy
/kaggle/working//train_aug_1891_2.wav	03Happy
/kaggle/working//train_aug_1891_3.wav	03Happy
/kaggle/working//train_aug_1892_0.wav	01Neutral
/kaggle/working//train_aug_1892_1.wav	01Neutral
/kaggle/working//train_aug_1892_2.wav	01Neutral
/kaggle/working//train_aug_1892_3.wav	01Neutral
/kaggle/working//train_aug_1893_0.wav	03Happy
/kaggle/working//train_aug_1893_1.wav	03Happy
/kaggle/working//train_aug_1893_2.wav	03Happy
/kaggle/working//train_aug_1893_3.wav	03Happy
/kaggle/working//train_aug_1894_0.wav	05Angry
/kaggle/working//train_aug_1894_1.wav	05Angry
/kaggle/working//train_aug_1894_2.wav	05Angry
/kaggle/working//train_aug_1894_3.wav	05Angry
/kaggle/working//train_aug_1895_0.wav	01Neutral
/kaggle/working//train_aug_1895_1.wav	01Neutral
/kaggle/working//train_aug_1895_2.wav	01Neutral
/kaggle/working//train_aug_1895_3.wav	01Neutral
/kaggle/working//train_aug_1896_0.wav	05Angry
/kaggle/working//train_aug_1896_1.wav	05Angry
/kaggle/working//train_aug_1896_2.wav	05Angry
/kaggle/working//train_aug_1896_3.wav	05Angry
/kaggle/working//train_aug_1897_0.wav	01Neutral
/kaggle/working//train_aug_1897_1.wav	01Neutral
/kaggle/working//train_aug_1897_2.wav	01Neutral
/kaggle/working//train_aug_1897_3.wav	01Neutral
/kaggle/working//train_aug_1898_0.wav	01Neutral
/kaggle/working//train_aug_1898_1.wav	01Neutral
/kaggle/working//train_aug_1898_2.wav	01Neutral
/kaggle/working//train_aug_1898_3.wav	01Neutral
/kaggle/working//train_aug_1899_0.wav	04Sad
/kaggle/working//train_aug_1899_1.wav	04Sad
/kaggle/working//train_aug_1899_2.wav	04Sad
/kaggle/working//train_aug_1899_3.wav	04Sad
/kaggle/working//train_aug_1900_0.wav	05Angry
/kaggle/working//train_aug_1900_1.wav	05Angry
/kaggle/working//train_aug_1900_2.wav	05Angry
/kaggle/working//train_aug_1900_3.wav	05Angry
/kaggle/working//train_aug_1901_0.wav	04Sad
/kaggle/working//train_aug_1901_1.wav	04Sad
/kaggle/working//train_aug_1901_2.wav	04Sad
/kaggle/working//train_aug_1901_3.wav	04Sad
/kaggle/working//train_aug_1902_0.wav	02Fearful
/kaggle/working//train_aug_1902_1.wav	02Fearful
/kaggle/working//train_aug_1902_2.wav	02Fearful
/kaggle/working//train_aug_1902_3.wav	02Fearful
/kaggle/working//train_aug_1903_0.wav	03Happy
/kaggle/working//train_aug_1903_1.wav	03Happy
/kaggle/working//train_aug_1903_2.wav	03Happy
/kaggle/working//train_aug_1903_3.wav	03Happy
/kaggle/working//train_aug_1904_0.wav	02Fearful
/kaggle/working//train_aug_1904_1.wav	02Fearful
/kaggle/working//train_aug_1904_2.wav	02Fearful
/kaggle/working//train_aug_1904_3.wav	02Fearful
/kaggle/working//train_aug_1905_0.wav	01Neutral
/kaggle/working//train_aug_1905_1.wav	01Neutral
/kaggle/working//train_aug_1905_2.wav	01Neutral
/kaggle/working//train_aug_1905_3.wav	01Neutral
/kaggle/working//train_aug_1906_0.wav	04Sad
/kaggle/working//train_aug_1906_1.wav	04Sad
/kaggle/working//train_aug_1906_2.wav	04Sad
/kaggle/working//train_aug_1906_3.wav	04Sad
/kaggle/working//train_aug_1907_0.wav	01Neutral
/kaggle/working//train_aug_1907_1.wav	01Neutral
/kaggle/working//train_aug_1907_2.wav	01Neutral
/kaggle/working//train_aug_1907_3.wav	01Neutral
/kaggle/working//train_aug_1908_0.wav	04Sad
/kaggle/working//train_aug_1908_1.wav	04Sad
/kaggle/working//train_aug_1908_2.wav	04Sad
/kaggle/working//train_aug_1908_3.wav	04Sad
/kaggle/working//train_aug_1909_0.wav	05Angry
/kaggle/working//train_aug_1909_1.wav	05Angry
/kaggle/working//train_aug_1909_2.wav	05Angry
/kaggle/working//train_aug_1909_3.wav	05Angry
/kaggle/working//train_aug_1910_0.wav	02Fearful
/kaggle/working//train_aug_1910_1.wav	02Fearful
/kaggle/working//train_aug_1910_2.wav	02Fearful
/kaggle/working//train_aug_1910_3.wav	02Fearful
/kaggle/working//train_aug_1911_0.wav	03Happy
/kaggle/working//train_aug_1911_1.wav	03Happy
/kaggle/working//train_aug_1911_2.wav	03Happy
/kaggle/working//train_aug_1911_3.wav	03Happy
/kaggle/working//train_aug_1912_0.wav	05Angry
/kaggle/working//train_aug_1912_1.wav	05Angry
/kaggle/working//train_aug_1912_2.wav	05Angry
/kaggle/working//train_aug_1912_3.wav	05Angry
/kaggle/working//train_aug_1913_0.wav	04Sad
/kaggle/working//train_aug_1913_1.wav	04Sad
/kaggle/working//train_aug_1913_2.wav	04Sad
/kaggle/working//train_aug_1913_3.wav	04Sad
/kaggle/working//train_aug_1914_0.wav	02Fearful
/kaggle/working//train_aug_1914_1.wav	02Fearful
/kaggle/working//train_aug_1914_2.wav	02Fearful
/kaggle/working//train_aug_1914_3.wav	02Fearful
/kaggle/working//train_aug_1915_0.wav	03Happy
/kaggle/working//train_aug_1915_1.wav	03Happy
/kaggle/working//train_aug_1915_2.wav	03Happy
/kaggle/working//train_aug_1915_3.wav	03Happy
/kaggle/working//train_aug_1916_0.wav	03Happy
/kaggle/working//train_aug_1916_1.wav	03Happy
/kaggle/working//train_aug_1916_2.wav	03Happy
/kaggle/working//train_aug_1916_3.wav	03Happy
/kaggle/working//train_aug_1917_0.wav	01Neutral
/kaggle/working//train_aug_1917_1.wav	01Neutral
/kaggle/working//train_aug_1917_2.wav	01Neutral
/kaggle/working//train_aug_1917_3.wav	01Neutral
/kaggle/working//train_aug_1918_0.wav	02Fearful
/kaggle/working//train_aug_1918_1.wav	02Fearful
/kaggle/working//train_aug_1918_2.wav	02Fearful
/kaggle/working//train_aug_1918_3.wav	02Fearful
/kaggle/working//train_aug_1919_0.wav	02Fearful
/kaggle/working//train_aug_1919_1.wav	02Fearful
/kaggle/working//train_aug_1919_2.wav	02Fearful
/kaggle/working//train_aug_1919_3.wav	02Fearful
/kaggle/working//train_aug_1920_0.wav	02Fearful
/kaggle/working//train_aug_1920_1.wav	02Fearful
/kaggle/working//train_aug_1920_2.wav	02Fearful
/kaggle/working//train_aug_1920_3.wav	02Fearful
/kaggle/working//train_aug_1921_0.wav	02Fearful
/kaggle/working//train_aug_1921_1.wav	02Fearful
/kaggle/working//train_aug_1921_2.wav	02Fearful
/kaggle/working//train_aug_1921_3.wav	02Fearful
/kaggle/working//train_aug_1922_0.wav	01Neutral
/kaggle/working//train_aug_1922_1.wav	01Neutral
/kaggle/working//train_aug_1922_2.wav	01Neutral
/kaggle/working//train_aug_1922_3.wav	01Neutral
/kaggle/working//train_aug_1923_0.wav	01Neutral
/kaggle/working//train_aug_1923_1.wav	01Neutral
/kaggle/working//train_aug_1923_2.wav	01Neutral
/kaggle/working//train_aug_1923_3.wav	01Neutral
/kaggle/working//train_aug_1924_0.wav	03Happy
/kaggle/working//train_aug_1924_1.wav	03Happy
/kaggle/working//train_aug_1924_2.wav	03Happy
/kaggle/working//train_aug_1924_3.wav	03Happy
/kaggle/working//train_aug_1925_0.wav	04Sad
/kaggle/working//train_aug_1925_1.wav	04Sad
/kaggle/working//train_aug_1925_2.wav	04Sad
/kaggle/working//train_aug_1925_3.wav	04Sad
/kaggle/working//train_aug_1926_0.wav	01Neutral
/kaggle/working//train_aug_1926_1.wav	01Neutral
/kaggle/working//train_aug_1926_2.wav	01Neutral
/kaggle/working//train_aug_1926_3.wav	01Neutral
/kaggle/working//train_aug_1927_0.wav	04Sad
/kaggle/working//train_aug_1927_1.wav	04Sad
/kaggle/working//train_aug_1927_2.wav	04Sad
/kaggle/working//train_aug_1927_3.wav	04Sad
/kaggle/working//train_aug_1928_0.wav	05Angry
/kaggle/working//train_aug_1928_1.wav	05Angry
/kaggle/working//train_aug_1928_2.wav	05Angry
/kaggle/working//train_aug_1928_3.wav	05Angry
/kaggle/working//train_aug_1929_0.wav	02Fearful
/kaggle/working//train_aug_1929_1.wav	02Fearful
/kaggle/working//train_aug_1929_2.wav	02Fearful
/kaggle/working//train_aug_1929_3.wav	02Fearful
/kaggle/working//train_aug_1930_0.wav	04Sad
/kaggle/working//train_aug_1930_1.wav	04Sad
/kaggle/working//train_aug_1930_2.wav	04Sad
/kaggle/working//train_aug_1930_3.wav	04Sad
/kaggle/working//train_aug_1931_0.wav	04Sad
/kaggle/working//train_aug_1931_1.wav	04Sad
/kaggle/working//train_aug_1931_2.wav	04Sad
/kaggle/working//train_aug_1931_3.wav	04Sad
/kaggle/working//train_aug_1932_0.wav	05Angry
/kaggle/working//train_aug_1932_1.wav	05Angry
/kaggle/working//train_aug_1932_2.wav	05Angry
/kaggle/working//train_aug_1932_3.wav	05Angry
/kaggle/working//train_aug_1933_0.wav	02Fearful
/kaggle/working//train_aug_1933_1.wav	02Fearful
/kaggle/working//train_aug_1933_2.wav	02Fearful
/kaggle/working//train_aug_1933_3.wav	02Fearful
/kaggle/working//train_aug_1934_0.wav	04Sad
/kaggle/working//train_aug_1934_1.wav	04Sad
/kaggle/working//train_aug_1934_2.wav	04Sad
/kaggle/working//train_aug_1934_3.wav	04Sad
/kaggle/working//train_aug_1935_0.wav	01Neutral
/kaggle/working//train_aug_1935_1.wav	01Neutral
/kaggle/working//train_aug_1935_2.wav	01Neutral
/kaggle/working//train_aug_1935_3.wav	01Neutral
/kaggle/working//train_aug_1936_0.wav	05Angry
/kaggle/working//train_aug_1936_1.wav	05Angry
/kaggle/working//train_aug_1936_2.wav	05Angry
/kaggle/working//train_aug_1936_3.wav	05Angry
/kaggle/working//train_aug_1937_0.wav	04Sad
/kaggle/working//train_aug_1937_1.wav	04Sad
/kaggle/working//train_aug_1937_2.wav	04Sad
/kaggle/working//train_aug_1937_3.wav	04Sad
/kaggle/working//train_aug_1938_0.wav	01Neutral
/kaggle/working//train_aug_1938_1.wav	01Neutral
/kaggle/working//train_aug_1938_2.wav	01Neutral
/kaggle/working//train_aug_1938_3.wav	01Neutral
/kaggle/working//train_aug_1939_0.wav	05Angry
/kaggle/working//train_aug_1939_1.wav	05Angry
/kaggle/working//train_aug_1939_2.wav	05Angry
/kaggle/working//train_aug_1939_3.wav	05Angry
/kaggle/working//train_aug_1940_0.wav	04Sad
/kaggle/working//train_aug_1940_1.wav	04Sad
/kaggle/working//train_aug_1940_2.wav	04Sad
/kaggle/working//train_aug_1940_3.wav	04Sad
/kaggle/working//train_aug_1941_0.wav	02Fearful
/kaggle/working//train_aug_1941_1.wav	02Fearful
/kaggle/working//train_aug_1941_2.wav	02Fearful
/kaggle/working//train_aug_1941_3.wav	02Fearful
/kaggle/working//train_aug_1942_0.wav	02Fearful
/kaggle/working//train_aug_1942_1.wav	02Fearful
/kaggle/working//train_aug_1942_2.wav	02Fearful
/kaggle/working//train_aug_1942_3.wav	02Fearful
/kaggle/working//train_aug_1943_0.wav	03Happy
/kaggle/working//train_aug_1943_1.wav	03Happy
/kaggle/working//train_aug_1943_2.wav	03Happy
/kaggle/working//train_aug_1943_3.wav	03Happy
/kaggle/working//train_aug_1944_0.wav	02Fearful
/kaggle/working//train_aug_1944_1.wav	02Fearful
/kaggle/working//train_aug_1944_2.wav	02Fearful
/kaggle/working//train_aug_1944_3.wav	02Fearful
/kaggle/working//train_aug_1945_0.wav	03Happy
/kaggle/working//train_aug_1945_1.wav	03Happy
/kaggle/working//train_aug_1945_2.wav	03Happy
/kaggle/working//train_aug_1945_3.wav	03Happy
/kaggle/working//train_aug_1946_0.wav	05Angry
/kaggle/working//train_aug_1946_1.wav	05Angry
/kaggle/working//train_aug_1946_2.wav	05Angry
/kaggle/working//train_aug_1946_3.wav	05Angry
/kaggle/working//train_aug_1947_0.wav	01Neutral
/kaggle/working//train_aug_1947_1.wav	01Neutral
/kaggle/working//train_aug_1947_2.wav	01Neutral
/kaggle/working//train_aug_1947_3.wav	01Neutral
/kaggle/working//train_aug_1948_0.wav	04Sad
/kaggle/working//train_aug_1948_1.wav	04Sad
/kaggle/working//train_aug_1948_2.wav	04Sad
/kaggle/working//train_aug_1948_3.wav	04Sad
/kaggle/working//train_aug_1949_0.wav	01Neutral
/kaggle/working//train_aug_1949_1.wav	01Neutral
/kaggle/working//train_aug_1949_2.wav	01Neutral
/kaggle/working//train_aug_1949_3.wav	01Neutral
/kaggle/working//train_aug_1950_0.wav	01Neutral
/kaggle/working//train_aug_1950_1.wav	01Neutral
/kaggle/working//train_aug_1950_2.wav	01Neutral
/kaggle/working//train_aug_1950_3.wav	01Neutral
/kaggle/working//train_aug_1951_0.wav	05Angry
/kaggle/working//train_aug_1951_1.wav	05Angry
/kaggle/working//train_aug_1951_2.wav	05Angry
/kaggle/working//train_aug_1951_3.wav	05Angry
/kaggle/working//train_aug_1952_0.wav	03Happy
/kaggle/working//train_aug_1952_1.wav	03Happy
/kaggle/working//train_aug_1952_2.wav	03Happy
/kaggle/working//train_aug_1952_3.wav	03Happy
/kaggle/working//train_aug_1953_0.wav	01Neutral
/kaggle/working//train_aug_1953_1.wav	01Neutral
/kaggle/working//train_aug_1953_2.wav	01Neutral
/kaggle/working//train_aug_1953_3.wav	01Neutral
/kaggle/working//train_aug_1954_0.wav	04Sad
/kaggle/working//train_aug_1954_1.wav	04Sad
/kaggle/working//train_aug_1954_2.wav	04Sad
/kaggle/working//train_aug_1954_3.wav	04Sad
/kaggle/working//train_aug_1955_0.wav	05Angry
/kaggle/working//train_aug_1955_1.wav	05Angry
/kaggle/working//train_aug_1955_2.wav	05Angry
/kaggle/working//train_aug_1955_3.wav	05Angry
/kaggle/working//train_aug_1956_0.wav	04Sad
/kaggle/working//train_aug_1956_1.wav	04Sad
/kaggle/working//train_aug_1956_2.wav	04Sad
/kaggle/working//train_aug_1956_3.wav	04Sad
/kaggle/working//train_aug_1957_0.wav	02Fearful
/kaggle/working//train_aug_1957_1.wav	02Fearful
/kaggle/working//train_aug_1957_2.wav	02Fearful
/kaggle/working//train_aug_1957_3.wav	02Fearful
/kaggle/working//train_aug_1958_0.wav	01Neutral
/kaggle/working//train_aug_1958_1.wav	01Neutral
/kaggle/working//train_aug_1958_2.wav	01Neutral
/kaggle/working//train_aug_1958_3.wav	01Neutral
/kaggle/working//train_aug_1959_0.wav	01Neutral
/kaggle/working//train_aug_1959_1.wav	01Neutral
/kaggle/working//train_aug_1959_2.wav	01Neutral
/kaggle/working//train_aug_1959_3.wav	01Neutral
/kaggle/working//train_aug_1960_0.wav	04Sad
/kaggle/working//train_aug_1960_1.wav	04Sad
/kaggle/working//train_aug_1960_2.wav	04Sad
/kaggle/working//train_aug_1960_3.wav	04Sad
/kaggle/working//train_aug_1961_0.wav	02Fearful
/kaggle/working//train_aug_1961_1.wav	02Fearful
/kaggle/working//train_aug_1961_2.wav	02Fearful
/kaggle/working//train_aug_1961_3.wav	02Fearful
/kaggle/working//train_aug_1962_0.wav	02Fearful
/kaggle/working//train_aug_1962_1.wav	02Fearful
/kaggle/working//train_aug_1962_2.wav	02Fearful
/kaggle/working//train_aug_1962_3.wav	02Fearful
/kaggle/working//train_aug_1963_0.wav	03Happy
/kaggle/working//train_aug_1963_1.wav	03Happy
/kaggle/working//train_aug_1963_2.wav	03Happy
/kaggle/working//train_aug_1963_3.wav	03Happy
/kaggle/working//train_aug_1964_0.wav	05Angry
/kaggle/working//train_aug_1964_1.wav	05Angry
/kaggle/working//train_aug_1964_2.wav	05Angry
/kaggle/working//train_aug_1964_3.wav	05Angry
/kaggle/working//train_aug_1965_0.wav	02Fearful
/kaggle/working//train_aug_1965_1.wav	02Fearful
/kaggle/working//train_aug_1965_2.wav	02Fearful
/kaggle/working//train_aug_1965_3.wav	02Fearful
/kaggle/working//train_aug_1966_0.wav	02Fearful
/kaggle/working//train_aug_1966_1.wav	02Fearful
/kaggle/working//train_aug_1966_2.wav	02Fearful
/kaggle/working//train_aug_1966_3.wav	02Fearful
/kaggle/working//train_aug_1967_0.wav	05Angry
/kaggle/working//train_aug_1967_1.wav	05Angry
/kaggle/working//train_aug_1967_2.wav	05Angry
/kaggle/working//train_aug_1967_3.wav	05Angry
/kaggle/working//train_aug_1968_0.wav	02Fearful
/kaggle/working//train_aug_1968_1.wav	02Fearful
/kaggle/working//train_aug_1968_2.wav	02Fearful
/kaggle/working//train_aug_1968_3.wav	02Fearful
/kaggle/working//train_aug_1969_0.wav	05Angry
/kaggle/working//train_aug_1969_1.wav	05Angry
/kaggle/working//train_aug_1969_2.wav	05Angry
/kaggle/working//train_aug_1969_3.wav	05Angry
/kaggle/working//train_aug_1970_0.wav	02Fearful
/kaggle/working//train_aug_1970_1.wav	02Fearful
/kaggle/working//train_aug_1970_2.wav	02Fearful
/kaggle/working//train_aug_1970_3.wav	02Fearful
/kaggle/working//train_aug_1971_0.wav	03Happy
/kaggle/working//train_aug_1971_1.wav	03Happy
/kaggle/working//train_aug_1971_2.wav	03Happy
/kaggle/working//train_aug_1971_3.wav	03Happy
/kaggle/working//train_aug_1972_0.wav	05Angry
/kaggle/working//train_aug_1972_1.wav	05Angry
/kaggle/working//train_aug_1972_2.wav	05Angry
/kaggle/working//train_aug_1972_3.wav	05Angry
/kaggle/working//train_aug_1973_0.wav	04Sad
/kaggle/working//train_aug_1973_1.wav	04Sad
/kaggle/working//train_aug_1973_2.wav	04Sad
/kaggle/working//train_aug_1973_3.wav	04Sad
/kaggle/working//train_aug_1974_0.wav	02Fearful
/kaggle/working//train_aug_1974_1.wav	02Fearful
/kaggle/working//train_aug_1974_2.wav	02Fearful
/kaggle/working//train_aug_1974_3.wav	02Fearful
/kaggle/working//train_aug_1975_0.wav	01Neutral
/kaggle/working//train_aug_1975_1.wav	01Neutral
/kaggle/working//train_aug_1975_2.wav	01Neutral
/kaggle/working//train_aug_1975_3.wav	01Neutral
/kaggle/working//train_aug_1976_0.wav	05Angry
/kaggle/working//train_aug_1976_1.wav	05Angry
/kaggle/working//train_aug_1976_2.wav	05Angry
/kaggle/working//train_aug_1976_3.wav	05Angry
/kaggle/working//train_aug_1977_0.wav	05Angry
/kaggle/working//train_aug_1977_1.wav	05Angry
/kaggle/working//train_aug_1977_2.wav	05Angry
/kaggle/working//train_aug_1977_3.wav	05Angry
/kaggle/working//train_aug_1978_0.wav	01Neutral
/kaggle/working//train_aug_1978_1.wav	01Neutral
/kaggle/working//train_aug_1978_2.wav	01Neutral
/kaggle/working//train_aug_1978_3.wav	01Neutral
/kaggle/working//train_aug_1979_0.wav	05Angry
/kaggle/working//train_aug_1979_1.wav	05Angry
/kaggle/working//train_aug_1979_2.wav	05Angry
/kaggle/working//train_aug_1979_3.wav	05Angry
/kaggle/working//train_aug_1980_0.wav	02Fearful
/kaggle/working//train_aug_1980_1.wav	02Fearful
/kaggle/working//train_aug_1980_2.wav	02Fearful
/kaggle/working//train_aug_1980_3.wav	02Fearful
/kaggle/working//train_aug_1981_0.wav	01Neutral
/kaggle/working//train_aug_1981_1.wav	01Neutral
/kaggle/working//train_aug_1981_2.wav	01Neutral
/kaggle/working//train_aug_1981_3.wav	01Neutral
/kaggle/working//train_aug_1982_0.wav	03Happy
/kaggle/working//train_aug_1982_1.wav	03Happy
/kaggle/working//train_aug_1982_2.wav	03Happy
/kaggle/working//train_aug_1982_3.wav	03Happy
/kaggle/working//train_aug_1983_0.wav	02Fearful
/kaggle/working//train_aug_1983_1.wav	02Fearful
/kaggle/working//train_aug_1983_2.wav	02Fearful
/kaggle/working//train_aug_1983_3.wav	02Fearful
/kaggle/working//train_aug_1984_0.wav	05Angry
/kaggle/working//train_aug_1984_1.wav	05Angry
/kaggle/working//train_aug_1984_2.wav	05Angry
/kaggle/working//train_aug_1984_3.wav	05Angry
/kaggle/working//train_aug_1985_0.wav	01Neutral
/kaggle/working//train_aug_1985_1.wav	01Neutral
/kaggle/working//train_aug_1985_2.wav	01Neutral
/kaggle/working//train_aug_1985_3.wav	01Neutral
/kaggle/working//train_aug_1986_0.wav	02Fearful
/kaggle/working//train_aug_1986_1.wav	02Fearful
/kaggle/working//train_aug_1986_2.wav	02Fearful
/kaggle/working//train_aug_1986_3.wav	02Fearful
/kaggle/working//train_aug_1987_0.wav	03Happy
/kaggle/working//train_aug_1987_1.wav	03Happy
/kaggle/working//train_aug_1987_2.wav	03Happy
/kaggle/working//train_aug_1987_3.wav	03Happy
/kaggle/working//train_aug_1988_0.wav	04Sad
/kaggle/working//train_aug_1988_1.wav	04Sad
/kaggle/working//train_aug_1988_2.wav	04Sad
/kaggle/working//train_aug_1988_3.wav	04Sad
/kaggle/working//train_aug_1989_0.wav	04Sad
/kaggle/working//train_aug_1989_1.wav	04Sad
/kaggle/working//train_aug_1989_2.wav	04Sad
/kaggle/working//train_aug_1989_3.wav	04Sad
/kaggle/working//train_aug_1990_0.wav	04Sad
/kaggle/working//train_aug_1990_1.wav	04Sad
/kaggle/working//train_aug_1990_2.wav	04Sad
/kaggle/working//train_aug_1990_3.wav	04Sad
/kaggle/working//train_aug_1991_0.wav	01Neutral
/kaggle/working//train_aug_1991_1.wav	01Neutral
/kaggle/working//train_aug_1991_2.wav	01Neutral
/kaggle/working//train_aug_1991_3.wav	01Neutral
/kaggle/working//train_aug_1992_0.wav	02Fearful
/kaggle/working//train_aug_1992_1.wav	02Fearful
/kaggle/working//train_aug_1992_2.wav	02Fearful
/kaggle/working//train_aug_1992_3.wav	02Fearful
/kaggle/working//train_aug_1993_0.wav	04Sad
/kaggle/working//train_aug_1993_1.wav	04Sad
/kaggle/working//train_aug_1993_2.wav	04Sad
/kaggle/working//train_aug_1993_3.wav	04Sad
/kaggle/working//train_aug_1994_0.wav	03Happy
/kaggle/working//train_aug_1994_1.wav	03Happy
/kaggle/working//train_aug_1994_2.wav	03Happy
/kaggle/working//train_aug_1994_3.wav	03Happy
/kaggle/working//train_aug_1995_0.wav	02Fearful
/kaggle/working//train_aug_1995_1.wav	02Fearful
/kaggle/working//train_aug_1995_2.wav	02Fearful
/kaggle/working//train_aug_1995_3.wav	02Fearful
/kaggle/working//train_aug_1996_0.wav	05Angry
/kaggle/working//train_aug_1996_1.wav	05Angry
/kaggle/working//train_aug_1996_2.wav	05Angry
/kaggle/working//train_aug_1996_3.wav	05Angry
/kaggle/working//train_aug_1997_0.wav	05Angry
/kaggle/working//train_aug_1997_1.wav	05Angry
/kaggle/working//train_aug_1997_2.wav	05Angry
/kaggle/working//train_aug_1997_3.wav	05Angry
/kaggle/working//train_aug_1998_0.wav	03Happy
/kaggle/working//train_aug_1998_1.wav	03Happy
/kaggle/working//train_aug_1998_2.wav	03Happy
/kaggle/working//train_aug_1998_3.wav	03Happy
/kaggle/working//train_aug_1999_0.wav	02Fearful
/kaggle/working//train_aug_1999_1.wav	02Fearful
/kaggle/working//train_aug_1999_2.wav	02Fearful
/kaggle/working//train_aug_1999_3.wav	02Fearful
/kaggle/working//train_aug_2000_0.wav	04Sad
/kaggle/working//train_aug_2000_1.wav	04Sad
/kaggle/working//train_aug_2000_2.wav	04Sad
/kaggle/working//train_aug_2000_3.wav	04Sad
/kaggle/working//train_aug_2001_0.wav	04Sad
/kaggle/working//train_aug_2001_1.wav	04Sad
/kaggle/working//train_aug_2001_2.wav	04Sad
/kaggle/working//train_aug_2001_3.wav	04Sad
/kaggle/working//train_aug_2002_0.wav	05Angry
/kaggle/working//train_aug_2002_1.wav	05Angry
/kaggle/working//train_aug_2002_2.wav	05Angry
/kaggle/working//train_aug_2002_3.wav	05Angry
